unit,cycle,regime_id
1,1,4
1,2,5
1,3,3
1,4,5
1,5,3
1,6,3
1,7,5
1,8,2
1,9,5
1,10,5
1,11,5
1,12,0
1,13,2
1,14,5
1,15,1
1,16,4
1,17,3
1,18,4
1,19,5
1,20,2
1,21,5
1,22,5
1,23,5
1,24,5
1,25,5
1,26,5
1,27,3
1,28,0
1,29,0
1,30,2
1,31,1
1,32,1
1,33,0
1,34,0
1,35,1
1,36,3
1,37,1
1,38,3
1,39,3
1,40,1
1,41,3
1,42,4
1,43,5
1,44,0
1,45,4
1,46,5
1,47,1
1,48,0
1,49,5
1,50,4
1,51,3
1,52,5
1,53,1
1,54,0
1,55,0
1,56,5
1,57,2
1,58,4
1,59,5
1,60,3
1,61,2
1,62,0
1,63,5
1,64,4
1,65,0
1,66,4
1,67,1
1,68,0
1,69,0
1,70,5
1,71,2
1,72,3
1,73,3
1,74,2
1,75,3
1,76,3
1,77,5
1,78,3
1,79,5
1,80,5
1,81,2
1,82,0
1,83,5
1,84,5
1,85,0
1,86,5
1,87,5
1,88,4
1,89,1
1,90,0
1,91,3
1,92,5
1,93,2
1,94,5
1,95,4
1,96,5
1,97,5
1,98,0
1,99,1
1,100,2
1,101,5
1,102,4
1,103,2
1,104,4
1,105,2
1,106,0
1,107,4
1,108,5
1,109,5
1,110,2
1,111,0
1,112,5
1,113,0
1,114,4
1,115,2
1,116,3
1,117,3
1,118,4
1,119,3
1,120,4
1,121,1
1,122,0
1,123,2
1,124,5
1,125,5
1,126,1
1,127,1
1,128,0
1,129,1
1,130,5
1,131,3
1,132,2
1,133,5
1,134,4
1,135,1
1,136,2
1,137,2
1,138,1
1,139,5
1,140,4
1,141,4
1,142,2
1,143,4
1,144,0
1,145,4
1,146,1
1,147,3
1,148,0
1,149,5
2,1,0
2,2,4
2,3,0
2,4,5
2,5,0
2,6,2
2,7,1
2,8,0
2,9,1
2,10,3
2,11,1
2,12,5
2,13,5
2,14,0
2,15,5
2,16,0
2,17,1
2,18,5
2,19,4
2,20,4
2,21,5
2,22,5
2,23,4
2,24,2
2,25,5
2,26,5
2,27,3
2,28,5
2,29,0
2,30,5
2,31,2
2,32,5
2,33,2
2,34,0
2,35,0
2,36,5
2,37,2
2,38,2
2,39,1
2,40,4
2,41,5
2,42,5
2,43,4
2,44,2
2,45,2
2,46,0
2,47,4
2,48,3
2,49,0
2,50,0
2,51,0
2,52,3
2,53,1
2,54,3
2,55,2
2,56,1
2,57,2
2,58,5
2,59,0
2,60,2
2,61,5
2,62,5
2,63,4
2,64,3
2,65,3
2,66,5
2,67,3
2,68,2
2,69,3
2,70,3
2,71,5
2,72,2
2,73,0
2,74,2
2,75,4
2,76,2
2,77,1
2,78,2
2,79,0
2,80,0
2,81,5
2,82,1
2,83,4
2,84,3
2,85,2
2,86,0
2,87,5
2,88,3
2,89,3
2,90,5
2,91,3
2,92,5
2,93,1
2,94,5
2,95,1
2,96,3
2,97,3
2,98,0
2,99,2
2,100,4
2,101,1
2,102,0
2,103,5
2,104,0
2,105,4
2,106,2
2,107,0
2,108,1
2,109,4
2,110,3
2,111,5
2,112,1
2,113,1
2,114,3
2,115,5
2,116,4
2,117,5
2,118,3
2,119,3
2,120,3
2,121,3
2,122,1
2,123,5
2,124,1
2,125,2
2,126,3
2,127,2
2,128,2
2,129,5
2,130,5
2,131,3
2,132,2
2,133,4
2,134,5
2,135,2
2,136,5
2,137,4
2,138,4
2,139,0
2,140,2
2,141,5
2,142,4
2,143,2
2,144,0
2,145,4
2,146,4
2,147,5
2,148,3
2,149,3
2,150,4
2,151,2
2,152,2
2,153,5
2,154,4
2,155,3
2,156,5
2,157,5
2,158,2
2,159,1
2,160,5
2,161,0
2,162,2
2,163,1
2,164,2
2,165,0
2,166,3
2,167,0
2,168,5
2,169,4
2,170,5
2,171,2
2,172,3
2,173,2
2,174,5
2,175,5
2,176,5
2,177,3
2,178,1
2,179,4
2,180,5
2,181,0
2,182,4
2,183,1
2,184,4
2,185,0
2,186,4
2,187,2
2,188,2
2,189,3
2,190,1
2,191,5
2,192,5
2,193,5
2,194,1
2,195,0
2,196,5
2,197,4
2,198,1
2,199,5
2,200,0
2,201,4
2,202,1
2,203,2
2,204,4
2,205,5
2,206,2
2,207,1
2,208,5
2,209,3
2,210,1
2,211,4
2,212,4
2,213,4
2,214,2
2,215,0
2,216,1
2,217,2
2,218,5
2,219,0
2,220,3
2,221,3
2,222,5
2,223,1
2,224,5
2,225,4
2,226,0
2,227,1
2,228,4
2,229,2
2,230,5
2,231,5
2,232,5
2,233,4
2,234,1
2,235,4
2,236,4
2,237,5
2,238,3
2,239,5
2,240,5
2,241,2
2,242,5
2,243,3
2,244,5
2,245,2
2,246,4
2,247,0
2,248,3
2,249,1
2,250,5
2,251,4
2,252,2
2,253,3
2,254,4
2,255,3
2,256,2
2,257,1
2,258,1
2,259,5
2,260,0
2,261,1
2,262,0
2,263,5
2,264,3
2,265,1
2,266,0
2,267,3
2,268,3
2,269,5
3,1,3
3,2,3
3,3,2
3,4,1
3,5,3
3,6,0
3,7,2
3,8,3
3,9,1
3,10,5
3,11,2
3,12,0
3,13,2
3,14,5
3,15,5
3,16,5
3,17,2
3,18,3
3,19,4
3,20,2
3,21,3
3,22,5
3,23,5
3,24,1
3,25,4
3,26,1
3,27,3
3,28,1
3,29,5
3,30,1
3,31,1
3,32,4
3,33,3
3,34,5
3,35,2
3,36,1
3,37,5
3,38,3
3,39,1
3,40,5
3,41,3
3,42,4
3,43,4
3,44,1
3,45,1
3,46,5
3,47,4
3,48,0
3,49,2
3,50,1
3,51,5
3,52,4
3,53,1
3,54,4
3,55,5
3,56,1
3,57,4
3,58,2
3,59,5
3,60,1
3,61,2
3,62,5
3,63,4
3,64,0
3,65,5
3,66,0
3,67,4
3,68,5
3,69,2
3,70,3
3,71,5
3,72,4
3,73,1
3,74,5
3,75,5
3,76,1
3,77,0
3,78,2
3,79,5
3,80,5
3,81,4
3,82,5
3,83,5
3,84,0
3,85,4
3,86,5
3,87,4
3,88,2
3,89,4
3,90,5
3,91,2
3,92,5
3,93,0
3,94,2
3,95,5
3,96,2
3,97,1
3,98,1
3,99,1
3,100,5
3,101,1
3,102,1
3,103,3
3,104,4
3,105,5
3,106,4
3,107,5
3,108,5
3,109,0
3,110,0
3,111,3
3,112,1
3,113,4
3,114,5
3,115,0
3,116,2
3,117,5
3,118,5
3,119,3
3,120,5
3,121,4
3,122,0
3,123,4
3,124,4
3,125,2
3,126,4
3,127,3
3,128,3
3,129,1
3,130,2
3,131,4
3,132,2
3,133,2
3,134,2
3,135,5
3,136,4
3,137,1
3,138,3
3,139,5
3,140,5
3,141,2
3,142,2
3,143,3
3,144,1
3,145,1
3,146,0
3,147,5
3,148,3
3,149,2
3,150,0
3,151,5
3,152,3
3,153,2
3,154,0
3,155,3
3,156,3
3,157,4
3,158,5
3,159,4
3,160,0
3,161,0
3,162,5
3,163,4
3,164,3
3,165,5
3,166,1
3,167,5
3,168,2
3,169,4
3,170,3
3,171,0
3,172,4
3,173,5
3,174,0
3,175,3
3,176,5
3,177,4
3,178,4
3,179,3
3,180,0
3,181,5
3,182,0
3,183,2
3,184,2
3,185,2
3,186,1
3,187,4
3,188,4
3,189,4
3,190,2
3,191,2
3,192,2
3,193,1
3,194,2
3,195,3
3,196,2
3,197,4
3,198,0
3,199,0
3,200,5
3,201,1
3,202,4
3,203,3
3,204,0
3,205,2
3,206,5
4,1,5
4,2,0
4,3,2
4,4,5
4,5,5
4,6,2
4,7,0
4,8,5
4,9,0
4,10,0
4,11,2
4,12,5
4,13,5
4,14,5
4,15,5
4,16,1
4,17,5
4,18,5
4,19,5
4,20,5
4,21,3
4,22,1
4,23,1
4,24,0
4,25,2
4,26,2
4,27,0
4,28,2
4,29,5
4,30,4
4,31,1
4,32,4
4,33,3
4,34,0
4,35,1
4,36,4
4,37,5
4,38,0
4,39,0
4,40,1
4,41,4
4,42,2
4,43,3
4,44,2
4,45,2
4,46,5
4,47,0
4,48,5
4,49,0
4,50,5
4,51,4
4,52,5
4,53,2
4,54,3
4,55,3
4,56,1
4,57,4
4,58,4
4,59,2
4,60,2
4,61,0
4,62,3
4,63,5
4,64,0
4,65,1
4,66,2
4,67,4
4,68,5
4,69,1
4,70,5
4,71,4
4,72,1
4,73,1
4,74,0
4,75,3
4,76,3
4,77,2
4,78,5
4,79,5
4,80,2
4,81,3
4,82,2
4,83,1
4,84,0
4,85,5
4,86,3
4,87,3
4,88,4
4,89,1
4,90,0
4,91,1
4,92,5
4,93,5
4,94,1
4,95,5
4,96,5
4,97,2
4,98,5
4,99,4
4,100,4
4,101,5
4,102,0
4,103,1
4,104,0
4,105,3
4,106,2
4,107,5
4,108,3
4,109,5
4,110,5
4,111,3
4,112,4
4,113,4
4,114,4
4,115,2
4,116,2
4,117,4
4,118,0
4,119,0
4,120,5
4,121,4
4,122,5
4,123,5
4,124,3
4,125,0
4,126,4
4,127,3
4,128,2
4,129,5
4,130,4
4,131,4
4,132,3
4,133,4
4,134,0
4,135,1
4,136,2
4,137,5
4,138,2
4,139,1
4,140,5
4,141,5
4,142,5
4,143,5
4,144,0
4,145,4
4,146,3
4,147,2
4,148,0
4,149,3
4,150,5
4,151,3
4,152,5
4,153,5
4,154,2
4,155,2
4,156,1
4,157,1
4,158,5
4,159,1
4,160,4
4,161,4
4,162,3
4,163,4
4,164,4
4,165,5
4,166,4
4,167,3
4,168,1
4,169,4
4,170,5
4,171,2
4,172,5
4,173,2
4,174,5
4,175,5
4,176,5
4,177,4
4,178,2
4,179,2
4,180,5
4,181,5
4,182,0
4,183,4
4,184,3
4,185,4
4,186,4
4,187,1
4,188,1
4,189,2
4,190,1
4,191,0
4,192,5
4,193,4
4,194,2
4,195,0
4,196,2
4,197,4
4,198,1
4,199,5
4,200,0
4,201,5
4,202,1
4,203,4
4,204,3
4,205,3
4,206,2
4,207,0
4,208,2
4,209,0
4,210,5
4,211,3
4,212,4
4,213,0
4,214,1
4,215,0
4,216,2
4,217,5
4,218,0
4,219,0
4,220,5
4,221,5
4,222,3
4,223,4
4,224,3
4,225,3
4,226,0
4,227,3
4,228,3
4,229,0
4,230,3
4,231,0
4,232,1
4,233,1
4,234,1
4,235,0
5,1,4
5,2,4
5,3,4
5,4,2
5,5,1
5,6,5
5,7,5
5,8,2
5,9,5
5,10,3
5,11,1
5,12,3
5,13,0
5,14,5
5,15,0
5,16,1
5,17,3
5,18,0
5,19,2
5,20,4
5,21,0
5,22,4
5,23,0
5,24,2
5,25,1
5,26,1
5,27,4
5,28,1
5,29,5
5,30,3
5,31,1
5,32,3
5,33,5
5,34,5
5,35,5
5,36,1
5,37,3
5,38,3
5,39,3
5,40,5
5,41,1
5,42,2
5,43,5
5,44,2
5,45,1
5,46,1
5,47,5
5,48,5
5,49,3
5,50,4
5,51,3
5,52,3
5,53,4
5,54,5
5,55,5
5,56,3
5,57,3
5,58,4
5,59,5
5,60,2
5,61,1
5,62,5
5,63,2
5,64,3
5,65,1
5,66,0
5,67,1
5,68,3
5,69,3
5,70,4
5,71,0
5,72,1
5,73,5
5,74,1
5,75,0
5,76,2
5,77,1
5,78,2
5,79,0
5,80,4
5,81,5
5,82,3
5,83,3
5,84,1
5,85,4
5,86,0
5,87,2
5,88,4
5,89,1
5,90,3
5,91,4
5,92,0
5,93,3
5,94,4
5,95,1
5,96,2
5,97,5
5,98,5
5,99,4
5,100,3
5,101,4
5,102,4
5,103,5
5,104,0
5,105,2
5,106,5
5,107,5
5,108,0
5,109,4
5,110,4
5,111,4
5,112,5
5,113,4
5,114,2
5,115,2
5,116,3
5,117,1
5,118,2
5,119,3
5,120,1
5,121,2
5,122,2
5,123,5
5,124,4
5,125,5
5,126,3
5,127,4
5,128,1
5,129,0
5,130,4
5,131,0
5,132,2
5,133,5
5,134,0
5,135,2
5,136,4
5,137,5
5,138,0
5,139,5
5,140,4
5,141,0
5,142,3
5,143,5
5,144,3
5,145,1
5,146,5
5,147,1
5,148,5
5,149,2
5,150,4
5,151,1
5,152,1
5,153,3
5,154,5
6,1,2
6,2,5
6,3,3
6,4,3
6,5,5
6,6,5
6,7,1
6,8,1
6,9,0
6,10,4
6,11,0
6,12,0
6,13,0
6,14,2
6,15,3
6,16,4
6,17,4
6,18,3
6,19,1
6,20,2
6,21,2
6,22,1
6,23,2
6,24,2
6,25,1
6,26,1
6,27,2
6,28,1
6,29,3
6,30,1
6,31,0
6,32,2
6,33,4
6,34,4
6,35,5
6,36,2
6,37,2
6,38,5
6,39,4
6,40,3
6,41,1
6,42,3
6,43,4
6,44,1
6,45,5
6,46,4
6,47,5
6,48,0
6,49,4
6,50,0
6,51,0
6,52,5
6,53,1
6,54,1
6,55,2
6,56,5
6,57,3
6,58,3
6,59,1
6,60,3
6,61,4
6,62,0
6,63,1
6,64,1
6,65,0
6,66,4
6,67,4
6,68,1
6,69,0
6,70,3
6,71,3
6,72,2
6,73,0
6,74,5
6,75,1
6,76,2
6,77,2
6,78,5
6,79,2
6,80,0
6,81,2
6,82,5
6,83,4
6,84,2
6,85,5
6,86,3
6,87,3
6,88,2
6,89,5
6,90,5
6,91,4
6,92,3
6,93,3
6,94,0
6,95,0
6,96,5
6,97,4
6,98,0
6,99,5
6,100,5
6,101,1
6,102,4
6,103,3
6,104,4
6,105,5
6,106,1
6,107,5
6,108,3
6,109,5
6,110,3
6,111,5
6,112,2
6,113,3
6,114,5
6,115,4
6,116,5
6,117,5
6,118,5
6,119,0
6,120,0
6,121,5
6,122,5
6,123,1
6,124,5
6,125,3
6,126,0
6,127,1
6,128,5
6,129,0
6,130,5
6,131,2
6,132,5
6,133,1
6,134,2
6,135,0
6,136,4
6,137,0
6,138,4
6,139,5
6,140,0
6,141,0
6,142,5
6,143,3
6,144,5
6,145,5
6,146,5
6,147,0
6,148,3
6,149,5
6,150,5
6,151,1
6,152,4
6,153,4
6,154,4
6,155,2
6,156,4
6,157,5
6,158,0
6,159,4
6,160,4
6,161,1
6,162,2
6,163,0
6,164,4
6,165,0
6,166,2
6,167,5
6,168,3
6,169,2
6,170,4
6,171,5
6,172,5
6,173,4
6,174,5
6,175,5
7,1,1
7,2,3
7,3,5
7,4,5
7,5,4
7,6,1
7,7,2
7,8,5
7,9,5
7,10,2
7,11,5
7,12,1
7,13,2
7,14,5
7,15,1
7,16,3
7,17,5
7,18,2
7,19,5
7,20,2
7,21,4
7,22,5
7,23,1
7,24,3
7,25,5
7,26,2
7,27,5
7,28,1
7,29,2
7,30,3
7,31,2
7,32,3
7,33,0
7,34,2
7,35,5
7,36,5
7,37,1
7,38,5
7,39,3
7,40,3
7,41,5
7,42,5
7,43,4
7,44,0
7,45,5
7,46,4
7,47,3
7,48,3
7,49,4
7,50,0
7,51,4
7,52,1
7,53,4
7,54,5
7,55,5
7,56,0
7,57,0
7,58,2
7,59,0
7,60,0
7,61,5
7,62,2
7,63,0
7,64,1
7,65,1
7,66,5
7,67,2
7,68,4
7,69,4
7,70,3
7,71,0
7,72,5
7,73,5
7,74,2
7,75,4
7,76,2
7,77,5
7,78,3
7,79,0
7,80,0
7,81,2
7,82,3
7,83,1
7,84,2
7,85,5
7,86,2
7,87,3
7,88,2
7,89,0
7,90,5
7,91,4
7,92,5
7,93,2
7,94,4
7,95,3
7,96,2
7,97,1
7,98,1
7,99,2
7,100,5
7,101,5
7,102,1
7,103,2
7,104,4
7,105,4
7,106,3
7,107,2
7,108,1
7,109,3
7,110,2
7,111,4
7,112,5
7,113,2
7,114,0
7,115,3
7,116,2
7,117,3
7,118,0
7,119,1
7,120,2
7,121,1
7,122,4
7,123,5
7,124,5
7,125,1
7,126,1
7,127,1
7,128,5
7,129,3
7,130,3
7,131,0
7,132,1
7,133,3
7,134,2
7,135,2
7,136,5
7,137,0
7,138,5
7,139,4
7,140,1
7,141,5
7,142,5
7,143,5
7,144,2
7,145,2
7,146,3
7,147,1
7,148,0
7,149,2
7,150,3
7,151,0
7,152,2
7,153,1
7,154,3
7,155,1
7,156,2
7,157,4
7,158,1
7,159,4
7,160,1
7,161,0
7,162,1
7,163,3
7,164,5
7,165,0
7,166,3
7,167,1
7,168,2
7,169,2
7,170,0
7,171,4
7,172,0
7,173,1
7,174,5
8,1,5
8,2,4
8,3,3
8,4,1
8,5,1
8,6,4
8,7,3
8,8,1
8,9,4
8,10,5
8,11,3
8,12,3
8,13,2
8,14,3
8,15,4
8,16,3
8,17,1
8,18,5
8,19,3
8,20,0
8,21,5
8,22,5
8,23,3
8,24,1
8,25,0
8,26,5
8,27,5
8,28,1
8,29,1
8,30,1
8,31,1
8,32,5
8,33,2
8,34,0
8,35,0
8,36,2
8,37,5
8,38,2
8,39,5
8,40,4
8,41,4
8,42,0
8,43,5
8,44,0
8,45,4
8,46,4
8,47,5
8,48,5
8,49,1
8,50,1
8,51,4
8,52,4
8,53,1
8,54,2
8,55,0
8,56,1
8,57,4
8,58,3
8,59,2
8,60,5
8,61,2
8,62,3
8,63,0
8,64,4
8,65,0
8,66,0
8,67,5
8,68,1
8,69,2
8,70,1
8,71,5
8,72,5
8,73,5
8,74,3
8,75,4
8,76,5
8,77,3
8,78,1
8,79,2
8,80,1
8,81,0
8,82,5
8,83,5
8,84,2
8,85,2
8,86,0
8,87,0
8,88,5
8,89,1
8,90,3
8,91,2
8,92,3
8,93,0
8,94,4
8,95,2
8,96,4
8,97,0
8,98,2
8,99,1
8,100,5
8,101,1
8,102,5
8,103,4
8,104,5
8,105,1
8,106,3
8,107,2
8,108,3
8,109,3
8,110,4
8,111,1
8,112,5
8,113,2
8,114,0
8,115,5
8,116,0
8,117,3
8,118,1
8,119,5
8,120,4
8,121,4
8,122,1
8,123,5
8,124,2
8,125,2
8,126,2
8,127,2
8,128,5
8,129,0
8,130,3
8,131,3
8,132,5
8,133,2
8,134,1
8,135,2
8,136,4
8,137,0
8,138,0
8,139,3
8,140,4
8,141,0
8,142,5
8,143,5
8,144,4
8,145,1
8,146,1
8,147,1
8,148,4
8,149,0
8,150,3
8,151,3
9,1,4
9,2,1
9,3,1
9,4,1
9,5,0
9,6,5
9,7,4
9,8,5
9,9,3
9,10,4
9,11,3
9,12,0
9,13,5
9,14,0
9,15,5
9,16,5
9,17,2
9,18,1
9,19,0
9,20,5
9,21,0
9,22,2
9,23,3
9,24,3
9,25,5
9,26,5
9,27,5
9,28,0
9,29,4
9,30,1
9,31,2
9,32,5
9,33,0
9,34,0
9,35,2
9,36,0
9,37,5
9,38,1
9,39,3
9,40,0
9,41,3
9,42,5
9,43,2
9,44,4
9,45,4
9,46,1
9,47,1
9,48,3
9,49,1
9,50,4
9,51,5
9,52,3
9,53,0
9,54,0
9,55,0
9,56,5
9,57,5
9,58,2
9,59,4
9,60,5
9,61,1
9,62,1
9,63,5
9,64,0
9,65,0
9,66,3
9,67,3
9,68,0
9,69,5
9,70,2
9,71,0
9,72,0
9,73,5
9,74,0
9,75,3
9,76,2
9,77,2
9,78,5
9,79,4
9,80,0
9,81,3
9,82,5
9,83,5
9,84,5
9,85,2
9,86,3
9,87,5
9,88,0
9,89,2
9,90,5
9,91,2
9,92,0
9,93,5
9,94,3
9,95,4
9,96,0
9,97,5
9,98,4
9,99,5
9,100,0
9,101,5
9,102,5
9,103,4
9,104,3
9,105,0
9,106,0
9,107,3
9,108,3
9,109,5
9,110,0
9,111,5
9,112,3
9,113,1
9,114,3
9,115,3
9,116,5
9,117,5
9,118,3
9,119,5
9,120,2
9,121,3
9,122,4
9,123,1
9,124,5
9,125,2
9,126,0
9,127,3
9,128,4
9,129,0
9,130,3
9,131,5
9,132,4
9,133,4
9,134,2
9,135,2
9,136,2
9,137,3
9,138,4
9,139,1
9,140,5
9,141,3
9,142,0
9,143,2
9,144,1
9,145,5
9,146,4
9,147,3
9,148,1
9,149,1
9,150,0
9,151,2
9,152,4
9,153,2
9,154,5
9,155,3
9,156,2
9,157,1
9,158,3
9,159,1
9,160,4
9,161,2
9,162,2
9,163,5
9,164,4
9,165,3
9,166,5
9,167,5
9,168,3
9,169,4
9,170,0
9,171,1
9,172,1
9,173,2
9,174,1
9,175,0
9,176,4
9,177,5
9,178,4
9,179,3
9,180,1
9,181,5
9,182,2
9,183,0
9,184,0
9,185,1
9,186,5
9,187,4
9,188,0
9,189,0
9,190,2
9,191,5
9,192,4
9,193,2
9,194,3
9,195,5
9,196,1
9,197,5
9,198,2
9,199,1
10,1,5
10,2,5
10,3,2
10,4,1
10,5,1
10,6,1
10,7,5
10,8,3
10,9,2
10,10,2
10,11,4
10,12,3
10,13,1
10,14,5
10,15,4
10,16,0
10,17,0
10,18,0
10,19,3
10,20,5
10,21,4
10,22,4
10,23,2
10,24,3
10,25,1
10,26,2
10,27,4
10,28,0
10,29,1
10,30,3
10,31,3
10,32,5
10,33,4
10,34,3
10,35,0
10,36,2
10,37,5
10,38,3
10,39,4
10,40,5
10,41,4
10,42,2
10,43,2
10,44,5
10,45,3
10,46,3
10,47,2
10,48,4
10,49,5
10,50,3
10,51,0
10,52,3
10,53,5
10,54,2
10,55,4
10,56,5
10,57,4
10,58,3
10,59,3
10,60,4
10,61,2
10,62,5
10,63,3
10,64,2
10,65,3
10,66,3
10,67,5
10,68,4
10,69,5
10,70,0
10,71,1
10,72,5
10,73,5
10,74,2
10,75,5
10,76,3
10,77,4
10,78,4
10,79,1
10,80,3
10,81,5
10,82,3
10,83,3
10,84,4
10,85,5
10,86,5
10,87,5
10,88,4
10,89,3
10,90,3
10,91,5
10,92,5
10,93,0
10,94,5
10,95,5
10,96,3
10,97,2
10,98,3
10,99,2
10,100,5
10,101,5
10,102,3
10,103,3
10,104,5
10,105,2
10,106,5
10,107,2
10,108,4
10,109,0
10,110,4
10,111,4
10,112,3
10,113,2
10,114,0
10,115,2
10,116,4
10,117,1
10,118,1
10,119,2
10,120,3
10,121,4
10,122,4
10,123,2
10,124,2
10,125,0
10,126,0
10,127,5
10,128,1
10,129,5
10,130,2
10,131,2
10,132,4
10,133,1
10,134,0
10,135,5
10,136,2
10,137,0
10,138,3
10,139,3
10,140,2
10,141,4
10,142,5
10,143,3
10,144,4
10,145,3
10,146,0
10,147,5
10,148,0
10,149,3
10,150,0
10,151,2
10,152,0
10,153,2
10,154,3
10,155,1
10,156,0
10,157,5
10,158,5
10,159,5
10,160,5
10,161,2
10,162,2
10,163,5
10,164,5
10,165,5
10,166,5
10,167,4
10,168,2
10,169,2
10,170,5
10,171,2
10,172,2
10,173,2
10,174,1
10,175,0
10,176,3
10,177,5
10,178,0
10,179,4
10,180,3
10,181,4
10,182,3
10,183,2
10,184,0
11,1,2
11,2,1
11,3,3
11,4,4
11,5,0
11,6,1
11,7,4
11,8,4
11,9,4
11,10,3
11,11,0
11,12,1
11,13,1
11,14,1
11,15,5
11,16,4
11,17,0
11,18,3
11,19,3
11,20,5
11,21,5
11,22,2
11,23,5
11,24,1
11,25,5
11,26,0
11,27,4
11,28,0
11,29,2
11,30,3
11,31,5
11,32,0
11,33,2
11,34,0
11,35,4
11,36,4
11,37,1
11,38,2
11,39,5
11,40,4
11,41,1
11,42,5
11,43,5
11,44,5
11,45,5
11,46,5
11,47,0
11,48,2
11,49,1
11,50,1
11,51,4
11,52,3
11,53,5
11,54,5
11,55,5
11,56,4
11,57,0
11,58,3
11,59,3
11,60,0
11,61,4
11,62,5
11,63,3
11,64,2
11,65,5
11,66,4
11,67,3
11,68,5
11,69,4
11,70,0
11,71,2
11,72,2
11,73,5
11,74,4
11,75,1
11,76,4
11,77,5
11,78,4
11,79,1
11,80,5
11,81,0
11,82,2
11,83,1
11,84,3
11,85,1
11,86,0
11,87,5
11,88,2
11,89,5
11,90,2
11,91,5
11,92,3
11,93,3
11,94,5
11,95,3
11,96,4
11,97,4
11,98,5
11,99,3
11,100,4
11,101,3
11,102,4
11,103,4
11,104,2
11,105,0
11,106,0
11,107,5
11,108,0
11,109,4
11,110,5
11,111,1
11,112,1
11,113,2
11,114,5
11,115,5
11,116,4
11,117,2
11,118,2
11,119,2
11,120,1
11,121,4
11,122,3
11,123,2
11,124,3
11,125,3
11,126,2
11,127,5
11,128,5
11,129,4
11,130,0
11,131,4
11,132,0
11,133,3
11,134,4
11,135,3
11,136,5
11,137,5
11,138,5
11,139,3
11,140,4
11,141,2
11,142,4
11,143,4
11,144,1
11,145,2
11,146,3
11,147,3
11,148,1
11,149,4
11,150,3
11,151,5
11,152,0
11,153,1
11,154,1
11,155,0
11,156,4
11,157,0
11,158,5
11,159,2
11,160,4
11,161,1
11,162,1
11,163,5
11,164,5
11,165,3
11,166,5
11,167,5
11,168,1
11,169,4
11,170,1
11,171,1
11,172,2
11,173,3
11,174,2
11,175,3
11,176,5
11,177,4
11,178,5
11,179,3
11,180,3
11,181,0
11,182,5
11,183,0
11,184,5
11,185,3
11,186,1
11,187,3
11,188,3
11,189,4
11,190,5
11,191,5
11,192,2
11,193,4
11,194,5
11,195,1
11,196,4
11,197,5
11,198,3
11,199,2
11,200,5
11,201,5
11,202,2
11,203,4
11,204,4
11,205,2
11,206,1
11,207,5
11,208,2
11,209,2
11,210,3
11,211,3
11,212,5
11,213,0
11,214,4
11,215,3
11,216,4
11,217,4
11,218,3
11,219,2
11,220,0
11,221,0
11,222,2
11,223,2
11,224,5
11,225,2
11,226,5
11,227,2
11,228,5
11,229,2
11,230,0
11,231,5
11,232,0
11,233,5
11,234,0
11,235,1
11,236,0
11,237,1
11,238,1
11,239,3
11,240,3
11,241,5
11,242,2
11,243,0
11,244,0
11,245,5
11,246,0
11,247,2
11,248,2
11,249,4
11,250,0
11,251,2
11,252,5
11,253,1
11,254,2
11,255,2
11,256,3
11,257,3
11,258,2
11,259,5
11,260,5
11,261,2
11,262,5
11,263,5
11,264,5
11,265,1
11,266,0
11,267,1
11,268,2
11,269,5
11,270,3
11,271,5
12,1,5
12,2,2
12,3,4
12,4,5
12,5,5
12,6,3
12,7,5
12,8,4
12,9,2
12,10,5
12,11,1
12,12,5
12,13,0
12,14,2
12,15,5
12,16,5
12,17,1
12,18,3
12,19,2
12,20,3
12,21,4
12,22,2
12,23,2
12,24,4
12,25,5
12,26,0
12,27,0
12,28,2
12,29,3
12,30,5
12,31,2
12,32,5
12,33,0
12,34,0
12,35,2
12,36,5
12,37,3
12,38,1
12,39,3
12,40,4
12,41,1
12,42,5
12,43,5
12,44,0
12,45,1
12,46,5
12,47,5
12,48,5
12,49,0
12,50,1
12,51,2
12,52,0
12,53,1
12,54,5
12,55,4
12,56,5
12,57,0
12,58,3
12,59,3
12,60,0
12,61,3
12,62,3
12,63,0
12,64,2
12,65,2
12,66,4
12,67,0
12,68,4
12,69,4
12,70,5
12,71,4
12,72,3
12,73,1
12,74,1
12,75,3
12,76,1
12,77,5
12,78,1
12,79,3
12,80,5
12,81,2
12,82,5
12,83,4
12,84,0
12,85,4
12,86,1
12,87,4
12,88,4
12,89,4
12,90,4
12,91,2
12,92,4
12,93,2
12,94,5
12,95,1
12,96,3
12,97,2
12,98,4
12,99,4
12,100,5
12,101,2
12,102,0
12,103,1
12,104,2
12,105,5
12,106,0
12,107,1
12,108,4
12,109,0
12,110,1
12,111,5
12,112,0
12,113,5
12,114,5
12,115,0
12,116,4
12,117,0
12,118,0
12,119,3
12,120,0
12,121,4
12,122,0
12,123,4
12,124,5
12,125,0
12,126,4
12,127,5
12,128,3
12,129,2
12,130,1
12,131,3
12,132,0
12,133,2
12,134,0
12,135,3
12,136,0
12,137,3
12,138,3
12,139,2
12,140,4
12,141,3
12,142,5
12,143,1
12,144,3
12,145,4
12,146,5
12,147,4
12,148,3
12,149,2
12,150,0
12,151,1
12,152,1
12,153,4
12,154,0
12,155,5
12,156,2
12,157,4
12,158,5
12,159,3
12,160,1
12,161,5
12,162,0
12,163,5
12,164,2
12,165,1
12,166,3
12,167,5
12,168,5
12,169,0
12,170,5
12,171,3
12,172,1
12,173,1
12,174,5
12,175,5
12,176,1
12,177,1
12,178,0
12,179,2
12,180,5
12,181,5
12,182,5
12,183,0
12,184,3
12,185,1
12,186,5
12,187,2
12,188,4
12,189,3
12,190,2
12,191,3
12,192,2
12,193,3
12,194,3
12,195,4
12,196,4
12,197,5
12,198,5
12,199,5
12,200,2
12,201,2
12,202,5
12,203,0
12,204,5
12,205,0
12,206,5
12,207,4
12,208,4
12,209,2
12,210,2
12,211,2
12,212,1
12,213,1
12,214,1
12,215,4
12,216,0
12,217,2
12,218,2
12,219,0
12,220,3
12,221,5
12,222,5
12,223,3
12,224,0
12,225,1
12,226,3
12,227,1
12,228,1
12,229,1
12,230,1
12,231,1
12,232,5
12,233,0
12,234,3
12,235,5
12,236,0
12,237,3
12,238,1
12,239,5
12,240,2
12,241,5
12,242,5
12,243,4
12,244,0
12,245,3
12,246,2
12,247,2
12,248,4
12,249,1
13,1,1
13,2,4
13,3,1
13,4,3
13,5,0
13,6,3
13,7,4
13,8,0
13,9,2
13,10,2
13,11,4
13,12,3
13,13,4
13,14,1
13,15,2
13,16,5
13,17,4
13,18,5
13,19,4
13,20,1
13,21,5
13,22,0
13,23,3
13,24,5
13,25,1
13,26,3
13,27,5
13,28,5
13,29,5
13,30,2
13,31,0
13,32,5
13,33,3
13,34,3
13,35,1
13,36,4
13,37,0
13,38,1
13,39,5
13,40,2
13,41,5
13,42,1
13,43,5
13,44,5
13,45,0
13,46,2
13,47,1
13,48,2
13,49,3
13,50,4
13,51,4
13,52,0
13,53,2
13,54,4
13,55,3
13,56,0
13,57,0
13,58,2
13,59,0
13,60,4
13,61,2
13,62,4
13,63,0
13,64,5
13,65,0
13,66,4
13,67,3
13,68,3
13,69,2
13,70,0
13,71,0
13,72,0
13,73,3
13,74,2
13,75,2
13,76,4
13,77,4
13,78,5
13,79,5
13,80,5
13,81,0
13,82,3
13,83,5
13,84,0
13,85,0
13,86,1
13,87,2
13,88,4
13,89,2
13,90,4
13,91,3
13,92,0
13,93,2
13,94,4
13,95,5
13,96,3
13,97,0
13,98,1
13,99,5
13,100,4
13,101,1
13,102,0
13,103,5
13,104,3
13,105,5
13,106,5
13,107,1
13,108,3
13,109,5
13,110,1
13,111,0
13,112,1
13,113,0
13,114,1
13,115,2
13,116,4
13,117,5
13,118,3
13,119,2
13,120,2
13,121,2
13,122,1
13,123,4
13,124,2
13,125,5
13,126,0
13,127,0
13,128,5
13,129,2
13,130,0
13,131,2
13,132,0
13,133,0
13,134,5
13,135,1
13,136,1
13,137,2
13,138,0
13,139,2
13,140,2
13,141,3
13,142,3
13,143,4
13,144,1
13,145,2
13,146,3
13,147,0
13,148,5
13,149,2
13,150,3
13,151,2
13,152,4
13,153,3
13,154,1
13,155,2
13,156,1
13,157,5
13,158,1
13,159,3
13,160,5
13,161,4
13,162,3
13,163,5
13,164,1
13,165,1
13,166,5
13,167,5
13,168,3
13,169,3
13,170,3
13,171,1
13,172,0
13,173,3
13,174,0
13,175,1
13,176,3
13,177,5
13,178,3
13,179,1
13,180,3
13,181,5
13,182,5
13,183,5
13,184,4
13,185,2
13,186,0
13,187,5
13,188,5
13,189,4
13,190,2
13,191,3
13,192,0
13,193,3
13,194,3
13,195,5
13,196,0
13,197,1
13,198,1
13,199,3
13,200,0
13,201,5
13,202,5
13,203,2
13,204,4
13,205,1
13,206,4
13,207,3
13,208,4
13,209,5
13,210,4
13,211,2
13,212,1
13,213,0
13,214,5
13,215,0
13,216,0
13,217,0
13,218,4
13,219,4
13,220,3
13,221,0
13,222,1
13,223,4
13,224,5
13,225,2
13,226,2
13,227,4
14,1,4
14,2,1
14,3,2
14,4,0
14,5,1
14,6,4
14,7,2
14,8,5
14,9,0
14,10,3
14,11,2
14,12,4
14,13,1
14,14,4
14,15,3
14,16,3
14,17,5
14,18,0
14,19,4
14,20,1
14,21,5
14,22,5
14,23,5
14,24,5
14,25,1
14,26,1
14,27,2
14,28,1
14,29,5
14,30,4
14,31,2
14,32,2
14,33,2
14,34,1
14,35,0
14,36,0
14,37,0
14,38,5
14,39,1
14,40,1
14,41,2
14,42,3
14,43,4
14,44,4
14,45,5
14,46,5
14,47,2
14,48,2
14,49,5
14,50,3
14,51,5
14,52,1
14,53,3
14,54,1
14,55,1
14,56,5
14,57,3
14,58,1
14,59,3
14,60,1
14,61,3
14,62,1
14,63,0
14,64,1
14,65,4
14,66,0
14,67,4
14,68,5
14,69,2
14,70,1
14,71,5
14,72,4
14,73,5
14,74,1
14,75,0
14,76,5
14,77,5
14,78,0
14,79,5
14,80,5
14,81,2
14,82,5
14,83,4
14,84,2
14,85,1
14,86,4
14,87,5
14,88,1
14,89,3
14,90,5
14,91,2
14,92,1
14,93,5
14,94,1
14,95,2
14,96,0
14,97,3
14,98,5
14,99,2
14,100,3
14,101,4
14,102,1
14,103,4
14,104,3
14,105,5
14,106,3
14,107,2
14,108,2
14,109,3
14,110,1
14,111,5
14,112,1
14,113,5
14,114,4
14,115,1
14,116,2
14,117,0
14,118,4
14,119,1
14,120,4
14,121,0
14,122,5
14,123,0
14,124,5
14,125,5
14,126,4
14,127,4
14,128,2
14,129,4
14,130,3
14,131,1
14,132,1
14,133,3
14,134,5
14,135,4
14,136,3
14,137,1
14,138,4
14,139,3
14,140,4
14,141,1
14,142,4
14,143,3
14,144,3
14,145,5
14,146,2
14,147,4
14,148,2
14,149,4
14,150,2
14,151,4
14,152,2
14,153,3
14,154,0
14,155,1
14,156,4
14,157,2
14,158,5
14,159,5
14,160,1
14,161,0
14,162,5
14,163,5
14,164,1
14,165,4
14,166,2
14,167,2
14,168,2
14,169,4
14,170,4
14,171,0
14,172,4
14,173,2
14,174,3
14,175,0
14,176,3
14,177,3
14,178,5
14,179,0
14,180,4
14,181,2
14,182,3
14,183,0
14,184,3
14,185,2
14,186,5
14,187,2
14,188,2
14,189,0
14,190,0
14,191,5
14,192,5
14,193,5
15,1,5
15,2,3
15,3,3
15,4,2
15,5,3
15,6,5
15,7,5
15,8,5
15,9,5
15,10,4
15,11,5
15,12,0
15,13,0
15,14,2
15,15,3
15,16,2
15,17,1
15,18,3
15,19,3
15,20,5
15,21,0
15,22,4
15,23,1
15,24,1
15,25,5
15,26,4
15,27,0
15,28,2
15,29,1
15,30,3
15,31,5
15,32,5
15,33,2
15,34,0
15,35,2
15,36,0
15,37,5
15,38,4
15,39,5
15,40,2
15,41,3
15,42,1
15,43,4
15,44,2
15,45,5
15,46,3
15,47,5
15,48,1
15,49,0
15,50,0
15,51,2
15,52,0
15,53,2
15,54,4
15,55,0
15,56,5
15,57,2
15,58,5
15,59,5
15,60,5
15,61,3
15,62,3
15,63,4
15,64,3
15,65,5
15,66,5
15,67,5
15,68,5
15,69,0
15,70,4
15,71,2
15,72,4
15,73,4
15,74,3
15,75,1
15,76,4
15,77,5
15,78,3
15,79,2
15,80,4
15,81,3
15,82,4
15,83,1
15,84,0
15,85,4
15,86,4
15,87,4
15,88,5
15,89,0
15,90,1
15,91,5
15,92,4
15,93,2
15,94,0
15,95,4
15,96,1
15,97,0
15,98,5
15,99,1
15,100,3
15,101,5
15,102,3
15,103,3
15,104,0
15,105,1
15,106,0
15,107,2
15,108,0
15,109,5
15,110,2
15,111,2
15,112,1
15,113,5
15,114,2
15,115,5
15,116,4
15,117,1
15,118,5
15,119,2
15,120,2
15,121,4
15,122,5
15,123,3
15,124,5
15,125,5
15,126,5
15,127,2
15,128,3
15,129,1
15,130,0
15,131,2
15,132,3
15,133,2
15,134,5
15,135,1
15,136,1
15,137,2
15,138,2
15,139,5
15,140,4
15,141,4
15,142,1
15,143,5
15,144,2
15,145,3
15,146,0
15,147,5
15,148,2
15,149,2
15,150,4
15,151,5
15,152,5
15,153,1
15,154,2
15,155,0
15,156,1
15,157,0
15,158,5
15,159,3
15,160,5
15,161,5
15,162,3
15,163,4
15,164,1
15,165,4
15,166,5
15,167,1
15,168,4
15,169,0
15,170,4
15,171,0
15,172,1
15,173,4
15,174,5
15,175,3
15,176,3
15,177,5
15,178,2
15,179,0
15,180,4
15,181,0
15,182,1
15,183,2
15,184,3
15,185,4
15,186,5
15,187,4
15,188,0
15,189,0
15,190,5
15,191,5
15,192,2
15,193,4
15,194,1
15,195,5
15,196,1
15,197,2
15,198,4
15,199,5
15,200,0
15,201,5
15,202,5
15,203,0
15,204,1
15,205,2
15,206,4
15,207,5
15,208,2
15,209,0
16,1,3
16,2,0
16,3,2
16,4,1
16,5,0
16,6,5
16,7,5
16,8,5
16,9,4
16,10,5
16,11,5
16,12,4
16,13,0
16,14,5
16,15,5
16,16,5
16,17,1
16,18,3
16,19,5
16,20,5
16,21,4
16,22,2
16,23,1
16,24,5
16,25,5
16,26,0
16,27,4
16,28,5
16,29,5
16,30,2
16,31,3
16,32,5
16,33,0
16,34,1
16,35,2
16,36,0
16,37,5
16,38,5
16,39,2
16,40,0
16,41,5
16,42,4
16,43,4
16,44,3
16,45,1
16,46,5
16,47,4
16,48,5
16,49,4
16,50,4
16,51,5
16,52,3
16,53,4
16,54,5
16,55,0
16,56,4
16,57,2
16,58,4
16,59,2
16,60,2
16,61,2
16,62,3
16,63,3
16,64,3
16,65,5
16,66,5
16,67,5
16,68,5
16,69,3
16,70,4
16,71,5
16,72,2
16,73,2
16,74,1
16,75,0
16,76,1
16,77,0
16,78,2
16,79,0
16,80,5
16,81,1
16,82,3
16,83,5
16,84,3
16,85,4
16,86,2
16,87,1
16,88,1
16,89,0
16,90,5
16,91,2
16,92,2
16,93,0
16,94,4
16,95,0
16,96,3
16,97,1
16,98,4
16,99,2
16,100,3
16,101,0
16,102,4
16,103,1
16,104,4
16,105,2
16,106,3
16,107,3
16,108,5
16,109,5
16,110,4
16,111,0
16,112,3
16,113,1
16,114,5
16,115,4
16,116,1
16,117,3
16,118,2
16,119,5
16,120,0
16,121,2
16,122,4
16,123,0
16,124,4
16,125,5
16,126,4
16,127,2
16,128,2
16,129,3
16,130,5
16,131,3
16,132,3
16,133,4
16,134,5
16,135,0
16,136,0
16,137,3
16,138,5
16,139,0
16,140,4
16,141,4
16,142,4
16,143,3
16,144,5
16,145,5
16,146,2
16,147,0
16,148,3
16,149,5
16,150,1
16,151,1
16,152,5
16,153,1
16,154,3
17,1,0
17,2,3
17,3,4
17,4,5
17,5,5
17,6,4
17,7,4
17,8,4
17,9,5
17,10,2
17,11,3
17,12,5
17,13,5
17,14,4
17,15,1
17,16,4
17,17,0
17,18,0
17,19,4
17,20,2
17,21,3
17,22,5
17,23,5
17,24,5
17,25,5
17,26,5
17,27,0
17,28,0
17,29,5
17,30,5
17,31,0
17,32,3
17,33,4
17,34,4
17,35,4
17,36,3
17,37,5
17,38,2
17,39,4
17,40,1
17,41,4
17,42,3
17,43,4
17,44,1
17,45,2
17,46,1
17,47,0
17,48,5
17,49,5
17,50,4
17,51,5
17,52,5
17,53,3
17,54,3
17,55,1
17,56,2
17,57,4
17,58,3
17,59,5
17,60,5
17,61,4
17,62,2
17,63,3
17,64,1
17,65,2
17,66,2
17,67,0
17,68,2
17,69,5
17,70,0
17,71,2
17,72,1
17,73,1
17,74,2
17,75,5
17,76,3
17,77,3
17,78,5
17,79,1
17,80,3
17,81,0
17,82,3
17,83,2
17,84,5
17,85,1
17,86,1
17,87,4
17,88,1
17,89,1
17,90,5
17,91,0
17,92,1
17,93,5
17,94,3
17,95,3
17,96,5
17,97,3
17,98,5
17,99,5
17,100,4
17,101,5
17,102,5
17,103,1
17,104,5
17,105,4
17,106,0
17,107,0
17,108,4
17,109,3
17,110,3
17,111,5
17,112,4
17,113,5
17,114,1
17,115,5
17,116,4
17,117,3
17,118,5
17,119,5
17,120,2
17,121,5
17,122,1
17,123,5
17,124,0
17,125,2
17,126,5
17,127,3
17,128,5
17,129,4
17,130,2
17,131,4
17,132,0
17,133,4
17,134,2
17,135,4
17,136,0
17,137,5
17,138,1
17,139,5
17,140,0
17,141,2
17,142,4
17,143,4
17,144,3
17,145,0
17,146,5
17,147,3
17,148,4
17,149,5
17,150,3
17,151,3
17,152,0
17,153,5
17,154,5
17,155,2
17,156,0
17,157,4
17,158,4
17,159,1
17,160,4
17,161,4
17,162,1
17,163,2
17,164,5
17,165,0
17,166,4
17,167,1
17,168,5
17,169,0
17,170,5
17,171,0
17,172,5
17,173,0
17,174,1
17,175,5
17,176,2
17,177,5
17,178,5
17,179,5
17,180,5
18,1,2
18,2,3
18,3,0
18,4,5
18,5,4
18,6,5
18,7,5
18,8,5
18,9,0
18,10,1
18,11,5
18,12,0
18,13,2
18,14,4
18,15,3
18,16,0
18,17,0
18,18,1
18,19,1
18,20,3
18,21,2
18,22,1
18,23,5
18,24,3
18,25,4
18,26,3
18,27,4
18,28,1
18,29,2
18,30,4
18,31,1
18,32,4
18,33,5
18,34,0
18,35,3
18,36,4
18,37,2
18,38,2
18,39,4
18,40,4
18,41,2
18,42,5
18,43,0
18,44,2
18,45,5
18,46,2
18,47,5
18,48,4
18,49,1
18,50,5
18,51,5
18,52,2
18,53,1
18,54,5
18,55,2
18,56,4
18,57,4
18,58,5
18,59,4
18,60,1
18,61,1
18,62,1
18,63,2
18,64,2
18,65,5
18,66,3
18,67,2
18,68,5
18,69,5
18,70,5
18,71,1
18,72,3
18,73,3
18,74,4
18,75,0
18,76,2
18,77,2
18,78,5
18,79,1
18,80,0
18,81,3
18,82,5
18,83,1
18,84,4
18,85,5
18,86,0
18,87,4
18,88,5
18,89,3
18,90,1
18,91,1
18,92,5
18,93,0
18,94,0
18,95,1
18,96,3
18,97,1
18,98,2
18,99,3
18,100,5
18,101,5
18,102,3
18,103,3
18,104,2
18,105,5
18,106,1
18,107,4
18,108,1
18,109,0
18,110,1
18,111,5
18,112,5
18,113,2
18,114,2
18,115,2
18,116,2
18,117,1
18,118,1
18,119,1
18,120,5
18,121,4
18,122,2
18,123,1
18,124,0
18,125,5
18,126,0
18,127,4
18,128,1
18,129,5
18,130,2
18,131,5
18,132,2
18,133,5
18,134,2
18,135,4
18,136,1
18,137,4
18,138,4
18,139,0
18,140,5
18,141,4
18,142,0
18,143,5
18,144,2
18,145,5
18,146,5
18,147,4
18,148,3
18,149,5
18,150,1
18,151,5
18,152,5
18,153,4
18,154,5
18,155,3
18,156,5
18,157,3
18,158,1
18,159,5
18,160,3
18,161,5
18,162,3
18,163,0
18,164,1
18,165,1
18,166,0
18,167,0
18,168,0
18,169,5
18,170,5
18,171,5
18,172,4
18,173,4
18,174,0
18,175,3
18,176,2
18,177,1
18,178,3
18,179,1
18,180,5
18,181,2
18,182,3
18,183,1
18,184,0
18,185,5
18,186,5
18,187,0
18,188,5
18,189,4
18,190,3
18,191,1
18,192,3
18,193,3
18,194,5
18,195,4
18,196,2
18,197,5
18,198,2
18,199,0
18,200,1
18,201,5
18,202,3
18,203,1
18,204,5
18,205,4
18,206,2
18,207,3
18,208,5
18,209,1
19,1,1
19,2,5
19,3,5
19,4,3
19,5,2
19,6,5
19,7,4
19,8,1
19,9,5
19,10,0
19,11,3
19,12,1
19,13,0
19,14,3
19,15,1
19,16,2
19,17,4
19,18,0
19,19,5
19,20,4
19,21,2
19,22,2
19,23,5
19,24,1
19,25,3
19,26,5
19,27,3
19,28,5
19,29,2
19,30,5
19,31,3
19,32,5
19,33,5
19,34,3
19,35,4
19,36,4
19,37,4
19,38,0
19,39,5
19,40,2
19,41,5
19,42,1
19,43,3
19,44,0
19,45,2
19,46,4
19,47,2
19,48,4
19,49,0
19,50,4
19,51,5
19,52,4
19,53,3
19,54,1
19,55,0
19,56,4
19,57,2
19,58,4
19,59,0
19,60,1
19,61,0
19,62,5
19,63,1
19,64,2
19,65,5
19,66,5
19,67,1
19,68,4
19,69,2
19,70,1
19,71,5
19,72,0
19,73,5
19,74,4
19,75,5
19,76,5
19,77,1
19,78,1
19,79,2
19,80,3
19,81,0
19,82,5
19,83,3
19,84,1
19,85,1
19,86,2
19,87,1
19,88,2
19,89,3
19,90,5
19,91,1
19,92,5
19,93,0
19,94,1
19,95,5
19,96,5
19,97,4
19,98,5
19,99,1
19,100,4
19,101,5
19,102,2
19,103,0
19,104,1
19,105,0
19,106,2
19,107,1
19,108,4
19,109,0
19,110,5
19,111,2
19,112,0
19,113,1
19,114,5
19,115,0
19,116,2
19,117,0
19,118,5
19,119,5
19,120,4
19,121,3
19,122,3
19,123,3
19,124,3
19,125,5
19,126,2
19,127,5
19,128,4
19,129,5
19,130,1
19,131,1
19,132,0
19,133,3
19,134,2
19,135,5
19,136,1
19,137,5
19,138,2
19,139,5
19,140,2
19,141,5
19,142,5
19,143,3
19,144,1
19,145,3
19,146,1
19,147,5
19,148,0
19,149,4
19,150,1
19,151,2
19,152,4
19,153,5
19,154,2
19,155,3
19,156,3
19,157,3
19,158,5
19,159,1
19,160,3
19,161,4
19,162,0
19,163,5
20,1,3
20,2,4
20,3,1
20,4,3
20,5,5
20,6,5
20,7,5
20,8,2
20,9,1
20,10,4
20,11,2
20,12,5
20,13,1
20,14,0
20,15,5
20,16,5
20,17,4
20,18,1
20,19,5
20,20,3
20,21,1
20,22,1
20,23,5
20,24,5
20,25,5
20,26,1
20,27,0
20,28,0
20,29,2
20,30,0
20,31,4
20,32,0
20,33,3
20,34,5
20,35,4
20,36,0
20,37,0
20,38,1
20,39,3
20,40,4
20,41,5
20,42,4
20,43,5
20,44,5
20,45,1
20,46,5
20,47,0
20,48,0
20,49,4
20,50,5
20,51,4
20,52,2
20,53,4
20,54,4
20,55,0
20,56,5
20,57,5
20,58,1
20,59,2
20,60,5
20,61,1
20,62,4
20,63,2
20,64,1
20,65,2
20,66,5
20,67,0
20,68,1
20,69,5
20,70,5
20,71,3
20,72,3
20,73,1
20,74,1
20,75,2
20,76,0
20,77,5
20,78,5
20,79,5
20,80,5
20,81,1
20,82,4
20,83,5
20,84,4
20,85,2
20,86,5
20,87,3
20,88,2
20,89,5
20,90,3
20,91,0
20,92,5
20,93,0
20,94,1
20,95,4
20,96,4
20,97,4
20,98,2
20,99,2
20,100,5
20,101,3
20,102,5
20,103,0
20,104,1
20,105,3
20,106,0
20,107,5
20,108,3
20,109,5
20,110,5
20,111,4
20,112,1
20,113,4
20,114,5
20,115,5
20,116,1
20,117,3
20,118,1
20,119,0
20,120,5
20,121,1
20,122,4
20,123,0
20,124,1
20,125,2
20,126,5
20,127,2
20,128,1
20,129,4
20,130,2
20,131,5
20,132,0
20,133,4
20,134,5
20,135,2
20,136,3
20,137,3
20,138,4
20,139,2
20,140,2
20,141,5
20,142,5
20,143,2
20,144,1
20,145,4
20,146,5
20,147,0
20,148,0
20,149,4
20,150,1
20,151,2
20,152,4
20,153,4
20,154,0
21,1,4
21,2,4
21,3,1
21,4,0
21,5,2
21,6,5
21,7,2
21,8,1
21,9,1
21,10,3
21,11,3
21,12,0
21,13,0
21,14,2
21,15,3
21,16,1
21,17,1
21,18,0
21,19,3
21,20,3
21,21,0
21,22,4
21,23,3
21,24,3
21,25,5
21,26,3
21,27,0
21,28,4
21,29,5
21,30,2
21,31,5
21,32,5
21,33,4
21,34,5
21,35,5
21,36,0
21,37,2
21,38,3
21,39,4
21,40,4
21,41,3
21,42,5
21,43,1
21,44,4
21,45,5
21,46,5
21,47,5
21,48,4
21,49,2
21,50,0
21,51,3
21,52,0
21,53,3
21,54,5
21,55,5
21,56,4
21,57,3
21,58,4
21,59,5
21,60,4
21,61,5
21,62,5
21,63,2
21,64,5
21,65,0
21,66,1
21,67,1
21,68,3
21,69,2
21,70,0
21,71,2
21,72,5
21,73,3
21,74,2
21,75,5
21,76,5
21,77,1
21,78,1
21,79,2
21,80,4
21,81,5
21,82,3
21,83,5
21,84,4
21,85,0
21,86,3
21,87,3
21,88,0
21,89,2
21,90,1
21,91,2
21,92,5
21,93,0
21,94,0
21,95,0
21,96,3
21,97,3
21,98,4
21,99,0
21,100,5
21,101,0
21,102,3
21,103,4
21,104,3
21,105,3
21,106,3
21,107,5
21,108,2
21,109,5
21,110,2
21,111,0
21,112,2
21,113,0
21,114,5
21,115,1
21,116,5
21,117,0
21,118,5
21,119,0
21,120,3
21,121,5
21,122,4
21,123,3
21,124,3
21,125,0
21,126,2
21,127,0
21,128,1
21,129,3
21,130,3
21,131,2
21,132,5
21,133,1
21,134,5
21,135,5
21,136,4
21,137,2
21,138,0
21,139,3
21,140,2
21,141,1
21,142,2
21,143,4
21,144,3
21,145,1
21,146,4
21,147,3
21,148,2
21,149,0
21,150,1
21,151,2
21,152,3
21,153,3
21,154,3
21,155,0
21,156,5
21,157,2
21,158,4
21,159,5
21,160,4
21,161,5
21,162,0
21,163,1
21,164,2
21,165,5
21,166,5
21,167,0
21,168,3
21,169,3
21,170,5
21,171,5
21,172,2
21,173,2
21,174,4
21,175,0
21,176,2
21,177,1
21,178,1
21,179,5
21,180,0
21,181,3
21,182,3
21,183,5
21,184,2
21,185,5
21,186,5
21,187,1
21,188,2
21,189,4
22,1,0
22,2,2
22,3,0
22,4,4
22,5,5
22,6,5
22,7,4
22,8,0
22,9,5
22,10,1
22,11,0
22,12,5
22,13,5
22,14,4
22,15,5
22,16,0
22,17,2
22,18,3
22,19,1
22,20,0
22,21,3
22,22,5
22,23,3
22,24,4
22,25,1
22,26,3
22,27,5
22,28,1
22,29,3
22,30,3
22,31,5
22,32,5
22,33,3
22,34,1
22,35,5
22,36,0
22,37,5
22,38,2
22,39,4
22,40,5
22,41,2
22,42,2
22,43,4
22,44,3
22,45,5
22,46,2
22,47,5
22,48,3
22,49,4
22,50,5
22,51,5
22,52,3
22,53,5
22,54,0
22,55,5
22,56,5
22,57,4
22,58,5
22,59,5
22,60,1
22,61,1
22,62,2
22,63,2
22,64,4
22,65,2
22,66,5
22,67,4
22,68,5
22,69,5
22,70,5
22,71,3
22,72,5
22,73,1
22,74,5
22,75,4
22,76,0
22,77,3
22,78,5
22,79,0
22,80,2
22,81,2
22,82,2
22,83,4
22,84,4
22,85,4
22,86,2
22,87,1
22,88,1
22,89,0
22,90,5
22,91,0
22,92,0
22,93,2
22,94,2
22,95,5
22,96,5
22,97,3
22,98,3
22,99,3
22,100,5
22,101,0
22,102,3
22,103,0
22,104,2
22,105,2
22,106,2
22,107,1
22,108,5
22,109,5
22,110,1
22,111,2
22,112,3
22,113,2
22,114,4
22,115,1
22,116,0
22,117,5
22,118,2
22,119,4
22,120,2
22,121,1
22,122,2
22,123,4
22,124,2
22,125,1
22,126,3
22,127,5
22,128,5
22,129,0
22,130,0
22,131,1
22,132,4
22,133,3
22,134,2
22,135,1
22,136,5
22,137,4
22,138,5
22,139,3
22,140,1
22,141,1
22,142,5
22,143,2
22,144,4
22,145,0
22,146,0
22,147,1
22,148,5
22,149,3
22,150,1
22,151,0
22,152,5
22,153,2
22,154,3
22,155,1
22,156,2
22,157,5
22,158,2
22,159,2
22,160,0
22,161,1
22,162,1
22,163,0
22,164,5
22,165,0
22,166,5
22,167,2
22,168,4
22,169,3
22,170,3
22,171,1
22,172,4
22,173,2
22,174,1
22,175,3
22,176,0
22,177,4
22,178,1
22,179,4
22,180,4
22,181,5
22,182,4
22,183,2
22,184,3
22,185,5
22,186,5
22,187,0
22,188,4
22,189,1
22,190,0
22,191,3
22,192,5
23,1,2
23,2,4
23,3,3
23,4,5
23,5,1
23,6,0
23,7,4
23,8,0
23,9,2
23,10,2
23,11,0
23,12,1
23,13,1
23,14,3
23,15,5
23,16,3
23,17,0
23,18,5
23,19,3
23,20,4
23,21,3
23,22,4
23,23,4
23,24,2
23,25,0
23,26,2
23,27,5
23,28,1
23,29,1
23,30,5
23,31,3
23,32,5
23,33,5
23,34,2
23,35,4
23,36,5
23,37,5
23,38,5
23,39,0
23,40,5
23,41,1
23,42,3
23,43,0
23,44,4
23,45,4
23,46,1
23,47,3
23,48,4
23,49,4
23,50,3
23,51,1
23,52,1
23,53,2
23,54,5
23,55,1
23,56,0
23,57,1
23,58,3
23,59,5
23,60,0
23,61,1
23,62,3
23,63,2
23,64,1
23,65,3
23,66,3
23,67,5
23,68,3
23,69,4
23,70,4
23,71,5
23,72,3
23,73,2
23,74,4
23,75,1
23,76,4
23,77,2
23,78,5
23,79,0
23,80,1
23,81,3
23,82,5
23,83,4
23,84,1
23,85,4
23,86,5
23,87,2
23,88,3
23,89,5
23,90,4
23,91,4
23,92,5
23,93,4
23,94,2
23,95,4
23,96,5
23,97,3
23,98,5
23,99,4
23,100,3
23,101,0
23,102,5
23,103,4
23,104,1
23,105,1
23,106,2
23,107,2
23,108,5
23,109,3
23,110,0
23,111,0
23,112,0
23,113,5
23,114,0
23,115,3
23,116,0
23,117,4
23,118,4
23,119,1
23,120,4
23,121,5
23,122,5
23,123,2
23,124,0
23,125,1
23,126,2
23,127,5
23,128,2
23,129,2
23,130,1
23,131,4
23,132,5
23,133,3
23,134,2
23,135,5
23,136,1
23,137,5
23,138,2
23,139,4
23,140,5
23,141,2
23,142,5
23,143,0
23,144,0
23,145,0
23,146,5
23,147,0
23,148,4
23,149,2
23,150,5
23,151,0
23,152,4
23,153,0
23,154,2
23,155,2
23,156,4
23,157,5
23,158,3
23,159,2
23,160,1
23,161,4
23,162,5
23,163,5
23,164,1
23,165,2
23,166,4
23,167,1
23,168,2
23,169,3
23,170,5
23,171,4
23,172,3
23,173,3
23,174,0
23,175,2
23,176,4
23,177,1
23,178,5
23,179,2
23,180,2
23,181,2
23,182,0
23,183,0
23,184,3
23,185,0
23,186,2
23,187,2
23,188,4
23,189,1
23,190,3
23,191,2
23,192,0
23,193,5
23,194,0
23,195,1
23,196,5
23,197,5
23,198,0
23,199,1
23,200,2
23,201,3
23,202,5
23,203,0
23,204,4
23,205,0
23,206,3
23,207,3
23,208,3
23,209,1
23,210,0
23,211,5
24,1,2
24,2,4
24,3,5
24,4,5
24,5,1
24,6,3
24,7,1
24,8,3
24,9,5
24,10,1
24,11,3
24,12,1
24,13,1
24,14,4
24,15,0
24,16,1
24,17,1
24,18,0
24,19,1
24,20,2
24,21,2
24,22,3
24,23,3
24,24,1
24,25,0
24,26,0
24,27,4
24,28,4
24,29,3
24,30,4
24,31,3
24,32,2
24,33,5
24,34,5
24,35,5
24,36,0
24,37,1
24,38,0
24,39,0
24,40,2
24,41,0
24,42,0
24,43,4
24,44,4
24,45,2
24,46,1
24,47,0
24,48,2
24,49,2
24,50,5
24,51,5
24,52,4
24,53,3
24,54,5
24,55,3
24,56,1
24,57,4
24,58,0
24,59,1
24,60,2
24,61,0
24,62,2
24,63,4
24,64,0
24,65,3
24,66,5
24,67,2
24,68,0
24,69,5
24,70,4
24,71,1
24,72,1
24,73,1
24,74,5
24,75,3
24,76,1
24,77,5
24,78,0
24,79,4
24,80,4
24,81,1
24,82,2
24,83,5
24,84,2
24,85,3
24,86,5
24,87,0
24,88,3
24,89,5
24,90,3
24,91,0
24,92,4
24,93,5
24,94,3
24,95,0
24,96,1
24,97,4
24,98,4
24,99,0
24,100,5
24,101,1
24,102,4
24,103,2
24,104,2
24,105,5
24,106,5
24,107,0
24,108,3
24,109,4
24,110,5
24,111,3
24,112,3
24,113,3
24,114,3
24,115,4
24,116,4
24,117,2
24,118,3
24,119,2
24,120,5
24,121,3
24,122,5
24,123,5
24,124,4
24,125,2
24,126,5
24,127,2
24,128,2
24,129,2
24,130,0
24,131,0
24,132,5
24,133,4
24,134,5
24,135,1
24,136,3
24,137,3
24,138,0
24,139,4
24,140,3
24,141,2
24,142,5
24,143,5
24,144,4
24,145,0
24,146,0
24,147,3
24,148,5
24,149,5
24,150,3
24,151,3
24,152,5
24,153,2
24,154,1
24,155,1
24,156,5
24,157,2
24,158,4
24,159,2
24,160,0
24,161,1
24,162,1
24,163,5
24,164,4
24,165,0
24,166,0
24,167,3
24,168,2
24,169,1
24,170,1
24,171,4
24,172,5
24,173,4
24,174,4
24,175,2
24,176,5
24,177,1
24,178,5
24,179,5
24,180,0
24,181,3
24,182,4
24,183,3
24,184,1
24,185,3
24,186,5
24,187,5
24,188,1
24,189,0
24,190,4
24,191,5
25,1,5
25,2,1
25,3,4
25,4,5
25,5,1
25,6,2
25,7,5
25,8,5
25,9,3
25,10,5
25,11,0
25,12,5
25,13,5
25,14,2
25,15,5
25,16,2
25,17,3
25,18,1
25,19,2
25,20,4
25,21,4
25,22,0
25,23,0
25,24,1
25,25,5
25,26,1
25,27,4
25,28,5
25,29,0
25,30,5
25,31,0
25,32,5
25,33,3
25,34,5
25,35,3
25,36,2
25,37,1
25,38,0
25,39,1
25,40,2
25,41,2
25,42,1
25,43,5
25,44,1
25,45,2
25,46,1
25,47,1
25,48,4
25,49,5
25,50,0
25,51,5
25,52,0
25,53,2
25,54,3
25,55,4
25,56,5
25,57,2
25,58,5
25,59,4
25,60,5
25,61,4
25,62,4
25,63,5
25,64,4
25,65,3
25,66,2
25,67,1
25,68,5
25,69,1
25,70,0
25,71,5
25,72,3
25,73,5
25,74,5
25,75,2
25,76,5
25,77,5
25,78,0
25,79,4
25,80,3
25,81,1
25,82,0
25,83,2
25,84,4
25,85,1
25,86,1
25,87,1
25,88,5
25,89,1
25,90,1
25,91,4
25,92,4
25,93,5
25,94,1
25,95,5
25,96,1
25,97,5
25,98,5
25,99,5
25,100,2
25,101,3
25,102,3
25,103,3
25,104,0
25,105,0
25,106,3
25,107,2
25,108,4
25,109,3
25,110,0
25,111,5
25,112,2
25,113,5
25,114,3
25,115,4
25,116,3
25,117,2
25,118,1
25,119,2
25,120,2
25,121,1
25,122,1
25,123,3
25,124,5
25,125,5
25,126,1
25,127,4
25,128,5
25,129,2
25,130,3
25,131,2
25,132,2
25,133,3
25,134,1
25,135,5
25,136,4
25,137,5
25,138,0
25,139,5
25,140,0
25,141,1
25,142,0
25,143,3
25,144,2
25,145,4
25,146,0
25,147,5
25,148,0
25,149,0
25,150,3
25,151,0
25,152,2
25,153,5
25,154,5
25,155,2
25,156,5
25,157,3
25,158,5
25,159,5
25,160,2
25,161,0
25,162,3
25,163,2
25,164,2
25,165,5
25,166,4
25,167,4
25,168,2
25,169,5
25,170,4
25,171,4
25,172,2
25,173,2
25,174,5
25,175,3
25,176,4
25,177,5
25,178,3
25,179,0
25,180,5
25,181,5
25,182,4
25,183,1
25,184,1
25,185,3
25,186,4
25,187,3
25,188,0
25,189,3
25,190,3
25,191,4
25,192,3
25,193,1
25,194,1
25,195,2
25,196,2
25,197,4
25,198,0
25,199,3
25,200,5
25,201,5
25,202,3
25,203,4
25,204,1
25,205,1
26,1,0
26,2,1
26,3,5
26,4,5
26,5,2
26,6,2
26,7,5
26,8,3
26,9,5
26,10,5
26,11,5
26,12,4
26,13,2
26,14,1
26,15,1
26,16,5
26,17,0
26,18,2
26,19,0
26,20,5
26,21,3
26,22,5
26,23,5
26,24,3
26,25,5
26,26,5
26,27,4
26,28,2
26,29,0
26,30,3
26,31,4
26,32,5
26,33,3
26,34,4
26,35,1
26,36,0
26,37,2
26,38,3
26,39,5
26,40,0
26,41,5
26,42,2
26,43,2
26,44,1
26,45,5
26,46,2
26,47,0
26,48,5
26,49,1
26,50,5
26,51,0
26,52,4
26,53,4
26,54,2
26,55,0
26,56,3
26,57,1
26,58,3
26,59,4
26,60,3
26,61,4
26,62,5
26,63,0
26,64,0
26,65,5
26,66,5
26,67,5
26,68,5
26,69,3
26,70,4
26,71,0
26,72,5
26,73,5
26,74,4
26,75,3
26,76,1
26,77,2
26,78,4
26,79,0
26,80,1
26,81,5
26,82,5
26,83,1
26,84,4
26,85,4
26,86,5
26,87,5
26,88,4
26,89,5
26,90,0
26,91,5
26,92,0
26,93,3
26,94,3
26,95,2
26,96,3
26,97,2
26,98,3
26,99,4
26,100,4
26,101,3
26,102,2
26,103,5
26,104,5
26,105,1
26,106,5
26,107,3
26,108,5
26,109,3
26,110,3
26,111,3
26,112,3
26,113,2
26,114,1
26,115,2
26,116,5
26,117,3
26,118,3
26,119,2
26,120,3
26,121,3
26,122,5
26,123,1
26,124,4
26,125,5
26,126,0
26,127,0
26,128,0
26,129,5
26,130,4
26,131,3
26,132,0
26,133,2
26,134,4
26,135,4
26,136,3
26,137,0
26,138,0
26,139,3
26,140,0
26,141,3
26,142,2
26,143,0
26,144,1
26,145,5
26,146,0
26,147,4
26,148,2
26,149,4
26,150,1
26,151,4
26,152,2
26,153,1
26,154,4
26,155,0
26,156,5
26,157,5
26,158,5
26,159,5
26,160,5
26,161,2
26,162,5
26,163,5
26,164,0
26,165,1
26,166,2
26,167,0
26,168,4
26,169,5
26,170,1
26,171,1
26,172,2
26,173,4
26,174,5
26,175,2
26,176,1
26,177,1
26,178,5
26,179,1
26,180,5
26,181,2
26,182,4
26,183,0
26,184,5
26,185,1
26,186,4
26,187,3
27,1,0
27,2,4
27,3,2
27,4,2
27,5,0
27,6,2
27,7,5
27,8,4
27,9,1
27,10,4
27,11,4
27,12,4
27,13,0
27,14,4
27,15,0
27,16,1
27,17,5
27,18,5
27,19,5
27,20,3
27,21,5
27,22,4
27,23,2
27,24,3
27,25,3
27,26,5
27,27,4
27,28,5
27,29,2
27,30,5
27,31,2
27,32,5
27,33,0
27,34,5
27,35,2
27,36,4
27,37,5
27,38,1
27,39,5
27,40,2
27,41,5
27,42,1
27,43,0
27,44,2
27,45,5
27,46,5
27,47,3
27,48,0
27,49,1
27,50,0
27,51,1
27,52,1
27,53,5
27,54,0
27,55,5
27,56,5
27,57,2
27,58,1
27,59,5
27,60,5
27,61,4
27,62,2
27,63,5
27,64,1
27,65,2
27,66,0
27,67,3
27,68,1
27,69,4
27,70,3
27,71,2
27,72,0
27,73,5
27,74,3
27,75,2
27,76,4
27,77,4
27,78,4
27,79,0
27,80,4
27,81,3
27,82,3
27,83,2
27,84,5
27,85,0
27,86,5
27,87,2
27,88,5
27,89,2
27,90,0
27,91,4
27,92,5
27,93,5
27,94,5
27,95,0
27,96,5
27,97,4
27,98,2
27,99,5
27,100,3
27,101,1
27,102,4
27,103,4
27,104,3
27,105,4
27,106,1
27,107,5
27,108,0
27,109,4
27,110,2
27,111,2
27,112,2
27,113,2
27,114,0
27,115,3
27,116,1
27,117,4
27,118,3
27,119,0
27,120,3
27,121,0
27,122,0
27,123,0
27,124,5
27,125,5
27,126,4
27,127,2
27,128,3
27,129,2
27,130,3
27,131,3
27,132,5
27,133,4
27,134,2
27,135,5
27,136,1
27,137,0
27,138,4
27,139,5
27,140,1
27,141,5
27,142,3
27,143,5
27,144,0
27,145,0
27,146,5
27,147,1
27,148,0
27,149,3
27,150,4
27,151,2
27,152,0
27,153,1
27,154,4
27,155,0
27,156,3
27,157,0
27,158,0
27,159,2
27,160,5
27,161,1
27,162,5
27,163,5
27,164,5
27,165,1
27,166,0
27,167,5
27,168,2
27,169,2
27,170,4
27,171,5
27,172,2
27,173,3
27,174,1
27,175,3
27,176,5
28,1,5
28,2,2
28,3,5
28,4,1
28,5,2
28,6,2
28,7,3
28,8,2
28,9,3
28,10,1
28,11,5
28,12,4
28,13,2
28,14,0
28,15,5
28,16,1
28,17,1
28,18,3
28,19,5
28,20,3
28,21,3
28,22,2
28,23,3
28,24,4
28,25,4
28,26,3
28,27,5
28,28,4
28,29,4
28,30,2
28,31,1
28,32,5
28,33,3
28,34,2
28,35,1
28,36,5
28,37,3
28,38,2
28,39,1
28,40,5
28,41,0
28,42,3
28,43,0
28,44,3
28,45,5
28,46,5
28,47,4
28,48,0
28,49,2
28,50,3
28,51,3
28,52,0
28,53,3
28,54,1
28,55,4
28,56,5
28,57,4
28,58,1
28,59,3
28,60,1
28,61,1
28,62,2
28,63,0
28,64,1
28,65,5
28,66,3
28,67,0
28,68,0
28,69,0
28,70,2
28,71,5
28,72,3
28,73,3
28,74,3
28,75,2
28,76,4
28,77,0
28,78,5
28,79,0
28,80,2
28,81,5
28,82,4
28,83,3
28,84,0
28,85,5
28,86,3
28,87,4
28,88,1
28,89,5
28,90,1
28,91,2
28,92,1
28,93,0
28,94,5
28,95,4
28,96,5
28,97,0
28,98,2
28,99,1
28,100,1
28,101,3
28,102,4
28,103,3
28,104,5
28,105,5
28,106,1
28,107,2
28,108,2
28,109,4
28,110,2
28,111,1
28,112,3
28,113,3
28,114,3
28,115,4
28,116,3
28,117,5
28,118,4
28,119,5
28,120,5
28,121,5
28,122,4
28,123,0
28,124,1
28,125,4
28,126,3
28,127,0
28,128,0
28,129,0
28,130,4
28,131,5
28,132,1
28,133,5
28,134,1
28,135,0
28,136,1
28,137,0
28,138,2
28,139,4
28,140,3
28,141,3
28,142,1
28,143,3
28,144,3
28,145,5
28,146,2
28,147,5
28,148,5
28,149,2
28,150,3
28,151,2
28,152,2
28,153,0
28,154,5
28,155,1
28,156,2
28,157,0
28,158,3
28,159,5
28,160,2
28,161,5
28,162,5
28,163,1
28,164,5
28,165,5
28,166,4
28,167,5
28,168,3
28,169,4
28,170,4
28,171,2
28,172,2
28,173,5
28,174,5
28,175,1
28,176,1
28,177,2
28,178,5
28,179,1
28,180,1
28,181,5
28,182,3
28,183,0
28,184,5
28,185,2
28,186,5
28,187,0
28,188,3
28,189,0
28,190,4
28,191,2
28,192,0
28,193,5
28,194,3
28,195,4
28,196,3
28,197,2
28,198,2
28,199,0
28,200,1
29,1,1
29,2,5
29,3,0
29,4,5
29,5,3
29,6,0
29,7,1
29,8,3
29,9,2
29,10,4
29,11,5
29,12,0
29,13,0
29,14,4
29,15,4
29,16,5
29,17,0
29,18,2
29,19,5
29,20,5
29,21,3
29,22,2
29,23,1
29,24,2
29,25,4
29,26,1
29,27,4
29,28,3
29,29,4
29,30,0
29,31,4
29,32,5
29,33,2
29,34,5
29,35,0
29,36,3
29,37,5
29,38,2
29,39,2
29,40,5
29,41,4
29,42,1
29,43,4
29,44,0
29,45,3
29,46,1
29,47,4
29,48,2
29,49,2
29,50,2
29,51,3
29,52,1
29,53,1
29,54,4
29,55,1
29,56,1
29,57,4
29,58,4
29,59,2
29,60,2
29,61,1
29,62,3
29,63,2
29,64,1
29,65,5
29,66,0
29,67,3
29,68,5
29,69,2
29,70,0
29,71,1
29,72,5
29,73,5
29,74,5
29,75,1
29,76,2
29,77,0
29,78,1
29,79,3
29,80,2
29,81,5
29,82,2
29,83,0
29,84,5
29,85,4
29,86,0
29,87,0
29,88,5
29,89,5
29,90,3
29,91,2
29,92,4
29,93,3
29,94,5
29,95,2
29,96,3
29,97,5
29,98,1
29,99,1
29,100,2
29,101,4
29,102,4
29,103,2
29,104,4
29,105,1
29,106,2
29,107,0
29,108,3
29,109,4
29,110,2
29,111,4
29,112,2
29,113,3
29,114,5
29,115,2
29,116,5
29,117,5
29,118,1
29,119,3
29,120,5
29,121,0
29,122,0
29,123,4
29,124,2
29,125,5
29,126,3
29,127,3
29,128,5
29,129,5
29,130,5
29,131,3
29,132,4
29,133,2
29,134,0
29,135,3
29,136,2
29,137,1
29,138,5
29,139,5
29,140,1
29,141,3
29,142,1
29,143,0
29,144,3
29,145,5
29,146,5
29,147,4
29,148,2
29,149,5
29,150,5
29,151,1
30,1,1
30,2,5
30,3,0
30,4,3
30,5,4
30,6,0
30,7,1
30,8,1
30,9,0
30,10,5
30,11,1
30,12,5
30,13,4
30,14,4
30,15,4
30,16,2
30,17,2
30,18,4
30,19,2
30,20,5
30,21,3
30,22,2
30,23,4
30,24,4
30,25,2
30,26,3
30,27,2
30,28,3
30,29,1
30,30,4
30,31,1
30,32,4
30,33,2
30,34,4
30,35,2
30,36,3
30,37,5
30,38,5
30,39,0
30,40,1
30,41,1
30,42,5
30,43,2
30,44,1
30,45,3
30,46,3
30,47,2
30,48,2
30,49,5
30,50,4
30,51,4
30,52,5
30,53,5
30,54,3
30,55,0
30,56,5
30,57,3
30,58,4
30,59,5
30,60,2
30,61,3
30,62,0
30,63,0
30,64,5
30,65,0
30,66,1
30,67,3
30,68,0
30,69,4
30,70,1
30,71,5
30,72,4
30,73,4
30,74,5
30,75,1
30,76,2
30,77,4
30,78,2
30,79,5
30,80,3
30,81,4
30,82,4
30,83,4
30,84,1
30,85,3
30,86,5
30,87,2
30,88,3
30,89,5
30,90,4
30,91,5
30,92,5
30,93,5
30,94,3
30,95,0
30,96,5
30,97,2
30,98,0
30,99,2
30,100,4
30,101,1
30,102,5
30,103,5
30,104,4
30,105,0
30,106,0
30,107,3
30,108,0
30,109,0
30,110,1
30,111,4
30,112,5
30,113,0
30,114,0
30,115,0
30,116,3
30,117,5
30,118,1
30,119,0
30,120,0
30,121,5
30,122,5
30,123,3
30,124,5
30,125,2
30,126,3
30,127,5
30,128,2
30,129,5
30,130,3
30,131,2
30,132,2
30,133,2
30,134,1
30,135,2
30,136,5
30,137,4
30,138,1
30,139,0
30,140,3
30,141,4
30,142,1
30,143,5
30,144,3
30,145,2
30,146,4
30,147,3
30,148,0
30,149,2
30,150,2
30,151,5
30,152,5
30,153,1
30,154,5
30,155,2
30,156,5
30,157,0
30,158,5
30,159,3
30,160,2
30,161,4
30,162,3
30,163,1
30,164,5
30,165,3
30,166,1
31,1,3
31,2,2
31,3,5
31,4,3
31,5,0
31,6,3
31,7,0
31,8,1
31,9,0
31,10,4
31,11,1
31,12,3
31,13,5
31,14,3
31,15,3
31,16,5
31,17,5
31,18,4
31,19,2
31,20,4
31,21,2
31,22,5
31,23,0
31,24,5
31,25,0
31,26,5
31,27,5
31,28,0
31,29,2
31,30,1
31,31,5
31,32,1
31,33,2
31,34,2
31,35,4
31,36,4
31,37,3
31,38,0
31,39,2
31,40,1
31,41,5
31,42,5
31,43,0
31,44,1
31,45,5
31,46,2
31,47,5
31,48,3
31,49,5
31,50,2
31,51,5
31,52,5
31,53,5
31,54,5
31,55,5
31,56,4
31,57,0
31,58,1
31,59,0
31,60,4
31,61,4
31,62,4
31,63,3
31,64,0
31,65,5
31,66,5
31,67,2
31,68,5
31,69,5
31,70,0
31,71,1
31,72,1
31,73,3
31,74,3
31,75,3
31,76,3
31,77,1
31,78,2
31,79,2
31,80,0
31,81,4
31,82,5
31,83,3
31,84,5
31,85,4
31,86,3
31,87,3
31,88,1
31,89,0
31,90,1
31,91,3
31,92,5
31,93,0
31,94,2
31,95,3
31,96,4
31,97,1
31,98,3
31,99,5
31,100,4
31,101,2
31,102,2
31,103,5
31,104,1
31,105,2
31,106,5
31,107,5
31,108,4
31,109,0
31,110,5
31,111,2
31,112,1
31,113,2
31,114,4
31,115,3
31,116,1
31,117,5
31,118,2
31,119,2
31,120,3
31,121,3
31,122,5
31,123,5
31,124,1
31,125,4
31,126,5
31,127,3
31,128,2
31,129,5
31,130,2
31,131,0
31,132,2
31,133,4
31,134,3
31,135,1
31,136,4
31,137,4
31,138,3
31,139,5
31,140,5
31,141,5
31,142,3
31,143,0
31,144,0
31,145,1
31,146,3
31,147,5
31,148,3
31,149,5
31,150,0
31,151,3
31,152,5
31,153,4
31,154,3
31,155,5
31,156,5
31,157,2
31,158,1
31,159,0
31,160,4
31,161,3
31,162,4
31,163,1
31,164,1
31,165,5
31,166,0
31,167,5
31,168,1
31,169,5
31,170,0
31,171,3
31,172,5
31,173,5
31,174,3
31,175,1
31,176,4
31,177,1
31,178,2
31,179,3
31,180,5
31,181,4
31,182,2
31,183,4
31,184,2
31,185,1
31,186,5
31,187,2
31,188,4
31,189,5
31,190,4
31,191,4
31,192,5
31,193,5
31,194,5
31,195,5
31,196,5
31,197,1
31,198,5
31,199,2
31,200,5
31,201,1
31,202,4
31,203,0
31,204,2
31,205,5
31,206,0
31,207,4
31,208,0
31,209,5
31,210,3
31,211,4
31,212,5
31,213,1
31,214,1
31,215,0
31,216,4
31,217,2
31,218,0
31,219,2
31,220,3
31,221,3
31,222,0
31,223,2
31,224,0
31,225,1
31,226,1
31,227,4
31,228,5
31,229,4
31,230,5
31,231,1
31,232,5
31,233,3
31,234,1
31,235,5
31,236,4
31,237,2
31,238,4
31,239,5
31,240,5
31,241,0
31,242,4
31,243,4
31,244,2
31,245,2
31,246,2
31,247,3
31,248,1
31,249,3
31,250,1
31,251,3
31,252,2
31,253,1
31,254,5
31,255,4
31,256,5
31,257,1
31,258,4
31,259,0
31,260,0
31,261,1
31,262,1
31,263,3
31,264,1
31,265,5
31,266,1
31,267,3
31,268,3
31,269,2
31,270,5
31,271,1
31,272,5
31,273,5
31,274,3
31,275,4
31,276,0
31,277,3
31,278,2
31,279,0
31,280,4
31,281,5
31,282,0
31,283,2
31,284,0
31,285,1
31,286,0
31,287,5
31,288,1
31,289,5
31,290,5
31,291,5
31,292,5
31,293,2
31,294,0
31,295,3
31,296,3
31,297,2
31,298,4
31,299,5
31,300,5
31,301,0
31,302,4
31,303,5
31,304,5
31,305,1
31,306,5
31,307,4
31,308,4
31,309,4
31,310,1
31,311,0
31,312,2
31,313,3
31,314,0
31,315,3
31,316,0
31,317,5
31,318,4
31,319,2
31,320,4
31,321,5
31,322,3
31,323,3
31,324,3
31,325,5
31,326,3
31,327,2
31,328,5
31,329,5
31,330,5
31,331,5
31,332,5
31,333,2
31,334,4
31,335,3
31,336,5
31,337,1
31,338,0
31,339,2
31,340,3
31,341,2
31,342,3
31,343,0
32,1,3
32,2,1
32,3,0
32,4,5
32,5,1
32,6,2
32,7,5
32,8,5
32,9,4
32,10,1
32,11,5
32,12,1
32,13,3
32,14,2
32,15,2
32,16,3
32,17,4
32,18,2
32,19,4
32,20,1
32,21,3
32,22,2
32,23,2
32,24,5
32,25,1
32,26,5
32,27,1
32,28,4
32,29,1
32,30,4
32,31,0
32,32,5
32,33,1
32,34,4
32,35,1
32,36,5
32,37,2
32,38,2
32,39,0
32,40,5
32,41,3
32,42,4
32,43,3
32,44,3
32,45,2
32,46,0
32,47,2
32,48,5
32,49,3
32,50,1
32,51,2
32,52,1
32,53,0
32,54,3
32,55,4
32,56,3
32,57,3
32,58,2
32,59,3
32,60,0
32,61,4
32,62,3
32,63,5
32,64,3
32,65,2
32,66,3
32,67,5
32,68,4
32,69,3
32,70,2
32,71,3
32,72,5
32,73,3
32,74,5
32,75,2
32,76,0
32,77,5
32,78,3
32,79,3
32,80,2
32,81,3
32,82,5
32,83,5
32,84,4
32,85,0
32,86,0
32,87,2
32,88,3
32,89,0
32,90,5
32,91,4
32,92,5
32,93,2
32,94,1
32,95,1
32,96,3
32,97,2
32,98,2
32,99,2
32,100,1
32,101,5
32,102,5
32,103,1
32,104,0
32,105,5
32,106,5
32,107,1
32,108,1
32,109,4
32,110,1
32,111,0
32,112,5
32,113,0
32,114,1
32,115,1
32,116,2
32,117,4
32,118,2
32,119,1
32,120,0
32,121,5
32,122,3
32,123,2
32,124,1
32,125,3
32,126,0
32,127,5
32,128,1
32,129,2
32,130,4
32,131,1
32,132,5
32,133,5
32,134,5
32,135,0
32,136,3
32,137,2
32,138,5
32,139,0
32,140,1
32,141,2
32,142,5
32,143,0
32,144,0
32,145,0
32,146,3
32,147,0
32,148,1
32,149,5
32,150,5
32,151,2
32,152,0
32,153,5
32,154,1
32,155,4
32,156,2
32,157,5
32,158,2
32,159,1
32,160,0
32,161,5
32,162,4
32,163,5
32,164,2
32,165,2
32,166,5
32,167,5
32,168,0
32,169,1
32,170,2
32,171,2
32,172,5
32,173,1
32,174,1
32,175,0
32,176,5
32,177,4
32,178,3
32,179,1
32,180,5
32,181,4
32,182,4
32,183,4
32,184,4
32,185,5
32,186,3
32,187,0
32,188,2
32,189,1
32,190,5
32,191,0
32,192,3
32,193,2
32,194,3
32,195,4
32,196,0
32,197,5
32,198,0
32,199,3
32,200,5
32,201,5
32,202,1
32,203,1
32,204,4
32,205,5
32,206,2
32,207,5
32,208,5
32,209,3
32,210,2
32,211,5
32,212,5
32,213,0
32,214,4
32,215,3
32,216,5
32,217,3
32,218,3
32,219,3
32,220,5
32,221,2
32,222,0
32,223,2
32,224,5
32,225,4
32,226,3
32,227,4
32,228,5
32,229,3
32,230,0
32,231,5
32,232,3
32,233,4
32,234,0
32,235,5
32,236,2
32,237,2
32,238,5
32,239,0
32,240,1
32,241,2
32,242,5
32,243,4
32,244,1
32,245,2
32,246,5
32,247,1
32,248,1
32,249,1
32,250,5
32,251,2
32,252,5
32,253,0
32,254,1
32,255,5
32,256,5
32,257,0
32,258,1
32,259,2
32,260,2
32,261,2
32,262,5
32,263,3
32,264,2
32,265,4
32,266,4
32,267,5
32,268,4
32,269,4
32,270,5
32,271,1
32,272,5
32,273,4
32,274,2
32,275,1
32,276,4
32,277,0
32,278,0
32,279,0
32,280,0
32,281,0
33,1,3
33,2,3
33,3,3
33,4,5
33,5,2
33,6,1
33,7,4
33,8,3
33,9,5
33,10,3
33,11,3
33,12,3
33,13,2
33,14,3
33,15,5
33,16,2
33,17,0
33,18,2
33,19,1
33,20,3
33,21,2
33,22,4
33,23,2
33,24,5
33,25,5
33,26,4
33,27,5
33,28,5
33,29,2
33,30,1
33,31,1
33,32,1
33,33,5
33,34,2
33,35,4
33,36,5
33,37,4
33,38,4
33,39,1
33,40,1
33,41,5
33,42,5
33,43,0
33,44,1
33,45,5
33,46,2
33,47,1
33,48,0
33,49,3
33,50,3
33,51,5
33,52,3
33,53,2
33,54,1
33,55,5
33,56,2
33,57,3
33,58,2
33,59,5
33,60,0
33,61,5
33,62,2
33,63,5
33,64,0
33,65,5
33,66,1
33,67,1
33,68,3
33,69,0
33,70,2
33,71,5
33,72,5
33,73,5
33,74,2
33,75,5
33,76,2
33,77,4
33,78,3
33,79,2
33,80,4
33,81,3
33,82,1
33,83,1
33,84,1
33,85,1
33,86,3
33,87,4
33,88,0
33,89,5
33,90,5
33,91,4
33,92,0
33,93,4
33,94,0
33,95,4
33,96,4
33,97,4
33,98,2
33,99,1
33,100,5
33,101,5
33,102,2
33,103,1
33,104,5
33,105,3
33,106,2
33,107,2
33,108,5
33,109,5
33,110,4
33,111,1
33,112,1
33,113,5
33,114,4
33,115,2
33,116,0
33,117,0
33,118,5
33,119,5
33,120,2
33,121,2
33,122,5
33,123,2
33,124,0
33,125,4
33,126,4
33,127,2
33,128,2
33,129,5
33,130,0
33,131,1
33,132,3
33,133,3
33,134,3
33,135,1
33,136,4
33,137,4
33,138,5
33,139,5
33,140,1
33,141,5
33,142,5
33,143,1
33,144,5
33,145,3
33,146,1
33,147,3
33,148,4
33,149,4
33,150,5
33,151,0
33,152,3
33,153,3
33,154,5
33,155,3
33,156,2
33,157,5
33,158,1
33,159,1
33,160,2
33,161,4
33,162,2
33,163,5
33,164,0
33,165,5
33,166,4
33,167,5
33,168,5
33,169,0
33,170,0
33,171,0
33,172,4
33,173,3
33,174,5
33,175,3
33,176,5
33,177,2
33,178,4
33,179,2
33,180,5
33,181,3
33,182,5
33,183,2
33,184,0
33,185,4
33,186,5
33,187,0
33,188,3
33,189,5
33,190,5
33,191,2
33,192,1
33,193,1
33,194,0
33,195,5
34,1,0
34,2,0
34,3,3
34,4,0
34,5,5
34,6,5
34,7,4
34,8,2
34,9,5
34,10,0
34,11,5
34,12,2
34,13,5
34,14,1
34,15,1
34,16,5
34,17,2
34,18,2
34,19,4
34,20,4
34,21,1
34,22,0
34,23,0
34,24,2
34,25,0
34,26,3
34,27,1
34,28,2
34,29,1
34,30,0
34,31,5
34,32,3
34,33,0
34,34,3
34,35,0
34,36,3
34,37,0
34,38,1
34,39,5
34,40,5
34,41,3
34,42,2
34,43,1
34,44,4
34,45,0
34,46,0
34,47,2
34,48,2
34,49,0
34,50,0
34,51,2
34,52,5
34,53,2
34,54,5
34,55,5
34,56,4
34,57,5
34,58,5
34,59,5
34,60,2
34,61,1
34,62,5
34,63,5
34,64,0
34,65,3
34,66,1
34,67,5
34,68,5
34,69,2
34,70,5
34,71,2
34,72,1
34,73,2
34,74,0
34,75,1
34,76,3
34,77,2
34,78,0
34,79,2
34,80,0
34,81,4
34,82,4
34,83,5
34,84,0
34,85,5
34,86,5
34,87,4
34,88,2
34,89,4
34,90,5
34,91,1
34,92,1
34,93,2
34,94,0
34,95,2
34,96,1
34,97,4
34,98,5
34,99,4
34,100,0
34,101,3
34,102,2
34,103,2
34,104,3
34,105,3
34,106,1
34,107,0
34,108,3
34,109,4
34,110,1
34,111,0
34,112,5
34,113,5
34,114,5
34,115,3
34,116,3
34,117,4
34,118,5
34,119,1
34,120,5
34,121,2
34,122,5
34,123,5
34,124,5
34,125,4
34,126,2
34,127,5
34,128,5
34,129,4
34,130,1
34,131,2
34,132,4
34,133,5
34,134,5
34,135,2
34,136,2
34,137,3
34,138,2
34,139,1
34,140,0
34,141,4
34,142,5
34,143,2
34,144,1
34,145,5
34,146,5
34,147,0
34,148,1
34,149,3
34,150,5
34,151,0
34,152,5
34,153,3
34,154,1
34,155,2
34,156,4
34,157,5
34,158,4
34,159,4
34,160,0
34,161,3
34,162,5
34,163,3
34,164,5
34,165,0
34,166,3
34,167,1
34,168,4
34,169,3
34,170,1
34,171,2
34,172,2
34,173,3
34,174,3
34,175,1
34,176,5
34,177,5
34,178,1
34,179,5
34,180,5
34,181,3
34,182,5
34,183,5
34,184,2
34,185,5
34,186,5
34,187,4
34,188,3
34,189,0
34,190,4
34,191,0
34,192,2
34,193,5
34,194,2
34,195,4
34,196,1
34,197,0
34,198,0
34,199,0
34,200,5
34,201,2
34,202,3
34,203,4
34,204,2
34,205,1
35,1,5
35,2,0
35,3,5
35,4,5
35,5,1
35,6,5
35,7,5
35,8,4
35,9,4
35,10,4
35,11,2
35,12,5
35,13,5
35,14,3
35,15,1
35,16,0
35,17,1
35,18,4
35,19,5
35,20,5
35,21,3
35,22,0
35,23,5
35,24,5
35,25,5
35,26,1
35,27,0
35,28,3
35,29,2
35,30,1
35,31,4
35,32,2
35,33,4
35,34,2
35,35,5
35,36,1
35,37,3
35,38,0
35,39,2
35,40,2
35,41,2
35,42,2
35,43,3
35,44,1
35,45,1
35,46,1
35,47,5
35,48,5
35,49,1
35,50,2
35,51,0
35,52,2
35,53,4
35,54,0
35,55,2
35,56,2
35,57,4
35,58,5
35,59,2
35,60,5
35,61,2
35,62,5
35,63,1
35,64,4
35,65,2
35,66,5
35,67,0
35,68,4
35,69,4
35,70,2
35,71,2
35,72,5
35,73,1
35,74,1
35,75,1
35,76,3
35,77,3
35,78,0
35,79,0
35,80,5
35,81,1
35,82,1
35,83,3
35,84,4
35,85,3
35,86,5
35,87,5
35,88,0
35,89,2
35,90,2
35,91,5
35,92,5
35,93,0
35,94,4
35,95,1
35,96,3
35,97,0
35,98,1
35,99,5
35,100,0
35,101,5
35,102,2
35,103,4
35,104,0
35,105,0
35,106,1
35,107,2
35,108,3
35,109,2
35,110,5
35,111,3
35,112,3
35,113,1
35,114,3
35,115,0
35,116,1
35,117,5
35,118,2
35,119,1
35,120,3
35,121,1
35,122,2
35,123,5
35,124,1
35,125,5
35,126,0
35,127,3
35,128,2
35,129,2
35,130,5
35,131,1
35,132,0
35,133,2
35,134,3
35,135,5
35,136,4
35,137,0
35,138,4
35,139,0
35,140,0
35,141,3
35,142,5
35,143,2
35,144,0
35,145,4
35,146,1
35,147,2
35,148,0
35,149,5
35,150,5
35,151,2
35,152,0
35,153,3
35,154,2
35,155,5
35,156,4
35,157,1
35,158,1
35,159,0
35,160,1
35,161,0
35,162,0
35,163,5
35,164,5
35,165,4
35,166,2
35,167,2
35,168,4
35,169,5
35,170,1
35,171,5
35,172,1
35,173,5
35,174,1
35,175,2
35,176,0
35,177,5
35,178,0
35,179,5
35,180,5
35,181,3
35,182,5
35,183,4
35,184,3
35,185,5
35,186,3
35,187,1
35,188,3
35,189,4
35,190,5
35,191,3
35,192,0
35,193,5
35,194,4
35,195,1
35,196,5
36,1,2
36,2,2
36,3,4
36,4,4
36,5,2
36,6,2
36,7,5
36,8,1
36,9,5
36,10,3
36,11,1
36,12,3
36,13,0
36,14,5
36,15,4
36,16,3
36,17,2
36,18,2
36,19,0
36,20,5
36,21,0
36,22,5
36,23,3
36,24,3
36,25,5
36,26,5
36,27,4
36,28,0
36,29,0
36,30,4
36,31,0
36,32,3
36,33,5
36,34,1
36,35,5
36,36,4
36,37,5
36,38,1
36,39,0
36,40,0
36,41,5
36,42,4
36,43,4
36,44,5
36,45,5
36,46,4
36,47,5
36,48,2
36,49,0
36,50,1
36,51,4
36,52,5
36,53,1
36,54,5
36,55,4
36,56,2
36,57,0
36,58,1
36,59,3
36,60,2
36,61,5
36,62,0
36,63,2
36,64,4
36,65,0
36,66,1
36,67,5
36,68,4
36,69,5
36,70,5
36,71,4
36,72,0
36,73,5
36,74,4
36,75,5
36,76,3
36,77,5
36,78,3
36,79,0
36,80,3
36,81,2
36,82,5
36,83,3
36,84,5
36,85,3
36,86,2
36,87,5
36,88,5
36,89,0
36,90,0
36,91,2
36,92,5
36,93,2
36,94,2
36,95,4
36,96,5
36,97,3
36,98,1
36,99,5
36,100,5
36,101,2
36,102,0
36,103,3
36,104,2
36,105,2
36,106,2
36,107,0
36,108,2
36,109,5
36,110,3
36,111,1
36,112,4
36,113,5
36,114,1
36,115,4
36,116,1
36,117,1
36,118,1
36,119,5
36,120,5
36,121,5
36,122,0
36,123,5
36,124,5
36,125,5
36,126,4
36,127,1
36,128,4
36,129,1
36,130,3
36,131,4
36,132,4
36,133,3
36,134,3
36,135,2
36,136,1
36,137,3
36,138,2
36,139,5
36,140,2
36,141,4
36,142,3
36,143,5
36,144,4
36,145,1
36,146,1
36,147,0
36,148,0
36,149,1
36,150,4
36,151,0
36,152,2
36,153,4
36,154,3
36,155,0
36,156,0
36,157,5
36,158,1
36,159,4
36,160,0
36,161,0
36,162,0
36,163,5
36,164,5
36,165,1
36,166,4
36,167,3
36,168,1
36,169,2
36,170,1
36,171,5
36,172,4
36,173,3
36,174,1
36,175,3
36,176,5
36,177,0
36,178,4
36,179,0
36,180,3
36,181,5
36,182,1
36,183,1
36,184,4
36,185,4
36,186,0
36,187,5
36,188,1
36,189,0
36,190,0
36,191,0
36,192,3
36,193,2
36,194,3
36,195,3
36,196,4
36,197,0
36,198,2
36,199,4
36,200,3
36,201,0
36,202,0
36,203,1
37,1,3
37,2,3
37,3,2
37,4,5
37,5,4
37,6,5
37,7,2
37,8,5
37,9,3
37,10,5
37,11,0
37,12,5
37,13,2
37,14,5
37,15,2
37,16,2
37,17,5
37,18,1
37,19,0
37,20,4
37,21,0
37,22,0
37,23,4
37,24,2
37,25,1
37,26,2
37,27,2
37,28,3
37,29,5
37,30,3
37,31,5
37,32,1
37,33,4
37,34,2
37,35,2
37,36,1
37,37,3
37,38,0
37,39,3
37,40,1
37,41,5
37,42,0
37,43,4
37,44,3
37,45,5
37,46,1
37,47,2
37,48,5
37,49,1
37,50,0
37,51,4
37,52,5
37,53,2
37,54,1
37,55,5
37,56,4
37,57,0
37,58,1
37,59,0
37,60,4
37,61,3
37,62,3
37,63,0
37,64,5
37,65,1
37,66,4
37,67,0
37,68,5
37,69,0
37,70,2
37,71,4
37,72,5
37,73,5
37,74,4
37,75,4
37,76,3
37,77,5
37,78,4
37,79,0
37,80,4
37,81,0
37,82,3
37,83,1
37,84,5
37,85,2
37,86,0
37,87,5
37,88,5
37,89,5
37,90,5
37,91,5
37,92,5
37,93,2
37,94,2
37,95,2
37,96,1
37,97,5
37,98,5
37,99,5
37,100,4
37,101,5
37,102,4
37,103,4
37,104,0
37,105,1
37,106,1
37,107,2
37,108,2
37,109,5
37,110,3
37,111,0
37,112,1
37,113,4
37,114,5
37,115,0
37,116,3
37,117,2
37,118,3
37,119,4
37,120,1
37,121,3
37,122,4
37,123,3
37,124,2
37,125,3
37,126,3
37,127,3
37,128,2
37,129,5
37,130,4
37,131,3
37,132,2
37,133,5
37,134,4
37,135,0
37,136,5
37,137,5
37,138,2
37,139,2
37,140,4
37,141,5
37,142,5
37,143,1
37,144,0
37,145,4
37,146,0
37,147,2
37,148,5
37,149,3
37,150,5
37,151,3
37,152,0
37,153,5
37,154,1
37,155,1
37,156,4
37,157,5
37,158,4
37,159,5
37,160,3
37,161,0
37,162,3
37,163,2
37,164,1
37,165,5
37,166,1
37,167,5
37,168,2
37,169,4
37,170,3
37,171,2
37,172,0
37,173,2
37,174,2
37,175,0
37,176,0
37,177,0
37,178,5
37,179,5
37,180,1
37,181,2
37,182,5
37,183,2
37,184,4
37,185,1
37,186,5
37,187,0
37,188,0
37,189,5
37,190,3
37,191,4
37,192,2
37,193,3
37,194,0
37,195,0
37,196,5
37,197,5
37,198,1
37,199,3
37,200,5
37,201,3
37,202,3
37,203,3
37,204,0
37,205,5
37,206,1
37,207,1
37,208,5
37,209,4
37,210,0
38,1,3
38,2,0
38,3,4
38,4,3
38,5,0
38,6,1
38,7,5
38,8,0
38,9,0
38,10,2
38,11,1
38,12,1
38,13,5
38,14,2
38,15,5
38,16,1
38,17,1
38,18,5
38,19,2
38,20,1
38,21,2
38,22,5
38,23,3
38,24,3
38,25,3
38,26,0
38,27,5
38,28,4
38,29,0
38,30,5
38,31,0
38,32,3
38,33,5
38,34,5
38,35,2
38,36,0
38,37,5
38,38,5
38,39,1
38,40,2
38,41,3
38,42,3
38,43,4
38,44,0
38,45,1
38,46,1
38,47,5
38,48,2
38,49,0
38,50,4
38,51,4
38,52,0
38,53,2
38,54,2
38,55,1
38,56,1
38,57,4
38,58,3
38,59,3
38,60,4
38,61,5
38,62,4
38,63,2
38,64,1
38,65,1
38,66,4
38,67,0
38,68,0
38,69,5
38,70,5
38,71,2
38,72,1
38,73,4
38,74,4
38,75,0
38,76,5
38,77,1
38,78,5
38,79,1
38,80,4
38,81,0
38,82,1
38,83,5
38,84,1
38,85,5
38,86,4
38,87,0
38,88,2
38,89,2
38,90,0
38,91,5
38,92,5
38,93,3
38,94,2
38,95,3
38,96,3
38,97,0
38,98,4
38,99,3
38,100,5
38,101,3
38,102,5
38,103,4
38,104,4
38,105,1
38,106,0
38,107,2
38,108,5
38,109,3
38,110,2
38,111,2
38,112,4
38,113,5
38,114,3
38,115,1
38,116,4
38,117,3
38,118,5
38,119,3
38,120,5
38,121,2
38,122,4
38,123,0
38,124,0
38,125,0
38,126,1
38,127,1
38,128,5
38,129,3
38,130,1
38,131,2
38,132,1
38,133,5
38,134,2
38,135,2
38,136,3
38,137,0
38,138,2
38,139,0
38,140,0
38,141,5
38,142,0
38,143,3
38,144,2
38,145,2
38,146,5
38,147,5
38,148,3
38,149,1
38,150,1
38,151,1
38,152,3
38,153,0
38,154,3
38,155,3
38,156,5
38,157,2
38,158,1
38,159,3
38,160,4
38,161,0
38,162,1
38,163,1
38,164,4
38,165,3
38,166,2
38,167,5
38,168,4
38,169,5
38,170,4
38,171,2
38,172,1
38,173,5
38,174,5
38,175,3
38,176,4
38,177,5
39,1,3
39,2,1
39,3,2
39,4,5
39,5,5
39,6,2
39,7,5
39,8,1
39,9,5
39,10,5
39,11,3
39,12,4
39,13,5
39,14,5
39,15,4
39,16,2
39,17,5
39,18,4
39,19,0
39,20,3
39,21,3
39,22,0
39,23,5
39,24,2
39,25,5
39,26,4
39,27,2
39,28,0
39,29,5
39,30,1
39,31,5
39,32,5
39,33,4
39,34,1
39,35,5
39,36,4
39,37,0
39,38,1
39,39,0
39,40,0
39,41,5
39,42,5
39,43,2
39,44,0
39,45,2
39,46,4
39,47,5
39,48,4
39,49,4
39,50,4
39,51,0
39,52,2
39,53,3
39,54,5
39,55,1
39,56,2
39,57,1
39,58,5
39,59,3
39,60,3
39,61,3
39,62,4
39,63,5
39,64,0
39,65,2
39,66,5
39,67,0
39,68,5
39,69,5
39,70,5
39,71,5
39,72,2
39,73,0
39,74,1
39,75,3
39,76,3
39,77,2
39,78,3
39,79,5
39,80,5
39,81,1
39,82,0
39,83,4
39,84,4
39,85,2
39,86,5
39,87,0
39,88,3
39,89,0
39,90,3
39,91,1
39,92,0
39,93,2
39,94,4
39,95,2
39,96,2
39,97,0
39,98,5
39,99,3
39,100,0
39,101,5
39,102,1
39,103,3
39,104,5
39,105,4
39,106,1
39,107,0
39,108,0
39,109,4
39,110,1
39,111,5
39,112,5
39,113,1
39,114,4
39,115,1
39,116,5
39,117,1
39,118,0
39,119,5
39,120,0
39,121,4
39,122,4
39,123,0
39,124,1
39,125,0
39,126,4
39,127,4
39,128,2
39,129,4
39,130,0
39,131,3
39,132,0
39,133,3
39,134,2
39,135,5
39,136,3
39,137,3
39,138,0
39,139,1
39,140,5
39,141,5
39,142,0
39,143,2
39,144,1
39,145,0
39,146,4
39,147,5
39,148,1
39,149,1
39,150,0
39,151,2
39,152,3
39,153,5
39,154,0
39,155,5
39,156,1
39,157,5
39,158,5
39,159,5
39,160,4
39,161,5
39,162,4
39,163,1
39,164,0
39,165,0
39,166,5
39,167,0
39,168,1
39,169,4
39,170,3
39,171,1
39,172,5
39,173,4
39,174,5
39,175,4
39,176,3
39,177,4
39,178,2
39,179,0
39,180,2
39,181,5
39,182,3
39,183,5
39,184,3
39,185,2
39,186,1
39,187,2
39,188,5
39,189,0
39,190,0
39,191,3
39,192,0
39,193,4
39,194,2
39,195,5
39,196,2
39,197,1
39,198,5
39,199,4
39,200,1
39,201,5
39,202,3
39,203,2
39,204,1
39,205,5
39,206,3
39,207,3
39,208,1
39,209,0
39,210,5
39,211,5
39,212,4
39,213,2
39,214,5
40,1,2
40,2,4
40,3,2
40,4,2
40,5,5
40,6,4
40,7,5
40,8,3
40,9,0
40,10,2
40,11,0
40,12,4
40,13,2
40,14,4
40,15,4
40,16,5
40,17,2
40,18,4
40,19,3
40,20,5
40,21,5
40,22,5
40,23,5
40,24,1
40,25,2
40,26,5
40,27,5
40,28,2
40,29,4
40,30,5
40,31,0
40,32,0
40,33,2
40,34,5
40,35,5
40,36,2
40,37,1
40,38,1
40,39,0
40,40,3
40,41,0
40,42,1
40,43,1
40,44,1
40,45,1
40,46,4
40,47,4
40,48,0
40,49,2
40,50,0
40,51,2
40,52,3
40,53,4
40,54,3
40,55,2
40,56,4
40,57,3
40,58,4
40,59,5
40,60,4
40,61,1
40,62,2
40,63,3
40,64,5
40,65,3
40,66,3
40,67,4
40,68,2
40,69,2
40,70,0
40,71,5
40,72,2
40,73,1
40,74,0
40,75,3
40,76,0
40,77,2
40,78,3
40,79,4
40,80,1
40,81,2
40,82,3
40,83,1
40,84,2
40,85,1
40,86,0
40,87,5
40,88,1
40,89,4
40,90,0
40,91,4
40,92,3
40,93,3
40,94,3
40,95,5
40,96,5
40,97,2
40,98,1
40,99,0
40,100,0
40,101,2
40,102,2
40,103,1
40,104,5
40,105,5
40,106,4
40,107,5
40,108,5
40,109,4
40,110,5
40,111,5
40,112,1
40,113,4
40,114,4
40,115,4
40,116,1
40,117,4
40,118,3
40,119,4
40,120,0
40,121,3
40,122,1
40,123,4
40,124,0
40,125,5
40,126,5
40,127,0
40,128,5
40,129,5
40,130,1
40,131,5
40,132,2
40,133,3
40,134,2
40,135,3
40,136,5
40,137,0
40,138,3
40,139,4
40,140,5
40,141,0
40,142,2
40,143,4
40,144,2
40,145,3
40,146,0
40,147,4
40,148,3
40,149,5
40,150,4
40,151,1
40,152,5
40,153,1
40,154,4
40,155,3
40,156,0
40,157,1
40,158,3
40,159,5
40,160,2
40,161,1
40,162,1
40,163,0
40,164,5
40,165,2
40,166,4
40,167,0
40,168,4
40,169,5
40,170,1
40,171,4
40,172,4
40,173,3
40,174,0
40,175,5
40,176,0
40,177,5
40,178,5
40,179,0
40,180,5
40,181,1
40,182,4
40,183,2
40,184,5
40,185,4
40,186,0
40,187,1
40,188,0
40,189,4
40,190,3
40,191,4
40,192,5
40,193,5
41,1,2
41,2,0
41,3,2
41,4,2
41,5,1
41,6,5
41,7,1
41,8,5
41,9,4
41,10,4
41,11,5
41,12,1
41,13,0
41,14,1
41,15,1
41,16,5
41,17,0
41,18,0
41,19,5
41,20,5
41,21,1
41,22,3
41,23,1
41,24,5
41,25,2
41,26,1
41,27,5
41,28,5
41,29,2
41,30,3
41,31,5
41,32,2
41,33,1
41,34,3
41,35,1
41,36,0
41,37,3
41,38,1
41,39,3
41,40,5
41,41,1
41,42,5
41,43,5
41,44,4
41,45,3
41,46,5
41,47,5
41,48,5
41,49,2
41,50,5
41,51,5
41,52,3
41,53,1
41,54,4
41,55,3
41,56,4
41,57,1
41,58,5
41,59,5
41,60,5
41,61,4
41,62,5
41,63,3
41,64,3
41,65,5
41,66,2
41,67,2
41,68,5
41,69,5
41,70,5
41,71,5
41,72,1
41,73,1
41,74,2
41,75,5
41,76,0
41,77,3
41,78,4
41,79,0
41,80,1
41,81,2
41,82,5
41,83,2
41,84,3
41,85,2
41,86,4
41,87,4
41,88,5
41,89,2
41,90,4
41,91,0
41,92,2
41,93,4
41,94,0
41,95,5
41,96,5
41,97,3
41,98,4
41,99,0
41,100,1
41,101,2
41,102,2
41,103,5
41,104,5
41,105,5
41,106,0
41,107,2
41,108,0
41,109,2
41,110,0
41,111,1
41,112,5
41,113,3
41,114,0
41,115,0
41,116,1
41,117,1
41,118,5
41,119,5
41,120,1
41,121,5
41,122,1
41,123,5
41,124,4
41,125,1
41,126,5
41,127,4
41,128,5
41,129,0
41,130,2
41,131,2
41,132,5
41,133,2
41,134,2
41,135,2
41,136,5
41,137,4
41,138,4
41,139,5
41,140,5
41,141,0
41,142,3
41,143,2
41,144,3
41,145,4
41,146,5
41,147,5
41,148,2
41,149,1
41,150,3
41,151,0
41,152,5
41,153,0
41,154,3
41,155,2
41,156,5
41,157,4
41,158,1
41,159,4
41,160,5
41,161,5
41,162,5
41,163,0
41,164,5
41,165,3
41,166,2
41,167,1
41,168,4
41,169,0
41,170,0
41,171,1
41,172,4
41,173,5
41,174,4
41,175,0
41,176,5
41,177,1
41,178,5
41,179,2
41,180,4
41,181,5
41,182,1
41,183,3
41,184,1
41,185,2
41,186,3
41,187,2
41,188,5
41,189,0
41,190,4
41,191,0
41,192,2
41,193,4
41,194,0
41,195,1
41,196,4
41,197,3
41,198,3
41,199,2
41,200,3
41,201,4
41,202,1
41,203,2
41,204,0
41,205,1
41,206,3
41,207,5
41,208,5
41,209,5
41,210,5
41,211,4
41,212,2
41,213,0
41,214,0
41,215,5
41,216,1
41,217,1
41,218,2
41,219,2
41,220,4
41,221,4
41,222,3
41,223,2
41,224,4
41,225,0
41,226,3
41,227,4
41,228,0
41,229,4
41,230,1
41,231,2
41,232,3
41,233,1
41,234,0
41,235,5
41,236,2
41,237,5
41,238,3
41,239,2
41,240,1
41,241,4
41,242,3
41,243,0
41,244,2
41,245,3
41,246,1
41,247,3
41,248,1
41,249,2
41,250,1
41,251,1
41,252,4
41,253,4
41,254,4
41,255,0
41,256,0
41,257,0
41,258,4
41,259,4
41,260,2
41,261,2
41,262,4
42,1,0
42,2,2
42,3,0
42,4,5
42,5,0
42,6,2
42,7,1
42,8,5
42,9,5
42,10,1
42,11,3
42,12,1
42,13,2
42,14,4
42,15,0
42,16,5
42,17,1
42,18,0
42,19,4
42,20,1
42,21,2
42,22,2
42,23,5
42,24,4
42,25,5
42,26,5
42,27,3
42,28,5
42,29,2
42,30,2
42,31,3
42,32,5
42,33,5
42,34,5
42,35,1
42,36,0
42,37,3
42,38,1
42,39,5
42,40,5
42,41,4
42,42,5
42,43,3
42,44,0
42,45,3
42,46,4
42,47,4
42,48,1
42,49,5
42,50,1
42,51,2
42,52,4
42,53,2
42,54,2
42,55,2
42,56,5
42,57,5
42,58,3
42,59,5
42,60,5
42,61,4
42,62,4
42,63,2
42,64,5
42,65,5
42,66,5
42,67,2
42,68,3
42,69,4
42,70,3
42,71,4
42,72,5
42,73,4
42,74,1
42,75,3
42,76,0
42,77,0
42,78,0
42,79,2
42,80,1
42,81,5
42,82,1
42,83,5
42,84,5
42,85,5
42,86,5
42,87,5
42,88,5
42,89,3
42,90,0
42,91,2
42,92,4
42,93,5
42,94,5
42,95,4
42,96,0
42,97,4
42,98,5
42,99,1
42,100,5
42,101,5
42,102,0
42,103,0
42,104,5
42,105,1
42,106,1
42,107,1
42,108,3
42,109,1
42,110,5
42,111,5
42,112,5
42,113,3
42,114,4
42,115,0
42,116,2
42,117,4
42,118,3
42,119,1
42,120,2
42,121,2
42,122,5
42,123,3
42,124,5
42,125,4
42,126,5
42,127,1
42,128,2
42,129,2
42,130,4
42,131,1
42,132,3
42,133,0
42,134,3
42,135,2
42,136,0
42,137,3
42,138,1
42,139,4
42,140,1
42,141,5
42,142,1
42,143,0
42,144,4
42,145,1
42,146,4
42,147,5
42,148,1
42,149,0
42,150,5
42,151,3
42,152,1
42,153,3
42,154,5
42,155,3
42,156,1
42,157,5
42,158,4
42,159,3
42,160,3
42,161,4
42,162,4
42,163,1
42,164,4
42,165,1
42,166,3
42,167,3
42,168,3
42,169,5
42,170,3
42,171,4
42,172,3
42,173,0
42,174,5
42,175,2
42,176,5
42,177,2
42,178,5
42,179,3
42,180,0
42,181,5
42,182,3
42,183,1
42,184,0
42,185,1
42,186,5
42,187,3
42,188,5
42,189,0
42,190,4
42,191,1
42,192,1
42,193,2
42,194,5
42,195,1
42,196,2
42,197,2
42,198,5
42,199,5
42,200,4
42,201,5
42,202,1
42,203,0
42,204,3
42,205,0
42,206,4
42,207,2
42,208,2
42,209,3
42,210,3
42,211,0
42,212,0
42,213,3
42,214,5
42,215,0
42,216,5
42,217,2
42,218,4
42,219,5
42,220,1
42,221,5
43,1,4
43,2,0
43,3,0
43,4,1
43,5,1
43,6,1
43,7,5
43,8,1
43,9,4
43,10,3
43,11,5
43,12,5
43,13,2
43,14,2
43,15,3
43,16,5
43,17,4
43,18,0
43,19,5
43,20,1
43,21,3
43,22,2
43,23,5
43,24,4
43,25,5
43,26,2
43,27,5
43,28,4
43,29,5
43,30,5
43,31,5
43,32,0
43,33,3
43,34,1
43,35,0
43,36,1
43,37,1
43,38,0
43,39,2
43,40,2
43,41,1
43,42,0
43,43,4
43,44,5
43,45,0
43,46,4
43,47,5
43,48,1
43,49,2
43,50,5
43,51,1
43,52,1
43,53,4
43,54,5
43,55,3
43,56,3
43,57,0
43,58,4
43,59,3
43,60,5
43,61,3
43,62,1
43,63,3
43,64,2
43,65,1
43,66,5
43,67,4
43,68,5
43,69,5
43,70,0
43,71,2
43,72,2
43,73,2
43,74,5
43,75,0
43,76,1
43,77,4
43,78,3
43,79,5
43,80,5
43,81,5
43,82,3
43,83,0
43,84,5
43,85,2
43,86,3
43,87,0
43,88,4
43,89,3
43,90,3
43,91,5
43,92,5
43,93,4
43,94,1
43,95,5
43,96,1
43,97,4
43,98,4
43,99,3
43,100,1
43,101,3
43,102,5
43,103,5
43,104,1
43,105,5
43,106,3
43,107,2
43,108,3
43,109,1
43,110,3
43,111,4
43,112,1
43,113,4
43,114,5
43,115,5
43,116,1
43,117,1
43,118,4
43,119,5
43,120,4
43,121,4
43,122,1
43,123,4
43,124,3
43,125,4
43,126,2
43,127,5
43,128,2
43,129,4
43,130,4
43,131,2
43,132,1
43,133,0
43,134,3
43,135,0
43,136,5
43,137,2
43,138,5
43,139,1
43,140,0
43,141,0
43,142,4
43,143,5
43,144,0
43,145,0
43,146,5
43,147,3
43,148,5
43,149,5
43,150,1
43,151,5
43,152,2
43,153,3
43,154,2
43,155,5
43,156,0
43,157,0
43,158,2
43,159,3
43,160,5
43,161,4
43,162,4
43,163,4
43,164,1
43,165,2
43,166,1
43,167,5
43,168,0
43,169,2
43,170,0
43,171,2
43,172,1
43,173,4
43,174,1
43,175,0
43,176,3
43,177,5
43,178,0
43,179,1
43,180,0
43,181,5
43,182,1
43,183,3
43,184,1
43,185,4
43,186,2
43,187,2
43,188,0
43,189,4
43,190,4
43,191,1
43,192,5
43,193,3
43,194,1
43,195,2
43,196,5
43,197,5
43,198,2
43,199,4
43,200,5
43,201,3
43,202,3
43,203,4
43,204,3
43,205,5
43,206,3
43,207,3
43,208,2
43,209,5
43,210,2
43,211,5
44,1,3
44,2,1
44,3,5
44,4,4
44,5,0
44,6,3
44,7,4
44,8,2
44,9,1
44,10,5
44,11,5
44,12,1
44,13,5
44,14,1
44,15,4
44,16,1
44,17,4
44,18,5
44,19,4
44,20,1
44,21,2
44,22,0
44,23,0
44,24,3
44,25,0
44,26,0
44,27,3
44,28,2
44,29,1
44,30,5
44,31,4
44,32,5
44,33,0
44,34,3
44,35,5
44,36,2
44,37,3
44,38,1
44,39,3
44,40,4
44,41,4
44,42,0
44,43,0
44,44,0
44,45,5
44,46,1
44,47,4
44,48,5
44,49,4
44,50,4
44,51,1
44,52,1
44,53,1
44,54,0
44,55,2
44,56,3
44,57,1
44,58,0
44,59,5
44,60,1
44,61,1
44,62,3
44,63,4
44,64,5
44,65,0
44,66,0
44,67,1
44,68,5
44,69,0
44,70,2
44,71,5
44,72,0
44,73,2
44,74,3
44,75,5
44,76,1
44,77,4
44,78,1
44,79,2
44,80,0
44,81,5
44,82,3
44,83,5
44,84,5
44,85,2
44,86,0
44,87,3
44,88,5
44,89,5
44,90,4
44,91,0
44,92,5
44,93,5
44,94,0
44,95,2
44,96,4
44,97,0
44,98,4
44,99,4
44,100,5
44,101,5
44,102,1
44,103,2
44,104,5
44,105,5
44,106,5
44,107,5
44,108,1
44,109,5
44,110,0
44,111,5
44,112,3
44,113,5
44,114,3
44,115,4
44,116,2
44,117,3
44,118,1
44,119,4
44,120,4
44,121,4
44,122,4
44,123,5
44,124,2
44,125,0
44,126,5
44,127,2
44,128,2
44,129,4
44,130,5
44,131,5
44,132,3
44,133,2
44,134,2
44,135,3
44,136,5
44,137,0
44,138,0
44,139,4
44,140,5
44,141,0
44,142,3
44,143,1
44,144,0
44,145,5
44,146,5
44,147,0
44,148,3
44,149,2
44,150,0
44,151,5
44,152,5
44,153,1
44,154,5
44,155,1
44,156,3
44,157,4
44,158,5
44,159,2
44,160,4
44,161,3
44,162,3
44,163,1
44,164,1
44,165,0
44,166,2
44,167,5
44,168,2
44,169,5
44,170,5
44,171,5
44,172,4
44,173,4
44,174,4
44,175,5
44,176,2
44,177,3
44,178,4
44,179,2
44,180,3
44,181,2
44,182,4
44,183,3
44,184,5
44,185,1
44,186,5
44,187,1
44,188,1
44,189,1
44,190,1
44,191,1
44,192,5
44,193,2
44,194,5
44,195,4
44,196,4
44,197,2
44,198,3
44,199,0
44,200,2
44,201,5
44,202,1
44,203,2
44,204,4
44,205,3
45,1,5
45,2,0
45,3,5
45,4,5
45,5,1
45,6,5
45,7,5
45,8,3
45,9,4
45,10,4
45,11,1
45,12,5
45,13,5
45,14,3
45,15,0
45,16,0
45,17,1
45,18,4
45,19,5
45,20,5
45,21,2
45,22,5
45,23,5
45,24,4
45,25,1
45,26,2
45,27,2
45,28,1
45,29,4
45,30,2
45,31,4
45,32,1
45,33,5
45,34,0
45,35,3
45,36,2
45,37,2
45,38,2
45,39,2
45,40,3
45,41,0
45,42,1
45,43,0
45,44,5
45,45,5
45,46,1
45,47,2
45,48,0
45,49,2
45,50,5
45,51,4
45,52,0
45,53,2
45,54,2
45,55,4
45,56,5
45,57,2
45,58,5
45,59,1
45,60,4
45,61,1
45,62,3
45,63,2
45,64,5
45,65,4
45,66,4
45,67,2
45,68,2
45,69,5
45,70,1
45,71,0
45,72,1
45,73,3
45,74,3
45,75,0
45,76,4
45,77,1
45,78,1
45,79,3
45,80,4
45,81,3
45,82,5
45,83,5
45,84,0
45,85,2
45,86,2
45,87,5
45,88,4
45,89,3
45,90,1
45,91,2
45,92,0
45,93,1
45,94,5
45,95,0
45,96,5
45,97,2
45,98,4
45,99,0
45,100,0
45,101,5
45,102,1
45,103,2
45,104,3
45,105,2
45,106,5
45,107,3
45,108,3
45,109,1
45,110,3
45,111,0
45,112,0
45,113,5
45,114,2
45,115,1
45,116,2
45,117,1
45,118,2
45,119,5
45,120,1
45,121,5
45,122,3
45,123,1
45,124,2
45,125,5
45,126,1
45,127,0
45,128,2
45,129,3
45,130,5
45,131,4
45,132,0
45,133,4
45,134,5
45,135,0
45,136,3
45,137,5
45,138,2
45,139,0
45,140,4
45,141,0
45,142,2
45,143,0
45,144,5
45,145,5
45,146,2
45,147,0
45,148,3
45,149,2
45,150,5
45,151,4
46,1,5
46,2,2
46,3,4
46,4,5
46,5,0
46,6,2
46,7,5
46,8,4
46,9,4
46,10,0
46,11,1
46,12,4
46,13,0
46,14,2
46,15,1
46,16,4
46,17,5
46,18,1
46,19,3
46,20,5
46,21,2
46,22,2
46,23,0
46,24,1
46,25,5
46,26,2
46,27,3
46,28,2
46,29,4
46,30,4
46,31,5
46,32,5
46,33,0
46,34,4
46,35,3
46,36,2
46,37,4
46,38,2
46,39,3
46,40,0
46,41,2
46,42,5
46,43,5
46,44,5
46,45,4
46,46,1
46,47,0
46,48,5
46,49,0
46,50,5
46,51,1
46,52,2
46,53,2
46,54,3
46,55,4
46,56,3
46,57,4
46,58,1
46,59,0
46,60,5
46,61,2
46,62,5
46,63,1
46,64,5
46,65,2
46,66,3
46,67,1
46,68,3
46,69,2
46,70,0
46,71,5
46,72,4
46,73,2
46,74,2
46,75,1
46,76,5
46,77,0
46,78,4
46,79,0
46,80,2
46,81,3
46,82,0
46,83,3
46,84,1
46,85,5
46,86,0
46,87,3
46,88,5
46,89,5
46,90,5
46,91,5
46,92,1
46,93,5
46,94,5
46,95,3
46,96,2
46,97,1
46,98,4
46,99,5
46,100,3
46,101,1
46,102,5
46,103,5
46,104,3
46,105,0
46,106,2
46,107,0
46,108,0
46,109,5
46,110,3
46,111,5
46,112,0
46,113,3
46,114,1
46,115,0
46,116,3
46,117,1
46,118,0
46,119,5
46,120,3
46,121,5
46,122,3
46,123,4
46,124,5
46,125,4
46,126,2
46,127,2
46,128,2
46,129,3
46,130,4
46,131,5
46,132,2
46,133,4
46,134,1
46,135,4
46,136,1
46,137,5
46,138,2
46,139,2
46,140,1
46,141,5
46,142,2
46,143,3
46,144,2
46,145,3
46,146,3
46,147,5
46,148,0
46,149,5
46,150,3
46,151,5
46,152,5
46,153,1
46,154,5
46,155,5
46,156,1
46,157,0
46,158,4
46,159,2
46,160,1
46,161,5
46,162,1
46,163,1
46,164,3
46,165,1
46,166,2
46,167,0
46,168,3
46,169,5
46,170,5
46,171,2
46,172,3
46,173,2
46,174,2
46,175,0
46,176,0
46,177,5
46,178,2
46,179,0
46,180,0
46,181,5
46,182,5
46,183,5
46,184,1
46,185,5
46,186,0
46,187,3
46,188,3
46,189,0
46,190,2
46,191,5
46,192,3
46,193,4
46,194,5
46,195,1
46,196,4
46,197,1
46,198,1
46,199,5
46,200,0
46,201,5
47,1,2
47,2,4
47,3,2
47,4,1
47,5,2
47,6,3
47,7,5
47,8,1
47,9,5
47,10,5
47,11,3
47,12,1
47,13,5
47,14,2
47,15,5
47,16,0
47,17,1
47,18,4
47,19,0
47,20,1
47,21,5
47,22,2
47,23,2
47,24,1
47,25,2
47,26,3
47,27,5
47,28,5
47,29,0
47,30,3
47,31,4
47,32,2
47,33,4
47,34,0
47,35,3
47,36,5
47,37,5
47,38,1
47,39,0
47,40,1
47,41,4
47,42,3
47,43,2
47,44,1
47,45,1
47,46,1
47,47,2
47,48,5
47,49,0
47,50,0
47,51,4
47,52,0
47,53,4
47,54,5
47,55,5
47,56,3
47,57,1
47,58,3
47,59,1
47,60,4
47,61,5
47,62,5
47,63,0
47,64,5
47,65,5
47,66,3
47,67,5
47,68,5
47,69,2
47,70,2
47,71,2
47,72,4
47,73,1
47,74,5
47,75,5
47,76,2
47,77,4
47,78,2
47,79,5
47,80,5
47,81,3
47,82,5
47,83,5
47,84,5
47,85,0
47,86,3
47,87,3
47,88,4
47,89,4
47,90,3
47,91,2
47,92,2
47,93,0
47,94,5
47,95,0
47,96,2
47,97,4
47,98,5
47,99,3
47,100,5
47,101,1
47,102,2
47,103,1
47,104,0
47,105,3
47,106,1
47,107,5
47,108,5
47,109,1
47,110,2
47,111,5
47,112,1
47,113,3
47,114,5
47,115,4
47,116,1
47,117,5
47,118,4
47,119,5
47,120,3
47,121,2
47,122,4
47,123,1
47,124,3
47,125,3
47,126,1
47,127,2
47,128,4
47,129,5
47,130,1
47,131,5
47,132,3
47,133,3
47,134,4
47,135,5
47,136,3
47,137,0
47,138,1
47,139,4
47,140,2
47,141,3
47,142,2
47,143,4
47,144,4
47,145,0
47,146,3
47,147,5
47,148,3
47,149,2
47,150,4
47,151,1
47,152,1
47,153,0
47,154,2
47,155,4
47,156,5
47,157,0
47,158,2
47,159,0
47,160,5
47,161,3
47,162,5
47,163,5
47,164,4
47,165,3
47,166,5
47,167,4
47,168,2
47,169,4
47,170,0
47,171,3
47,172,4
47,173,5
47,174,2
47,175,0
47,176,2
47,177,5
47,178,0
47,179,2
47,180,3
47,181,4
47,182,1
47,183,3
47,184,0
47,185,3
47,186,0
47,187,1
47,188,4
47,189,3
47,190,2
47,191,2
47,192,3
47,193,3
47,194,1
47,195,5
47,196,1
47,197,0
47,198,5
47,199,2
47,200,3
47,201,0
47,202,0
47,203,5
47,204,1
47,205,3
47,206,1
47,207,5
47,208,3
47,209,1
47,210,4
47,211,3
47,212,5
47,213,4
47,214,0
47,215,3
47,216,5
47,217,0
47,218,5
47,219,5
47,220,4
47,221,3
47,222,4
47,223,3
47,224,0
47,225,4
47,226,2
47,227,4
47,228,0
47,229,5
47,230,1
47,231,5
47,232,0
47,233,5
47,234,5
47,235,2
47,236,1
47,237,4
47,238,0
47,239,0
47,240,0
47,241,3
47,242,5
47,243,2
47,244,1
47,245,2
47,246,5
48,1,4
48,2,4
48,3,2
48,4,1
48,5,5
48,6,4
48,7,0
48,8,5
48,9,2
48,10,4
48,11,4
48,12,3
48,13,4
48,14,3
48,15,5
48,16,0
48,17,5
48,18,0
48,19,4
48,20,5
48,21,0
48,22,2
48,23,5
48,24,5
48,25,3
48,26,2
48,27,3
48,28,2
48,29,4
48,30,2
48,31,2
48,32,5
48,33,5
48,34,4
48,35,5
48,36,2
48,37,4
48,38,1
48,39,1
48,40,3
48,41,5
48,42,1
48,43,1
48,44,5
48,45,3
48,46,3
48,47,2
48,48,1
48,49,0
48,50,2
48,51,2
48,52,5
48,53,5
48,54,3
48,55,2
48,56,0
48,57,5
48,58,4
48,59,5
48,60,3
48,61,4
48,62,4
48,63,2
48,64,2
48,65,4
48,66,5
48,67,4
48,68,3
48,69,2
48,70,1
48,71,5
48,72,1
48,73,0
48,74,2
48,75,5
48,76,4
48,77,4
48,78,3
48,79,2
48,80,5
48,81,5
48,82,0
48,83,5
48,84,5
48,85,0
48,86,2
48,87,0
48,88,4
48,89,3
48,90,5
48,91,5
48,92,3
48,93,0
48,94,4
48,95,0
48,96,2
48,97,2
48,98,5
48,99,3
48,100,5
48,101,4
48,102,5
48,103,5
48,104,2
48,105,0
48,106,1
48,107,0
48,108,5
48,109,1
48,110,5
48,111,4
48,112,4
48,113,3
48,114,0
48,115,4
48,116,3
48,117,0
48,118,5
48,119,5
48,120,0
48,121,2
48,122,1
48,123,3
48,124,2
48,125,0
48,126,5
48,127,1
48,128,0
48,129,3
48,130,1
48,131,3
48,132,5
48,133,2
48,134,3
48,135,4
48,136,4
48,137,3
48,138,2
48,139,1
48,140,0
48,141,1
48,142,5
48,143,4
48,144,3
48,145,4
48,146,5
48,147,0
48,148,5
48,149,5
48,150,3
48,151,5
48,152,0
48,153,3
48,154,5
48,155,3
48,156,5
48,157,4
48,158,2
48,159,3
48,160,5
48,161,1
48,162,4
48,163,5
48,164,2
48,165,4
48,166,0
48,167,3
48,168,5
48,169,2
48,170,2
48,171,5
48,172,3
48,173,4
48,174,4
48,175,2
48,176,0
48,177,5
48,178,4
48,179,5
48,180,2
48,181,3
48,182,2
48,183,1
48,184,5
48,185,1
48,186,5
48,187,5
48,188,5
48,189,3
48,190,2
48,191,3
48,192,0
48,193,4
48,194,4
48,195,2
48,196,3
48,197,1
48,198,0
48,199,1
48,200,1
48,201,1
48,202,0
48,203,0
48,204,1
48,205,4
48,206,3
48,207,3
48,208,0
48,209,5
48,210,2
48,211,5
48,212,5
48,213,0
48,214,3
48,215,1
48,216,2
48,217,1
48,218,0
48,219,0
48,220,0
48,221,5
48,222,0
48,223,2
48,224,5
48,225,1
48,226,4
48,227,3
48,228,1
48,229,0
48,230,3
48,231,0
48,232,5
48,233,3
48,234,1
48,235,3
48,236,3
48,237,2
48,238,0
48,239,5
49,1,3
49,2,1
49,3,5
49,4,1
49,5,0
49,6,5
49,7,3
49,8,2
49,9,4
49,10,2
49,11,4
49,12,5
49,13,4
49,14,1
49,15,2
49,16,1
49,17,5
49,18,0
49,19,5
49,20,5
49,21,4
49,22,1
49,23,1
49,24,5
49,25,0
49,26,5
49,27,5
49,28,5
49,29,5
49,30,2
49,31,3
49,32,5
49,33,4
49,34,5
49,35,4
49,36,0
49,37,2
49,38,1
49,39,0
49,40,2
49,41,2
49,42,0
49,43,5
49,44,5
49,45,2
49,46,5
49,47,5
49,48,5
49,49,5
49,50,1
49,51,5
49,52,3
49,53,3
49,54,1
49,55,3
49,56,5
49,57,0
49,58,3
49,59,3
49,60,1
49,61,0
49,62,4
49,63,2
49,64,3
49,65,4
49,66,5
49,67,3
49,68,2
49,69,1
49,70,5
49,71,0
49,72,4
49,73,4
49,74,2
49,75,2
49,76,4
49,77,0
49,78,1
49,79,4
49,80,2
49,81,4
49,82,5
49,83,4
49,84,5
49,85,0
49,86,3
49,87,2
49,88,0
49,89,5
49,90,5
49,91,3
49,92,5
49,93,4
49,94,5
49,95,5
49,96,0
49,97,4
49,98,1
49,99,1
49,100,4
49,101,3
49,102,0
49,103,2
49,104,4
49,105,1
49,106,5
49,107,1
49,108,0
49,109,0
49,110,4
49,111,3
49,112,3
49,113,4
49,114,4
49,115,5
49,116,5
49,117,2
49,118,1
49,119,3
49,120,5
49,121,4
49,122,5
49,123,2
49,124,5
49,125,2
49,126,4
49,127,1
49,128,5
49,129,0
49,130,4
49,131,0
49,132,0
49,133,3
49,134,5
49,135,3
49,136,5
49,137,1
49,138,3
49,139,0
49,140,3
49,141,1
49,142,5
49,143,5
49,144,4
49,145,2
49,146,3
49,147,0
49,148,2
49,149,2
49,150,4
49,151,2
49,152,5
49,153,5
49,154,5
49,155,1
49,156,5
49,157,3
49,158,2
49,159,5
49,160,1
49,161,5
49,162,2
49,163,3
49,164,3
49,165,5
49,166,5
49,167,2
49,168,1
50,1,1
50,2,5
50,3,4
50,4,2
50,5,5
50,6,5
50,7,5
50,8,2
50,9,5
50,10,0
50,11,5
50,12,5
50,13,3
50,14,5
50,15,1
50,16,2
50,17,3
50,18,4
50,19,2
50,20,1
50,21,1
50,22,5
50,23,1
50,24,0
50,25,5
50,26,5
50,27,5
50,28,2
50,29,4
50,30,3
50,31,5
50,32,5
50,33,1
50,34,1
50,35,4
50,36,1
50,37,2
50,38,4
50,39,5
50,40,0
50,41,5
50,42,5
50,43,1
50,44,4
50,45,3
50,46,0
50,47,0
50,48,5
50,49,3
50,50,0
50,51,1
50,52,5
50,53,5
50,54,5
50,55,5
50,56,4
50,57,3
50,58,1
50,59,2
50,60,0
50,61,2
50,62,0
50,63,1
50,64,3
50,65,4
50,66,0
50,67,4
50,68,0
50,69,3
50,70,4
50,71,0
50,72,3
50,73,4
50,74,0
50,75,3
50,76,5
50,77,0
50,78,5
50,79,5
50,80,4
50,81,0
50,82,5
50,83,4
50,84,0
50,85,2
50,86,2
50,87,5
50,88,2
50,89,1
50,90,3
50,91,1
50,92,2
50,93,1
50,94,4
50,95,5
50,96,0
50,97,3
50,98,0
50,99,1
50,100,5
50,101,4
50,102,5
50,103,1
50,104,0
50,105,5
50,106,5
50,107,3
50,108,4
50,109,3
50,110,0
50,111,1
50,112,0
50,113,5
50,114,4
50,115,5
50,116,0
50,117,4
50,118,4
50,119,3
50,120,4
50,121,3
50,122,3
50,123,2
50,124,5
50,125,5
50,126,2
50,127,5
50,128,3
50,129,4
50,130,5
50,131,2
50,132,5
50,133,1
50,134,1
50,135,1
50,136,3
50,137,4
50,138,1
50,139,1
50,140,4
50,141,2
50,142,3
50,143,5
50,144,5
50,145,0
50,146,3
50,147,1
50,148,4
50,149,0
50,150,4
50,151,0
50,152,3
50,153,1
50,154,2
50,155,5
50,156,0
50,157,1
50,158,4
50,159,3
50,160,5
50,161,5
50,162,3
50,163,0
50,164,4
50,165,2
50,166,0
50,167,5
50,168,3
50,169,2
50,170,5
50,171,0
50,172,0
50,173,2
50,174,5
50,175,4
50,176,5
50,177,5
50,178,5
50,179,3
50,180,5
50,181,3
50,182,4
50,183,1
50,184,0
50,185,3
50,186,5
50,187,5
50,188,0
50,189,2
50,190,5
50,191,1
50,192,1
50,193,0
50,194,4
50,195,0
50,196,5
50,197,0
50,198,3
50,199,1
50,200,0
50,201,5
50,202,1
50,203,3
50,204,5
50,205,5
50,206,2
50,207,1
50,208,3
50,209,3
50,210,1
50,211,2
50,212,2
50,213,0
50,214,2
50,215,2
50,216,0
50,217,2
50,218,3
50,219,4
50,220,2
50,221,5
50,222,5
51,1,1
51,2,5
51,3,0
51,4,0
51,5,0
51,6,4
51,7,1
51,8,5
51,9,2
51,10,4
51,11,3
51,12,2
51,13,0
51,14,5
51,15,4
51,16,4
51,17,5
51,18,1
51,19,2
51,20,3
51,21,0
51,22,1
51,23,5
51,24,1
51,25,1
51,26,5
51,27,2
51,28,4
51,29,1
51,30,4
51,31,1
51,32,2
51,33,5
51,34,0
51,35,5
51,36,1
51,37,5
51,38,2
51,39,2
51,40,4
51,41,5
51,42,3
51,43,1
51,44,2
51,45,5
51,46,2
51,47,5
51,48,5
51,49,3
51,50,5
51,51,5
51,52,4
51,53,2
51,54,4
51,55,5
51,56,1
51,57,4
51,58,5
51,59,2
51,60,5
51,61,5
51,62,0
51,63,5
51,64,5
51,65,2
51,66,5
51,67,3
51,68,1
51,69,1
51,70,5
51,71,1
51,72,1
51,73,3
51,74,3
51,75,3
51,76,0
51,77,5
51,78,5
51,79,5
51,80,1
51,81,2
51,82,5
51,83,1
51,84,4
51,85,0
51,86,2
51,87,5
51,88,4
51,89,5
51,90,5
51,91,4
51,92,4
51,93,0
51,94,1
51,95,2
51,96,0
51,97,4
51,98,0
51,99,3
51,100,2
51,101,1
51,102,0
51,103,4
51,104,3
51,105,3
51,106,4
51,107,0
51,108,0
51,109,0
51,110,5
51,111,4
51,112,0
51,113,3
51,114,1
51,115,5
51,116,0
51,117,4
51,118,4
51,119,1
51,120,2
51,121,4
51,122,0
51,123,3
51,124,3
51,125,4
51,126,3
51,127,5
51,128,3
51,129,1
51,130,2
51,131,3
51,132,5
51,133,5
51,134,4
51,135,1
51,136,5
51,137,5
51,138,5
51,139,3
51,140,2
51,141,5
51,142,3
51,143,1
51,144,1
51,145,5
51,146,0
51,147,0
51,148,1
51,149,2
51,150,3
51,151,5
51,152,2
51,153,4
51,154,4
51,155,0
51,156,5
51,157,0
51,158,3
51,159,1
51,160,4
51,161,4
51,162,3
51,163,1
51,164,2
51,165,3
51,166,0
51,167,5
51,168,2
51,169,4
51,170,4
51,171,2
51,172,5
51,173,0
51,174,0
51,175,0
51,176,0
51,177,2
51,178,5
51,179,1
51,180,5
51,181,2
51,182,5
51,183,3
51,184,5
51,185,5
51,186,4
51,187,0
51,188,5
51,189,2
51,190,5
51,191,0
51,192,1
51,193,0
51,194,2
51,195,3
51,196,0
51,197,0
51,198,1
51,199,2
51,200,2
51,201,1
51,202,4
51,203,5
51,204,5
51,205,4
51,206,0
51,207,3
51,208,0
51,209,3
51,210,5
51,211,1
51,212,0
51,213,0
51,214,5
51,215,3
51,216,3
51,217,0
51,218,2
51,219,1
51,220,4
51,221,4
51,222,3
51,223,3
51,224,3
51,225,1
51,226,3
51,227,1
51,228,0
51,229,1
51,230,5
51,231,5
51,232,5
51,233,2
51,234,2
51,235,5
51,236,0
51,237,5
51,238,0
51,239,5
51,240,5
51,241,5
51,242,2
51,243,2
51,244,5
51,245,5
51,246,0
51,247,1
51,248,4
51,249,4
51,250,1
51,251,0
51,252,0
51,253,2
51,254,4
51,255,5
51,256,1
51,257,2
51,258,5
51,259,1
51,260,5
51,261,3
51,262,1
51,263,2
51,264,5
51,265,2
51,266,0
51,267,4
51,268,0
51,269,2
51,270,4
51,271,0
51,272,1
51,273,3
51,274,0
51,275,3
51,276,2
51,277,0
51,278,5
51,279,3
51,280,0
51,281,5
51,282,1
51,283,1
51,284,1
51,285,5
51,286,4
51,287,0
51,288,1
51,289,0
51,290,0
51,291,4
51,292,2
51,293,5
52,1,3
52,2,1
52,3,4
52,4,5
52,5,5
52,6,3
52,7,5
52,8,5
52,9,5
52,10,5
52,11,2
52,12,0
52,13,3
52,14,1
52,15,1
52,16,3
52,17,4
52,18,1
52,19,5
52,20,0
52,21,2
52,22,1
52,23,1
52,24,3
52,25,5
52,26,4
52,27,1
52,28,0
52,29,0
52,30,4
52,31,0
52,32,4
52,33,2
52,34,3
52,35,5
52,36,4
52,37,5
52,38,5
52,39,1
52,40,5
52,41,2
52,42,4
52,43,4
52,44,2
52,45,1
52,46,2
52,47,3
52,48,1
52,49,2
52,50,2
52,51,0
52,52,5
52,53,2
52,54,5
52,55,4
52,56,1
52,57,5
52,58,5
52,59,4
52,60,5
52,61,5
52,62,2
52,63,5
52,64,3
52,65,5
52,66,3
52,67,0
52,68,2
52,69,3
52,70,3
52,71,4
52,72,0
52,73,2
52,74,4
52,75,1
52,76,4
52,77,5
52,78,5
52,79,5
52,80,5
52,81,0
52,82,0
52,83,5
52,84,2
52,85,3
52,86,5
52,87,0
52,88,3
52,89,5
52,90,5
52,91,5
52,92,1
52,93,4
52,94,3
52,95,1
52,96,2
52,97,5
52,98,4
52,99,4
52,100,1
52,101,5
52,102,3
52,103,5
52,104,0
52,105,4
52,106,3
52,107,5
52,108,2
52,109,5
52,110,2
52,111,5
52,112,0
52,113,5
52,114,4
52,115,5
52,116,3
52,117,2
52,118,3
52,119,5
52,120,3
52,121,5
52,122,1
52,123,3
52,124,3
52,125,4
52,126,0
52,127,4
52,128,4
52,129,5
52,130,1
52,131,3
52,132,0
52,133,2
52,134,3
52,135,0
52,136,5
52,137,4
52,138,1
52,139,1
52,140,0
52,141,3
52,142,3
52,143,4
52,144,5
52,145,4
52,146,2
52,147,2
52,148,5
52,149,5
52,150,2
52,151,0
52,152,1
52,153,0
52,154,0
52,155,0
52,156,2
52,157,2
52,158,5
52,159,4
52,160,1
52,161,5
52,162,1
52,163,4
52,164,0
52,165,5
52,166,3
52,167,2
52,168,4
52,169,2
52,170,0
52,171,0
52,172,1
52,173,2
52,174,5
53,1,4
53,2,0
53,3,4
53,4,3
53,5,0
53,6,5
53,7,5
53,8,5
53,9,5
53,10,2
53,11,2
53,12,0
53,13,3
53,14,0
53,15,5
53,16,5
53,17,0
53,18,4
53,19,3
53,20,1
53,21,5
53,22,4
53,23,5
53,24,4
53,25,0
53,26,1
53,27,5
53,28,0
53,29,5
53,30,4
53,31,4
53,32,2
53,33,1
53,34,2
53,35,5
53,36,2
53,37,1
53,38,3
53,39,3
53,40,3
53,41,4
53,42,5
53,43,0
53,44,5
53,45,3
53,46,3
53,47,3
53,48,1
53,49,5
53,50,3
53,51,3
53,52,3
53,53,3
53,54,5
53,55,1
53,56,0
53,57,5
53,58,1
53,59,5
53,60,5
53,61,5
53,62,3
53,63,0
53,64,1
53,65,3
53,66,2
53,67,4
53,68,2
53,69,2
53,70,0
53,71,5
53,72,4
53,73,1
53,74,3
53,75,1
53,76,2
53,77,4
53,78,0
53,79,5
53,80,2
53,81,1
53,82,1
53,83,0
53,84,0
53,85,4
53,86,3
53,87,5
53,88,4
53,89,3
53,90,3
53,91,1
53,92,5
53,93,3
53,94,1
53,95,1
53,96,5
53,97,3
53,98,2
53,99,1
53,100,2
53,101,5
53,102,5
53,103,2
53,104,4
53,105,2
53,106,5
53,107,1
53,108,2
53,109,2
53,110,0
53,111,1
53,112,2
53,113,0
53,114,1
53,115,3
53,116,4
53,117,1
53,118,5
53,119,5
53,120,0
53,121,3
53,122,4
53,123,0
53,124,1
53,125,4
53,126,5
53,127,5
53,128,4
53,129,3
53,130,0
53,131,3
53,132,4
53,133,1
53,134,2
53,135,1
53,136,2
53,137,1
53,138,5
53,139,1
53,140,0
53,141,5
53,142,5
53,143,0
53,144,4
53,145,4
53,146,3
53,147,3
53,148,0
54,1,5
54,2,3
54,3,2
54,4,1
54,5,2
54,6,4
54,7,5
54,8,2
54,9,5
54,10,1
54,11,2
54,12,5
54,13,4
54,14,3
54,15,2
54,16,4
54,17,3
54,18,4
54,19,2
54,20,3
54,21,5
54,22,4
54,23,2
54,24,3
54,25,5
54,26,4
54,27,1
54,28,3
54,29,1
54,30,5
54,31,2
54,32,4
54,33,3
54,34,2
54,35,4
54,36,1
54,37,1
54,38,4
54,39,1
54,40,2
54,41,5
54,42,2
54,43,1
54,44,3
54,45,5
54,46,1
54,47,2
54,48,3
54,49,5
54,50,4
54,51,3
54,52,4
54,53,0
54,54,3
54,55,1
54,56,0
54,57,0
54,58,1
54,59,1
54,60,4
54,61,1
54,62,3
54,63,3
54,64,0
54,65,0
54,66,0
54,67,4
54,68,1
54,69,3
54,70,1
54,71,5
54,72,5
54,73,3
54,74,2
54,75,5
54,76,4
54,77,1
54,78,5
54,79,5
54,80,2
54,81,5
54,82,2
54,83,5
54,84,2
54,85,5
54,86,5
54,87,1
54,88,2
54,89,5
54,90,5
54,91,4
54,92,0
54,93,0
54,94,5
54,95,4
54,96,0
54,97,0
54,98,1
54,99,5
54,100,5
54,101,1
54,102,1
54,103,5
54,104,5
54,105,1
54,106,3
54,107,0
54,108,2
54,109,3
54,110,4
54,111,3
54,112,5
54,113,2
54,114,1
54,115,0
54,116,2
54,117,5
54,118,0
54,119,0
54,120,0
54,121,4
54,122,0
54,123,1
54,124,3
54,125,0
54,126,1
54,127,5
54,128,3
54,129,0
54,130,5
54,131,3
54,132,0
54,133,0
54,134,5
54,135,3
54,136,5
54,137,2
54,138,4
54,139,2
54,140,4
54,141,3
54,142,2
54,143,1
54,144,0
54,145,3
54,146,4
54,147,5
54,148,2
54,149,5
54,150,0
54,151,0
54,152,4
54,153,5
54,154,2
54,155,1
54,156,1
54,157,5
54,158,5
54,159,5
54,160,0
54,161,2
54,162,2
54,163,3
54,164,2
54,165,0
54,166,5
54,167,1
54,168,2
54,169,5
54,170,5
54,171,4
54,172,1
54,173,4
54,174,2
54,175,0
54,176,5
54,177,2
54,178,5
54,179,2
54,180,5
54,181,1
54,182,0
54,183,1
54,184,5
54,185,0
54,186,0
54,187,3
54,188,3
54,189,0
54,190,1
54,191,3
54,192,0
54,193,5
54,194,5
54,195,0
54,196,3
54,197,2
54,198,2
54,199,5
55,1,1
55,2,3
55,3,4
55,4,4
55,5,2
55,6,3
55,7,0
55,8,3
55,9,5
55,10,2
55,11,3
55,12,1
55,13,4
55,14,5
55,15,3
55,16,2
55,17,0
55,18,1
55,19,0
55,20,5
55,21,5
55,22,2
55,23,5
55,24,0
55,25,4
55,26,5
55,27,3
55,28,5
55,29,4
55,30,0
55,31,0
55,32,1
55,33,3
55,34,1
55,35,3
55,36,3
55,37,4
55,38,0
55,39,0
55,40,1
55,41,3
55,42,1
55,43,4
55,44,5
55,45,5
55,46,1
55,47,4
55,48,3
55,49,5
55,50,5
55,51,1
55,52,0
55,53,5
55,54,5
55,55,4
55,56,4
55,57,1
55,58,4
55,59,4
55,60,3
55,61,4
55,62,5
55,63,0
55,64,4
55,65,2
55,66,3
55,67,5
55,68,1
55,69,3
55,70,5
55,71,3
55,72,1
55,73,3
55,74,5
55,75,2
55,76,1
55,77,0
55,78,2
55,79,3
55,80,0
55,81,2
55,82,0
55,83,1
55,84,3
55,85,5
55,86,5
55,87,4
55,88,1
55,89,2
55,90,1
55,91,2
55,92,1
55,93,2
55,94,4
55,95,5
55,96,5
55,97,4
55,98,4
55,99,5
55,100,3
55,101,1
55,102,2
55,103,3
55,104,0
55,105,3
55,106,2
55,107,1
55,108,3
55,109,4
55,110,5
55,111,5
55,112,5
55,113,1
55,114,0
55,115,3
55,116,4
55,117,5
55,118,0
55,119,3
55,120,3
55,121,2
55,122,2
55,123,0
55,124,2
55,125,2
55,126,0
55,127,3
55,128,5
55,129,5
55,130,5
55,131,4
55,132,3
55,133,3
55,134,1
55,135,0
55,136,0
55,137,2
55,138,0
55,139,0
55,140,2
55,141,1
55,142,2
55,143,4
55,144,0
55,145,1
55,146,4
55,147,5
55,148,2
55,149,3
55,150,4
55,151,3
55,152,2
55,153,5
55,154,5
55,155,3
55,156,2
55,157,1
55,158,0
55,159,3
56,1,5
56,2,5
56,3,2
56,4,0
56,5,3
56,6,0
56,7,2
56,8,3
56,9,0
56,10,0
56,11,5
56,12,2
56,13,2
56,14,4
56,15,4
56,16,1
56,17,4
56,18,5
56,19,3
56,20,1
56,21,1
56,22,4
56,23,3
56,24,5
56,25,5
56,26,3
56,27,2
56,28,4
56,29,3
56,30,1
56,31,1
56,32,5
56,33,5
56,34,5
56,35,0
56,36,3
56,37,0
56,38,0
56,39,5
56,40,3
56,41,3
56,42,3
56,43,5
56,44,4
56,45,4
56,46,5
56,47,2
56,48,3
56,49,5
56,50,0
56,51,4
56,52,1
56,53,4
56,54,0
56,55,2
56,56,2
56,57,4
56,58,5
56,59,5
56,60,0
56,61,5
56,62,5
56,63,5
56,64,0
56,65,5
56,66,2
56,67,4
56,68,3
56,69,5
56,70,4
56,71,5
56,72,0
56,73,4
56,74,0
56,75,3
56,76,4
56,77,5
56,78,0
56,79,0
56,80,4
56,81,5
56,82,3
56,83,2
56,84,5
56,85,3
56,86,3
56,87,5
56,88,1
56,89,5
56,90,0
56,91,1
56,92,3
56,93,5
56,94,2
56,95,2
56,96,0
56,97,4
56,98,0
56,99,1
56,100,3
56,101,2
56,102,1
56,103,0
56,104,5
56,105,3
56,106,1
56,107,0
56,108,4
56,109,2
56,110,2
56,111,3
56,112,5
56,113,2
56,114,4
56,115,1
56,116,0
56,117,5
56,118,3
56,119,0
56,120,2
56,121,0
56,122,4
56,123,0
56,124,0
56,125,0
56,126,0
56,127,3
56,128,1
56,129,3
56,130,2
56,131,5
56,132,3
56,133,3
56,134,5
56,135,2
56,136,2
56,137,4
56,138,5
56,139,0
56,140,5
56,141,1
56,142,1
56,143,5
56,144,3
56,145,5
56,146,5
56,147,1
56,148,1
56,149,5
56,150,5
56,151,4
56,152,5
56,153,4
56,154,0
56,155,0
56,156,5
56,157,2
56,158,1
56,159,5
56,160,0
56,161,5
56,162,4
56,163,1
57,1,3
57,2,5
57,3,2
57,4,4
57,5,2
57,6,2
57,7,4
57,8,2
57,9,5
57,10,5
57,11,5
57,12,5
57,13,1
57,14,5
57,15,0
57,16,3
57,17,5
57,18,2
57,19,3
57,20,4
57,21,1
57,22,4
57,23,5
57,24,5
57,25,5
57,26,4
57,27,4
57,28,5
57,29,5
57,30,5
57,31,5
57,32,2
57,33,1
57,34,0
57,35,0
57,36,5
57,37,5
57,38,0
57,39,2
57,40,0
57,41,2
57,42,2
57,43,5
57,44,0
57,45,3
57,46,3
57,47,4
57,48,3
57,49,5
57,50,1
57,51,4
57,52,3
57,53,2
57,54,5
57,55,0
57,56,4
57,57,1
57,58,3
57,59,4
57,60,2
57,61,2
57,62,4
57,63,4
57,64,5
57,65,5
57,66,0
57,67,3
57,68,0
57,69,4
57,70,1
57,71,2
57,72,2
57,73,1
57,74,2
57,75,2
57,76,5
57,77,5
57,78,2
57,79,4
57,80,4
57,81,5
57,82,1
57,83,5
57,84,5
57,85,5
57,86,4
57,87,5
57,88,5
57,89,3
57,90,0
57,91,2
57,92,4
57,93,1
57,94,4
57,95,3
57,96,4
57,97,5
57,98,1
57,99,1
57,100,5
57,101,3
57,102,1
57,103,4
57,104,2
57,105,5
57,106,4
57,107,5
57,108,4
57,109,1
57,110,5
57,111,5
57,112,5
57,113,5
57,114,3
57,115,5
57,116,1
57,117,5
57,118,3
57,119,2
57,120,3
57,121,2
57,122,3
57,123,0
57,124,1
57,125,4
57,126,4
57,127,5
57,128,0
57,129,0
57,130,0
57,131,5
57,132,5
57,133,2
57,134,1
57,135,4
57,136,3
57,137,5
57,138,0
57,139,1
57,140,1
58,1,1
58,2,0
58,3,3
58,4,4
58,5,5
58,6,0
58,7,3
58,8,0
58,9,3
58,10,1
58,11,5
58,12,2
58,13,5
58,14,3
58,15,5
58,16,2
58,17,5
58,18,4
58,19,5
58,20,5
58,21,5
58,22,4
58,23,2
58,24,3
58,25,1
58,26,2
58,27,4
58,28,4
58,29,1
58,30,5
58,31,2
58,32,3
58,33,0
58,34,5
58,35,4
58,36,2
58,37,5
58,38,1
58,39,1
58,40,3
58,41,2
58,42,1
58,43,3
58,44,1
58,45,3
58,46,3
58,47,5
58,48,2
58,49,1
58,50,4
58,51,5
58,52,4
58,53,4
58,54,1
58,55,1
58,56,4
58,57,1
58,58,3
58,59,4
58,60,5
58,61,3
58,62,2
58,63,5
58,64,5
58,65,5
58,66,2
58,67,1
58,68,1
58,69,4
58,70,5
58,71,2
58,72,4
58,73,3
58,74,2
58,75,5
58,76,0
58,77,5
58,78,5
58,79,0
58,80,3
58,81,0
58,82,2
58,83,3
58,84,2
58,85,5
58,86,4
58,87,4
58,88,3
58,89,5
58,90,0
58,91,2
58,92,1
58,93,0
58,94,4
58,95,3
58,96,3
58,97,1
58,98,1
58,99,2
58,100,4
58,101,5
58,102,1
58,103,4
58,104,2
58,105,2
58,106,3
58,107,5
58,108,5
58,109,3
58,110,4
58,111,3
58,112,4
58,113,4
58,114,0
58,115,1
58,116,2
58,117,5
58,118,2
58,119,4
58,120,4
58,121,3
58,122,0
58,123,0
58,124,4
58,125,3
58,126,5
58,127,4
58,128,1
58,129,3
58,130,4
58,131,1
58,132,0
58,133,3
58,134,4
58,135,3
58,136,5
58,137,0
58,138,1
58,139,3
58,140,0
58,141,3
58,142,3
58,143,5
58,144,0
58,145,5
58,146,5
58,147,4
58,148,0
58,149,5
58,150,4
58,151,0
58,152,5
58,153,0
58,154,2
58,155,1
58,156,4
58,157,0
58,158,0
58,159,3
58,160,0
58,161,2
58,162,5
59,1,3
59,2,3
59,3,0
59,4,5
59,5,4
59,6,0
59,7,5
59,8,2
59,9,4
59,10,4
59,11,5
59,12,3
59,13,2
59,14,3
59,15,4
59,16,0
59,17,2
59,18,4
59,19,2
59,20,2
59,21,0
59,22,2
59,23,4
59,24,4
59,25,5
59,26,4
59,27,5
59,28,4
59,29,3
59,30,5
59,31,2
59,32,1
59,33,5
59,34,0
59,35,5
59,36,2
59,37,5
59,38,3
59,39,3
59,40,3
59,41,3
59,42,1
59,43,1
59,44,5
59,45,5
59,46,5
59,47,1
59,48,4
59,49,5
59,50,1
59,51,1
59,52,5
59,53,2
59,54,3
59,55,2
59,56,1
59,57,5
59,58,5
59,59,5
59,60,5
59,61,4
59,62,1
59,63,2
59,64,0
59,65,4
59,66,3
59,67,2
59,68,4
59,69,0
59,70,2
59,71,5
59,72,5
59,73,4
59,74,4
59,75,1
59,76,3
59,77,4
59,78,0
59,79,2
59,80,2
59,81,3
59,82,1
59,83,0
59,84,0
59,85,5
59,86,1
59,87,3
59,88,0
59,89,2
59,90,2
59,91,0
59,92,0
59,93,0
59,94,1
59,95,0
59,96,5
59,97,0
59,98,1
59,99,2
59,100,5
59,101,1
59,102,5
59,103,0
59,104,2
59,105,5
59,106,0
59,107,3
59,108,1
59,109,2
59,110,3
59,111,3
59,112,2
59,113,5
59,114,2
59,115,5
59,116,1
59,117,2
59,118,0
59,119,1
59,120,1
59,121,5
59,122,3
59,123,4
59,124,3
59,125,2
59,126,3
59,127,1
59,128,5
59,129,1
59,130,0
59,131,1
59,132,5
59,133,4
59,134,1
59,135,2
59,136,0
59,137,5
59,138,2
59,139,3
59,140,2
59,141,4
59,142,1
59,143,3
59,144,0
59,145,5
59,146,5
59,147,5
59,148,5
59,149,2
59,150,1
59,151,3
59,152,5
59,153,0
59,154,1
59,155,1
59,156,1
59,157,3
59,158,5
59,159,0
59,160,4
59,161,3
59,162,5
59,163,5
59,164,1
59,165,1
59,166,1
59,167,2
59,168,1
59,169,3
59,170,3
59,171,3
59,172,1
59,173,2
59,174,3
59,175,5
59,176,2
59,177,5
59,178,3
59,179,0
59,180,5
59,181,0
59,182,1
59,183,2
59,184,1
59,185,2
59,186,5
59,187,0
59,188,1
59,189,0
59,190,2
59,191,4
59,192,0
59,193,0
59,194,5
60,1,2
60,2,4
60,3,1
60,4,2
60,5,5
60,6,1
60,7,4
60,8,0
60,9,5
60,10,2
60,11,5
60,12,5
60,13,3
60,14,3
60,15,4
60,16,2
60,17,4
60,18,0
60,19,5
60,20,2
60,21,5
60,22,5
60,23,5
60,24,3
60,25,4
60,26,5
60,27,5
60,28,5
60,29,1
60,30,4
60,31,3
60,32,4
60,33,1
60,34,2
60,35,2
60,36,0
60,37,5
60,38,1
60,39,0
60,40,5
60,41,1
60,42,3
60,43,3
60,44,5
60,45,3
60,46,5
60,47,0
60,48,5
60,49,1
60,50,4
60,51,0
60,52,4
60,53,2
60,54,3
60,55,0
60,56,2
60,57,5
60,58,2
60,59,5
60,60,0
60,61,0
60,62,5
60,63,0
60,64,3
60,65,2
60,66,3
60,67,1
60,68,1
60,69,5
60,70,3
60,71,3
60,72,0
60,73,1
60,74,5
60,75,0
60,76,0
60,77,4
60,78,0
60,79,0
60,80,5
60,81,1
60,82,2
60,83,1
60,84,1
60,85,2
60,86,5
60,87,2
60,88,4
60,89,4
60,90,2
60,91,1
60,92,3
60,93,4
60,94,0
60,95,1
60,96,1
60,97,2
60,98,1
60,99,3
60,100,0
60,101,5
60,102,1
60,103,5
60,104,5
60,105,5
60,106,3
60,107,2
60,108,3
60,109,0
60,110,3
60,111,3
60,112,4
60,113,2
60,114,0
60,115,5
60,116,2
60,117,3
60,118,3
60,119,5
60,120,1
60,121,5
60,122,5
60,123,2
60,124,5
60,125,1
60,126,4
60,127,0
60,128,4
60,129,4
60,130,3
60,131,5
60,132,4
60,133,2
60,134,2
60,135,0
60,136,1
60,137,4
60,138,4
60,139,5
60,140,4
60,141,3
60,142,5
60,143,1
60,144,2
60,145,5
60,146,4
60,147,1
60,148,5
60,149,2
60,150,2
60,151,5
60,152,2
60,153,5
60,154,0
60,155,1
60,156,2
60,157,5
60,158,2
60,159,4
60,160,1
60,161,5
60,162,0
60,163,5
60,164,2
60,165,5
60,166,0
60,167,5
60,168,4
60,169,4
60,170,2
60,171,1
60,172,0
60,173,1
60,174,3
60,175,3
60,176,4
60,177,2
61,1,0
61,2,4
61,3,5
61,4,0
61,5,2
61,6,2
61,7,4
61,8,0
61,9,2
61,10,5
61,11,3
61,12,3
61,13,5
61,14,1
61,15,1
61,16,0
61,17,0
61,18,5
61,19,5
61,20,4
61,21,5
61,22,5
61,23,4
61,24,2
61,25,4
61,26,0
61,27,2
61,28,0
61,29,3
61,30,1
61,31,1
61,32,3
61,33,0
61,34,5
61,35,4
61,36,5
61,37,1
61,38,5
61,39,1
61,40,4
61,41,2
61,42,0
61,43,5
61,44,3
61,45,3
61,46,3
61,47,2
61,48,0
61,49,5
61,50,5
61,51,1
61,52,4
61,53,2
61,54,1
61,55,1
61,56,0
61,57,5
61,58,0
61,59,5
61,60,1
61,61,1
61,62,5
61,63,0
61,64,3
61,65,0
61,66,1
61,67,1
61,68,3
61,69,5
61,70,4
61,71,1
61,72,4
61,73,1
61,74,4
61,75,2
61,76,0
61,77,4
61,78,2
61,79,3
61,80,5
61,81,0
61,82,2
61,83,4
61,84,0
61,85,0
61,86,4
61,87,5
61,88,2
61,89,0
61,90,2
61,91,3
61,92,5
61,93,3
61,94,0
61,95,0
61,96,4
61,97,1
61,98,1
61,99,5
61,100,5
61,101,3
61,102,3
61,103,5
61,104,5
61,105,5
61,106,3
61,107,1
61,108,0
61,109,4
61,110,5
61,111,2
61,112,4
61,113,1
61,114,5
61,115,1
61,116,5
61,117,0
61,118,1
61,119,4
61,120,4
61,121,4
61,122,1
61,123,1
61,124,1
61,125,3
61,126,1
61,127,0
61,128,5
61,129,4
61,130,5
61,131,3
61,132,2
61,133,0
61,134,5
61,135,4
61,136,5
61,137,0
61,138,4
61,139,2
61,140,2
61,141,2
61,142,2
61,143,2
61,144,2
61,145,4
61,146,0
61,147,3
61,148,5
61,149,4
61,150,5
61,151,4
61,152,5
61,153,0
61,154,1
61,155,5
61,156,2
61,157,4
61,158,5
61,159,2
61,160,4
61,161,3
61,162,0
61,163,3
61,164,5
61,165,3
61,166,2
61,167,5
61,168,5
61,169,1
61,170,4
61,171,4
61,172,1
61,173,5
61,174,2
61,175,3
61,176,0
61,177,0
61,178,0
61,179,2
61,180,5
61,181,5
61,182,0
61,183,5
61,184,2
61,185,3
61,186,1
61,187,3
61,188,3
61,189,5
61,190,5
61,191,5
61,192,2
61,193,5
61,194,5
61,195,5
61,196,5
61,197,3
61,198,4
61,199,3
61,200,0
61,201,4
61,202,3
61,203,1
61,204,2
61,205,3
61,206,3
61,207,5
61,208,1
61,209,1
61,210,0
61,211,5
61,212,5
61,213,4
61,214,0
61,215,1
61,216,2
61,217,1
61,218,5
62,1,4
62,2,0
62,3,2
62,4,1
62,5,5
62,6,1
62,7,4
62,8,3
62,9,4
62,10,0
62,11,3
62,12,0
62,13,4
62,14,5
62,15,1
62,16,1
62,17,5
62,18,5
62,19,0
62,20,0
62,21,1
62,22,0
62,23,2
62,24,4
62,25,5
62,26,5
62,27,2
62,28,0
62,29,5
62,30,3
62,31,5
62,32,4
62,33,5
62,34,2
62,35,2
62,36,3
62,37,5
62,38,5
62,39,4
62,40,3
62,41,1
62,42,0
62,43,0
62,44,5
62,45,1
62,46,2
62,47,3
62,48,0
62,49,4
62,50,5
62,51,4
62,52,0
62,53,3
62,54,2
62,55,5
62,56,5
62,57,5
62,58,0
62,59,5
62,60,3
62,61,2
62,62,5
62,63,3
62,64,0
62,65,2
62,66,5
62,67,5
62,68,3
62,69,2
62,70,2
62,71,4
62,72,1
62,73,0
62,74,0
62,75,3
62,76,3
62,77,0
62,78,4
62,79,5
62,80,3
62,81,5
62,82,5
62,83,1
62,84,0
62,85,4
62,86,2
62,87,3
62,88,4
62,89,4
62,90,3
62,91,3
62,92,1
62,93,1
62,94,0
62,95,5
62,96,5
62,97,5
62,98,5
62,99,5
62,100,5
62,101,1
62,102,1
62,103,1
62,104,1
62,105,3
62,106,1
62,107,4
62,108,0
62,109,3
62,110,1
62,111,4
62,112,1
62,113,5
62,114,5
62,115,5
62,116,5
62,117,1
62,118,4
62,119,4
62,120,4
62,121,5
62,122,1
62,123,4
62,124,0
62,125,3
62,126,1
62,127,5
62,128,5
62,129,0
62,130,0
62,131,0
62,132,4
62,133,4
62,134,3
62,135,1
62,136,0
62,137,0
62,138,0
62,139,0
62,140,0
62,141,3
62,142,4
62,143,2
62,144,0
62,145,5
62,146,1
62,147,5
62,148,2
62,149,0
62,150,2
62,151,2
62,152,4
62,153,3
62,154,4
62,155,2
62,156,0
62,157,2
62,158,4
62,159,1
62,160,2
62,161,2
62,162,1
62,163,0
62,164,1
62,165,2
62,166,5
62,167,1
62,168,0
62,169,1
62,170,3
62,171,3
62,172,0
62,173,5
62,174,1
62,175,3
62,176,4
62,177,1
62,178,2
62,179,5
62,180,4
62,181,4
62,182,4
62,183,0
62,184,5
63,1,2
63,2,5
63,3,2
63,4,4
63,5,1
63,6,1
63,7,2
63,8,0
63,9,1
63,10,1
63,11,5
63,12,5
63,13,1
63,14,1
63,15,4
63,16,4
63,17,1
63,18,1
63,19,2
63,20,5
63,21,0
63,22,4
63,23,1
63,24,3
63,25,0
63,26,2
63,27,3
63,28,3
63,29,3
63,30,1
63,31,3
63,32,0
63,33,0
63,34,2
63,35,0
63,36,2
63,37,1
63,38,0
63,39,5
63,40,1
63,41,4
63,42,4
63,43,1
63,44,0
63,45,4
63,46,5
63,47,1
63,48,0
63,49,4
63,50,5
63,51,3
63,52,5
63,53,5
63,54,2
63,55,5
63,56,5
63,57,3
63,58,5
63,59,1
63,60,3
63,61,0
63,62,3
63,63,0
63,64,0
63,65,5
63,66,1
63,67,4
63,68,3
63,69,2
63,70,1
63,71,3
63,72,5
63,73,4
63,74,5
63,75,2
63,76,2
63,77,3
63,78,5
63,79,3
63,80,1
63,81,1
63,82,3
63,83,3
63,84,4
63,85,5
63,86,2
63,87,2
63,88,3
63,89,1
63,90,3
63,91,5
63,92,2
63,93,4
63,94,4
63,95,5
63,96,0
63,97,5
63,98,3
63,99,2
63,100,1
63,101,3
63,102,3
63,103,4
63,104,3
63,105,4
63,106,4
63,107,1
63,108,4
63,109,3
63,110,3
63,111,5
63,112,3
63,113,3
63,114,0
63,115,0
63,116,0
63,117,4
63,118,3
63,119,1
63,120,4
63,121,3
63,122,3
63,123,0
63,124,2
63,125,2
63,126,0
63,127,0
63,128,5
63,129,3
63,130,5
63,131,5
63,132,5
63,133,1
63,134,5
63,135,3
63,136,2
63,137,5
63,138,1
63,139,2
63,140,0
63,141,1
63,142,5
63,143,5
63,144,2
63,145,5
63,146,1
63,147,1
63,148,4
63,149,2
63,150,3
63,151,5
63,152,0
63,153,2
63,154,4
63,155,2
63,156,3
63,157,5
63,158,0
63,159,5
63,160,4
63,161,4
63,162,4
63,163,5
63,164,0
63,165,4
63,166,2
63,167,2
63,168,3
64,1,5
64,2,5
64,3,0
64,4,5
64,5,1
64,6,1
64,7,1
64,8,3
64,9,1
64,10,2
64,11,2
64,12,2
64,13,2
64,14,4
64,15,4
64,16,3
64,17,5
64,18,2
64,19,3
64,20,4
64,21,0
64,22,1
64,23,4
64,24,3
64,25,2
64,26,0
64,27,0
64,28,2
64,29,2
64,30,0
64,31,4
64,32,3
64,33,5
64,34,4
64,35,5
64,36,5
64,37,5
64,38,1
64,39,0
64,40,4
64,41,5
64,42,5
64,43,0
64,44,4
64,45,2
64,46,5
64,47,2
64,48,4
64,49,2
64,50,4
64,51,2
64,52,2
64,53,4
64,54,2
64,55,3
64,56,4
64,57,5
64,58,5
64,59,4
64,60,4
64,61,5
64,62,0
64,63,2
64,64,1
64,65,4
64,66,3
64,67,5
64,68,1
64,69,0
64,70,2
64,71,1
64,72,0
64,73,0
64,74,0
64,75,4
64,76,1
64,77,4
64,78,5
64,79,2
64,80,1
64,81,5
64,82,4
64,83,5
64,84,5
64,85,4
64,86,3
64,87,4
64,88,1
64,89,1
64,90,4
64,91,3
64,92,5
64,93,3
64,94,2
64,95,5
64,96,5
64,97,5
64,98,0
64,99,4
64,100,1
64,101,0
64,102,5
64,103,5
64,104,3
64,105,5
64,106,2
64,107,4
64,108,0
64,109,1
64,110,5
64,111,1
64,112,0
64,113,4
64,114,2
64,115,3
64,116,4
64,117,4
64,118,2
64,119,3
64,120,5
64,121,5
64,122,4
64,123,4
64,124,0
64,125,5
64,126,4
64,127,5
64,128,0
64,129,3
64,130,3
64,131,5
64,132,0
64,133,0
64,134,3
64,135,3
64,136,2
64,137,1
64,138,2
64,139,5
64,140,3
64,141,0
64,142,4
64,143,2
64,144,3
64,145,4
64,146,3
64,147,1
64,148,5
64,149,4
64,150,5
64,151,3
64,152,4
64,153,3
64,154,0
64,155,5
64,156,5
64,157,5
64,158,1
64,159,3
64,160,1
64,161,2
64,162,2
64,163,4
64,164,5
64,165,2
64,166,1
64,167,3
64,168,2
64,169,5
64,170,3
64,171,3
64,172,0
64,173,1
64,174,0
64,175,0
64,176,1
64,177,2
64,178,0
64,179,1
64,180,0
64,181,0
64,182,2
64,183,1
64,184,5
64,185,2
64,186,0
64,187,5
64,188,4
64,189,3
64,190,5
64,191,2
64,192,3
64,193,4
64,194,5
64,195,5
64,196,5
64,197,5
64,198,1
64,199,5
64,200,5
64,201,5
64,202,0
64,203,5
64,204,5
64,205,0
64,206,0
64,207,2
64,208,1
64,209,3
64,210,5
64,211,1
64,212,5
64,213,4
64,214,5
64,215,5
64,216,4
64,217,5
64,218,5
64,219,0
64,220,5
64,221,2
64,222,5
64,223,0
64,224,4
64,225,2
64,226,0
64,227,0
64,228,3
64,229,2
64,230,2
64,231,4
64,232,5
64,233,0
64,234,3
64,235,4
64,236,5
64,237,1
64,238,3
64,239,4
64,240,5
64,241,2
64,242,5
64,243,2
64,244,4
64,245,2
64,246,2
64,247,4
64,248,0
64,249,2
64,250,5
64,251,1
64,252,1
64,253,3
64,254,1
64,255,5
64,256,2
64,257,2
64,258,1
64,259,1
64,260,3
64,261,4
64,262,5
64,263,5
64,264,5
64,265,3
64,266,0
64,267,1
64,268,3
64,269,2
64,270,1
64,271,0
64,272,5
64,273,0
64,274,3
64,275,0
64,276,5
64,277,3
64,278,4
64,279,1
64,280,1
64,281,5
64,282,0
65,1,1
65,2,1
65,3,1
65,4,4
65,5,5
65,6,3
65,7,1
65,8,0
65,9,2
65,10,3
65,11,4
65,12,4
65,13,1
65,14,2
65,15,1
65,16,2
65,17,4
65,18,1
65,19,2
65,20,5
65,21,3
65,22,3
65,23,2
65,24,0
65,25,0
65,26,0
65,27,1
65,28,5
65,29,5
65,30,5
65,31,4
65,32,3
65,33,0
65,34,5
65,35,2
65,36,0
65,37,1
65,38,3
65,39,5
65,40,3
65,41,3
65,42,4
65,43,4
65,44,5
65,45,4
65,46,5
65,47,5
65,48,2
65,49,4
65,50,5
65,51,4
65,52,0
65,53,3
65,54,0
65,55,5
65,56,2
65,57,5
65,58,3
65,59,3
65,60,4
65,61,0
65,62,0
65,63,1
65,64,3
65,65,1
65,66,1
65,67,3
65,68,1
65,69,5
65,70,4
65,71,2
65,72,2
65,73,4
65,74,2
65,75,4
65,76,4
65,77,3
65,78,2
65,79,1
65,80,5
65,81,1
65,82,0
65,83,0
65,84,5
65,85,0
65,86,1
65,87,4
65,88,3
65,89,5
65,90,3
65,91,1
65,92,1
65,93,0
65,94,3
65,95,1
65,96,5
65,97,0
65,98,4
65,99,0
65,100,0
65,101,5
65,102,3
65,103,4
65,104,1
65,105,0
65,106,1
65,107,0
65,108,0
65,109,0
65,110,4
65,111,5
65,112,0
65,113,1
65,114,4
65,115,2
65,116,5
65,117,0
65,118,5
65,119,5
65,120,4
65,121,5
65,122,2
65,123,5
65,124,3
65,125,1
65,126,2
65,127,3
65,128,1
65,129,5
65,130,5
65,131,1
65,132,5
65,133,4
65,134,2
65,135,2
65,136,5
65,137,0
65,138,5
65,139,5
65,140,2
65,141,5
65,142,4
65,143,5
65,144,5
65,145,4
65,146,4
65,147,3
65,148,4
65,149,3
65,150,0
65,151,1
65,152,4
65,153,5
65,154,1
65,155,1
65,156,2
65,157,1
65,158,5
65,159,1
65,160,4
65,161,5
65,162,0
65,163,2
65,164,3
65,165,5
65,166,0
65,167,2
65,168,3
65,169,4
65,170,1
65,171,2
65,172,5
65,173,5
65,174,5
65,175,3
65,176,3
65,177,5
65,178,0
65,179,5
65,180,5
65,181,5
65,182,3
65,183,5
65,184,5
65,185,4
65,186,1
65,187,0
65,188,2
65,189,3
65,190,1
65,191,3
65,192,4
65,193,2
65,194,5
65,195,4
65,196,4
65,197,0
65,198,4
65,199,5
65,200,5
65,201,3
65,202,4
65,203,3
65,204,3
65,205,0
65,206,5
66,1,4
66,2,4
66,3,1
66,4,0
66,5,2
66,6,5
66,7,2
66,8,1
66,9,1
66,10,3
66,11,3
66,12,0
66,13,0
66,14,2
66,15,3
66,16,1
66,17,1
66,18,0
66,19,3
66,20,3
66,21,0
66,22,4
66,23,3
66,24,3
66,25,5
66,26,3
66,27,0
66,28,4
66,29,5
66,30,2
66,31,5
66,32,5
66,33,4
66,34,5
66,35,5
66,36,0
66,37,2
66,38,3
66,39,4
66,40,4
66,41,3
66,42,5
66,43,1
66,44,4
66,45,5
66,46,5
66,47,5
66,48,4
66,49,2
66,50,0
66,51,3
66,52,0
66,53,3
66,54,5
66,55,5
66,56,4
66,57,3
66,58,4
66,59,5
66,60,4
66,61,5
66,62,5
66,63,2
66,64,5
66,65,0
66,66,1
66,67,1
66,68,3
66,69,2
66,70,0
66,71,2
66,72,5
66,73,3
66,74,2
66,75,5
66,76,5
66,77,1
66,78,1
66,79,2
66,80,4
66,81,5
66,82,3
66,83,5
66,84,4
66,85,0
66,86,3
66,87,3
66,88,0
66,89,2
66,90,1
66,91,2
66,92,5
66,93,0
66,94,0
66,95,0
66,96,3
66,97,3
66,98,4
66,99,0
66,100,5
66,101,0
66,102,3
66,103,4
66,104,3
66,105,3
66,106,3
66,107,5
66,108,2
66,109,5
66,110,2
66,111,0
66,112,2
66,113,0
66,114,5
66,115,1
66,116,5
66,117,0
66,118,5
66,119,0
66,120,3
66,121,5
66,122,4
66,123,3
66,124,3
66,125,0
66,126,2
66,127,0
66,128,1
66,129,3
66,130,3
66,131,2
66,132,5
66,133,1
66,134,5
66,135,5
66,136,4
66,137,2
66,138,0
66,139,3
66,140,2
66,141,1
66,142,2
66,143,4
66,144,3
66,145,1
66,146,4
66,147,3
66,148,2
66,149,0
66,150,1
66,151,2
66,152,3
66,153,3
66,154,3
66,155,0
66,156,5
66,157,2
66,158,4
66,159,5
66,160,4
66,161,5
66,162,0
66,163,1
66,164,2
66,165,5
66,166,5
66,167,0
66,168,3
66,169,3
66,170,5
67,1,2
67,2,5
67,3,2
67,4,5
67,5,5
67,6,5
67,7,0
67,8,1
67,9,1
67,10,0
67,11,5
67,12,2
67,13,0
67,14,2
67,15,5
67,16,5
67,17,0
67,18,5
67,19,5
67,20,3
67,21,5
67,22,1
67,23,0
67,24,1
67,25,5
67,26,3
67,27,5
67,28,5
67,29,2
67,30,0
67,31,5
67,32,4
67,33,1
67,34,4
67,35,1
67,36,3
67,37,2
67,38,0
67,39,2
67,40,3
67,41,0
67,42,2
67,43,3
67,44,4
67,45,5
67,46,2
67,47,2
67,48,4
67,49,3
67,50,2
67,51,5
67,52,2
67,53,0
67,54,5
67,55,1
67,56,3
67,57,0
67,58,4
67,59,0
67,60,5
67,61,4
67,62,5
67,63,0
67,64,1
67,65,2
67,66,4
67,67,3
67,68,1
67,69,0
67,70,0
67,71,5
67,72,1
67,73,2
67,74,5
67,75,0
67,76,4
67,77,1
67,78,3
67,79,5
67,80,4
67,81,1
67,82,2
67,83,3
67,84,5
67,85,2
67,86,2
67,87,0
67,88,2
67,89,4
67,90,2
67,91,0
67,92,5
67,93,5
67,94,4
67,95,0
67,96,5
67,97,5
67,98,1
67,99,4
67,100,2
67,101,2
67,102,3
67,103,5
67,104,1
67,105,3
67,106,4
67,107,1
67,108,5
67,109,2
67,110,1
67,111,3
67,112,5
67,113,3
67,114,4
67,115,4
67,116,4
67,117,5
67,118,4
67,119,4
67,120,0
67,121,2
67,122,0
67,123,5
67,124,1
67,125,5
67,126,4
67,127,1
67,128,4
67,129,1
67,130,0
67,131,0
67,132,1
67,133,5
67,134,2
67,135,4
67,136,4
67,137,5
67,138,5
67,139,0
67,140,1
67,141,5
67,142,3
67,143,2
67,144,1
67,145,3
68,1,3
68,2,4
68,3,2
68,4,5
68,5,0
68,6,3
68,7,1
68,8,4
68,9,0
68,10,2
68,11,2
68,12,4
68,13,3
68,14,3
68,15,2
68,16,2
68,17,4
68,18,1
68,19,2
68,20,5
68,21,2
68,22,4
68,23,4
68,24,4
68,25,0
68,26,1
68,27,2
68,28,5
68,29,1
68,30,2
68,31,0
68,32,1
68,33,2
68,34,5
68,35,1
68,36,1
68,37,4
68,38,2
68,39,5
68,40,5
68,41,0
68,42,1
68,43,2
68,44,5
68,45,1
68,46,5
68,47,0
68,48,3
68,49,5
68,50,5
68,51,2
68,52,0
68,53,2
68,54,2
68,55,5
68,56,0
68,57,5
68,58,5
68,59,5
68,60,0
68,61,2
68,62,2
68,63,2
68,64,0
68,65,2
68,66,0
68,67,3
68,68,5
68,69,2
68,70,3
68,71,1
68,72,1
68,73,1
68,74,1
68,75,5
68,76,2
68,77,3
68,78,5
68,79,4
68,80,3
68,81,0
68,82,1
68,83,5
68,84,3
68,85,2
68,86,0
68,87,2
68,88,1
68,89,1
68,90,4
68,91,3
68,92,4
68,93,4
68,94,0
68,95,0
68,96,0
68,97,1
68,98,4
68,99,0
68,100,4
68,101,1
68,102,1
68,103,3
68,104,0
68,105,0
68,106,5
68,107,0
68,108,0
68,109,5
68,110,3
68,111,1
68,112,4
68,113,0
68,114,3
68,115,5
68,116,5
68,117,1
68,118,5
68,119,3
68,120,0
68,121,4
68,122,5
68,123,2
68,124,3
68,125,5
68,126,3
68,127,5
68,128,5
68,129,0
68,130,5
68,131,4
68,132,2
68,133,2
68,134,5
68,135,5
68,136,3
68,137,1
68,138,0
68,139,5
68,140,3
68,141,5
68,142,1
68,143,0
68,144,0
68,145,4
68,146,3
68,147,0
68,148,3
68,149,5
68,150,1
68,151,2
68,152,4
68,153,5
68,154,4
68,155,4
68,156,5
68,157,0
68,158,5
68,159,3
68,160,4
68,161,5
68,162,5
68,163,5
68,164,3
68,165,3
68,166,1
68,167,5
68,168,3
68,169,5
68,170,2
68,171,3
68,172,5
68,173,5
68,174,0
68,175,4
68,176,1
68,177,1
68,178,5
68,179,5
68,180,3
68,181,1
68,182,2
68,183,0
68,184,3
68,185,5
69,1,4
69,2,5
69,3,5
69,4,3
69,5,1
69,6,1
69,7,1
69,8,5
69,9,5
69,10,1
69,11,1
69,12,5
69,13,1
69,14,4
69,15,0
69,16,4
69,17,3
69,18,5
69,19,2
69,20,4
69,21,4
69,22,2
69,23,2
69,24,1
69,25,5
69,26,5
69,27,2
69,28,3
69,29,3
69,30,5
69,31,4
69,32,1
69,33,1
69,34,5
69,35,4
69,36,4
69,37,5
69,38,3
69,39,5
69,40,5
69,41,0
69,42,4
69,43,1
69,44,3
69,45,2
69,46,5
69,47,0
69,48,0
69,49,3
69,50,5
69,51,5
69,52,4
69,53,2
69,54,3
69,55,2
69,56,3
69,57,0
69,58,3
69,59,2
69,60,1
69,61,5
69,62,5
69,63,5
69,64,1
69,65,2
69,66,5
69,67,5
69,68,2
69,69,0
69,70,1
69,71,2
69,72,2
69,73,3
69,74,1
69,75,2
69,76,0
69,77,1
69,78,2
69,79,3
69,80,4
69,81,5
69,82,3
69,83,3
69,84,3
69,85,0
69,86,0
69,87,4
69,88,2
69,89,3
69,90,3
69,91,1
69,92,1
69,93,2
69,94,2
69,95,5
69,96,5
69,97,0
69,98,0
69,99,3
69,100,5
69,101,4
69,102,5
69,103,3
69,104,3
69,105,0
69,106,1
69,107,5
69,108,3
69,109,1
69,110,3
69,111,2
69,112,4
69,113,5
69,114,0
69,115,4
69,116,4
69,117,2
69,118,5
69,119,4
69,120,5
69,121,5
69,122,0
69,123,3
69,124,3
69,125,0
69,126,0
69,127,1
69,128,1
69,129,5
69,130,2
69,131,4
69,132,3
69,133,5
69,134,2
69,135,2
69,136,5
70,1,3
70,2,2
70,3,4
70,4,4
70,5,5
70,6,1
70,7,0
70,8,5
70,9,2
70,10,4
70,11,4
70,12,3
70,13,0
70,14,2
70,15,1
70,16,5
70,17,5
70,18,4
70,19,5
70,20,2
70,21,2
70,22,5
70,23,5
70,24,1
70,25,5
70,26,0
70,27,2
70,28,0
70,29,5
70,30,0
70,31,5
70,32,5
70,33,2
70,34,5
70,35,4
70,36,4
70,37,3
70,38,5
70,39,5
70,40,4
70,41,5
70,42,5
70,43,4
70,44,5
70,45,1
70,46,5
70,47,5
70,48,4
70,49,5
70,50,0
70,51,5
70,52,1
70,53,3
70,54,3
70,55,4
70,56,4
70,57,0
70,58,1
70,59,2
70,60,0
70,61,1
70,62,3
70,63,3
70,64,5
70,65,5
70,66,0
70,67,1
70,68,4
70,69,1
70,70,0
70,71,5
70,72,5
70,73,0
70,74,3
70,75,0
70,76,0
70,77,5
70,78,3
70,79,0
70,80,0
70,81,4
70,82,4
70,83,2
70,84,3
70,85,3
70,86,1
70,87,5
70,88,4
70,89,5
70,90,4
70,91,4
70,92,1
70,93,1
70,94,0
70,95,5
70,96,2
70,97,4
70,98,3
70,99,3
70,100,5
70,101,2
70,102,5
70,103,2
70,104,4
70,105,3
70,106,5
70,107,2
70,108,5
70,109,1
70,110,2
70,111,1
70,112,4
70,113,2
70,114,0
70,115,5
70,116,3
70,117,5
70,118,2
70,119,4
70,120,2
70,121,5
70,122,5
70,123,5
70,124,3
70,125,0
70,126,1
70,127,0
70,128,5
70,129,0
70,130,3
70,131,3
70,132,5
70,133,5
70,134,4
70,135,5
70,136,5
70,137,2
70,138,0
70,139,4
70,140,4
70,141,3
70,142,0
70,143,4
70,144,0
70,145,2
70,146,5
70,147,1
70,148,5
70,149,3
70,150,5
70,151,5
70,152,1
70,153,3
70,154,1
70,155,5
70,156,3
71,1,3
71,2,5
71,3,1
71,4,0
71,5,0
71,6,2
71,7,0
71,8,1
71,9,4
71,10,3
71,11,5
71,12,5
71,13,2
71,14,1
71,15,1
71,16,5
71,17,2
71,18,5
71,19,5
71,20,3
71,21,4
71,22,5
71,23,2
71,24,5
71,25,2
71,26,3
71,27,0
71,28,4
71,29,1
71,30,3
71,31,5
71,32,5
71,33,4
71,34,1
71,35,0
71,36,3
71,37,4
71,38,0
71,39,3
71,40,2
71,41,2
71,42,3
71,43,4
71,44,3
71,45,3
71,46,2
71,47,5
71,48,5
71,49,2
71,50,3
71,51,3
71,52,0
71,53,4
71,54,3
71,55,0
71,56,5
71,57,5
71,58,5
71,59,5
71,60,0
71,61,1
71,62,2
71,63,1
71,64,1
71,65,2
71,66,0
71,67,5
71,68,0
71,69,3
71,70,3
71,71,4
71,72,1
71,73,1
71,74,4
71,75,3
71,76,5
71,77,4
71,78,2
71,79,0
71,80,4
71,81,1
71,82,5
71,83,3
71,84,4
71,85,5
71,86,3
71,87,2
71,88,5
71,89,0
71,90,3
71,91,5
71,92,4
71,93,4
71,94,5
71,95,4
71,96,0
71,97,1
71,98,5
71,99,2
71,100,4
71,101,5
71,102,4
71,103,0
71,104,0
71,105,2
71,106,3
71,107,2
71,108,1
71,109,5
71,110,1
71,111,4
71,112,5
71,113,2
71,114,0
71,115,3
71,116,4
71,117,0
71,118,3
71,119,3
71,120,3
71,121,5
71,122,3
71,123,5
71,124,4
71,125,0
71,126,0
71,127,3
71,128,0
71,129,1
71,130,3
71,131,5
71,132,5
71,133,5
71,134,3
71,135,5
71,136,5
71,137,3
71,138,2
71,139,4
71,140,5
71,141,0
71,142,0
71,143,4
71,144,1
71,145,5
71,146,2
71,147,2
71,148,1
71,149,0
71,150,3
71,151,0
71,152,2
71,153,2
71,154,2
71,155,3
71,156,0
71,157,5
71,158,1
71,159,3
71,160,1
71,161,4
71,162,0
71,163,1
71,164,4
71,165,4
71,166,5
71,167,0
71,168,3
71,169,2
71,170,4
71,171,4
71,172,3
71,173,4
71,174,1
71,175,0
71,176,5
71,177,5
71,178,5
71,179,3
71,180,4
71,181,4
71,182,2
71,183,3
71,184,3
71,185,3
71,186,3
71,187,1
71,188,1
71,189,5
71,190,5
71,191,5
71,192,5
71,193,2
71,194,0
72,1,4
72,2,3
72,3,3
72,4,3
72,5,3
72,6,2
72,7,0
72,8,5
72,9,5
72,10,5
72,11,4
72,12,4
72,13,3
72,14,4
72,15,3
72,16,5
72,17,1
72,18,0
72,19,2
72,20,4
72,21,2
72,22,4
72,23,4
72,24,1
72,25,5
72,26,2
72,27,5
72,28,2
72,29,1
72,30,4
72,31,1
72,32,5
72,33,5
72,34,2
72,35,0
72,36,3
72,37,0
72,38,1
72,39,2
72,40,4
72,41,3
72,42,0
72,43,3
72,44,2
72,45,4
72,46,1
72,47,2
72,48,4
72,49,5
72,50,5
72,51,3
72,52,4
72,53,5
72,54,4
72,55,4
72,56,5
72,57,3
72,58,5
72,59,5
72,60,5
72,61,1
72,62,2
72,63,4
72,64,4
72,65,5
72,66,1
72,67,3
72,68,5
72,69,2
72,70,2
72,71,3
72,72,3
72,73,4
72,74,4
72,75,0
72,76,5
72,77,2
72,78,3
72,79,1
72,80,5
72,81,1
72,82,0
72,83,2
72,84,4
72,85,1
72,86,2
72,87,3
72,88,2
72,89,4
72,90,3
72,91,4
72,92,2
72,93,4
72,94,5
72,95,0
72,96,0
72,97,2
72,98,0
72,99,0
72,100,5
72,101,2
72,102,2
72,103,4
72,104,1
72,105,4
72,106,5
72,107,2
72,108,3
72,109,5
72,110,5
72,111,2
72,112,5
72,113,4
72,114,3
72,115,2
72,116,5
72,117,3
72,118,3
72,119,0
72,120,3
72,121,1
72,122,5
72,123,5
72,124,0
72,125,4
72,126,3
72,127,1
72,128,1
72,129,5
72,130,2
72,131,0
72,132,0
72,133,3
72,134,2
72,135,2
72,136,0
72,137,5
72,138,0
72,139,0
72,140,0
72,141,3
72,142,5
72,143,5
72,144,1
72,145,5
72,146,1
72,147,5
72,148,3
72,149,2
72,150,1
72,151,0
72,152,5
72,153,5
72,154,4
72,155,4
72,156,4
72,157,5
72,158,5
72,159,5
72,160,2
72,161,3
72,162,5
72,163,4
72,164,0
72,165,5
72,166,5
72,167,5
72,168,3
72,169,5
72,170,5
72,171,5
72,172,5
72,173,3
72,174,2
72,175,5
72,176,3
72,177,5
72,178,0
72,179,1
72,180,1
72,181,1
72,182,1
72,183,1
72,184,3
72,185,0
72,186,4
72,187,3
72,188,5
72,189,4
72,190,4
72,191,5
72,192,3
72,193,5
72,194,5
72,195,2
72,196,5
73,1,5
73,2,0
73,3,1
73,4,0
73,5,1
73,6,3
73,7,0
73,8,2
73,9,4
73,10,2
73,11,5
73,12,5
73,13,5
73,14,2
73,15,1
73,16,4
73,17,2
73,18,4
73,19,1
73,20,5
73,21,2
73,22,0
73,23,3
73,24,4
73,25,0
73,26,2
73,27,1
73,28,2
73,29,5
73,30,2
73,31,0
73,32,5
73,33,5
73,34,4
73,35,3
73,36,1
73,37,3
73,38,5
73,39,5
73,40,5
73,41,0
73,42,2
73,43,4
73,44,1
73,45,4
73,46,3
73,47,5
73,48,0
73,49,0
73,50,2
73,51,0
73,52,0
73,53,0
73,54,4
73,55,3
73,56,5
73,57,0
73,58,5
73,59,3
73,60,5
73,61,0
73,62,1
73,63,4
73,64,4
73,65,1
73,66,4
73,67,0
73,68,3
73,69,5
73,70,0
73,71,3
73,72,0
73,73,1
73,74,1
73,75,2
73,76,2
73,77,3
73,78,1
73,79,3
73,80,1
73,81,5
73,82,4
73,83,5
73,84,4
73,85,4
73,86,5
73,87,5
73,88,0
73,89,4
73,90,5
73,91,3
73,92,4
73,93,5
73,94,3
73,95,3
73,96,0
73,97,1
73,98,5
73,99,3
73,100,1
73,101,1
73,102,5
73,103,2
73,104,0
73,105,5
73,106,1
73,107,4
73,108,3
73,109,2
73,110,5
73,111,2
73,112,3
73,113,1
73,114,5
73,115,5
73,116,5
73,117,0
73,118,0
73,119,4
73,120,0
73,121,5
73,122,4
73,123,1
73,124,1
73,125,0
73,126,5
73,127,0
73,128,5
73,129,4
73,130,3
73,131,2
73,132,5
73,133,0
73,134,2
73,135,3
73,136,2
73,137,0
73,138,5
73,139,4
73,140,0
73,141,3
73,142,2
73,143,5
73,144,2
73,145,1
73,146,5
73,147,5
73,148,5
73,149,2
73,150,1
73,151,5
73,152,3
73,153,2
73,154,4
73,155,0
73,156,1
73,157,5
73,158,5
73,159,2
73,160,1
73,161,4
73,162,5
73,163,5
73,164,2
73,165,4
73,166,3
73,167,4
73,168,2
73,169,5
73,170,4
73,171,4
73,172,5
73,173,4
73,174,3
73,175,2
73,176,3
73,177,3
73,178,3
73,179,0
73,180,3
73,181,5
73,182,5
73,183,3
73,184,3
73,185,0
73,186,3
73,187,4
73,188,3
73,189,0
73,190,4
73,191,5
73,192,4
73,193,1
73,194,5
73,195,5
73,196,5
73,197,3
73,198,0
73,199,2
73,200,3
73,201,3
73,202,4
73,203,3
73,204,1
73,205,1
73,206,2
73,207,0
73,208,1
73,209,4
73,210,5
73,211,5
73,212,4
73,213,1
73,214,5
73,215,4
73,216,3
73,217,0
73,218,5
73,219,3
73,220,1
73,221,5
73,222,3
73,223,5
73,224,2
73,225,5
73,226,5
73,227,5
73,228,5
73,229,5
73,230,5
73,231,0
73,232,4
73,233,0
73,234,2
73,235,4
73,236,0
73,237,5
73,238,5
73,239,5
74,1,5
74,2,0
74,3,1
74,4,3
74,5,1
74,6,3
74,7,4
74,8,2
74,9,5
74,10,3
74,11,0
74,12,5
74,13,2
74,14,1
74,15,2
74,16,0
74,17,4
74,18,1
74,19,5
74,20,0
74,21,2
74,22,1
74,23,2
74,24,0
74,25,2
74,26,3
74,27,2
74,28,5
74,29,0
74,30,3
74,31,5
74,32,5
74,33,1
74,34,1
74,35,1
74,36,5
74,37,0
74,38,5
74,39,0
74,40,0
74,41,1
74,42,0
74,43,3
74,44,4
74,45,1
74,46,3
74,47,5
74,48,5
74,49,1
74,50,0
74,51,4
74,52,1
74,53,2
74,54,1
74,55,5
74,56,4
74,57,4
74,58,3
74,59,5
74,60,5
74,61,5
74,62,2
74,63,4
74,64,1
74,65,4
74,66,1
74,67,0
74,68,2
74,69,3
74,70,5
74,71,5
74,72,4
74,73,5
74,74,5
74,75,5
74,76,2
74,77,5
74,78,4
74,79,3
74,80,2
74,81,1
74,82,5
74,83,4
74,84,4
74,85,5
74,86,5
74,87,3
74,88,4
74,89,1
74,90,3
74,91,0
74,92,1
74,93,3
74,94,4
74,95,3
74,96,5
74,97,4
74,98,1
74,99,3
74,100,2
74,101,4
74,102,3
74,103,2
74,104,4
74,105,5
74,106,0
74,107,2
74,108,4
74,109,1
74,110,1
74,111,5
74,112,5
74,113,2
74,114,0
74,115,3
74,116,2
74,117,4
74,118,5
74,119,0
74,120,5
74,121,5
74,122,1
74,123,2
74,124,4
74,125,2
74,126,1
74,127,0
74,128,2
74,129,5
74,130,2
74,131,0
74,132,0
74,133,0
74,134,1
74,135,1
74,136,4
74,137,2
74,138,5
74,139,2
74,140,2
74,141,0
74,142,4
74,143,4
74,144,1
74,145,5
74,146,5
74,147,1
74,148,5
74,149,4
74,150,5
74,151,0
74,152,2
74,153,5
74,154,1
74,155,0
74,156,0
74,157,5
74,158,1
75,1,5
75,2,4
75,3,1
75,4,5
75,5,1
75,6,4
75,7,1
75,8,5
75,9,1
75,10,5
75,11,5
75,12,1
75,13,2
75,14,4
75,15,1
75,16,2
75,17,0
75,18,5
75,19,4
75,20,5
75,21,0
75,22,2
75,23,3
75,24,2
75,25,5
75,26,5
75,27,0
75,28,3
75,29,0
75,30,0
75,31,4
75,32,4
75,33,1
75,34,2
75,35,3
75,36,3
75,37,5
75,38,5
75,39,0
75,40,5
75,41,2
75,42,0
75,43,1
75,44,2
75,45,3
75,46,3
75,47,3
75,48,5
75,49,4
75,50,1
75,51,5
75,52,5
75,53,1
75,54,4
75,55,5
75,56,5
75,57,0
75,58,0
75,59,5
75,60,4
75,61,5
75,62,3
75,63,5
75,64,5
75,65,0
75,66,3
75,67,1
75,68,3
75,69,5
75,70,0
75,71,0
75,72,3
75,73,5
75,74,3
75,75,2
75,76,2
75,77,2
75,78,3
75,79,5
75,80,0
75,81,2
75,82,2
75,83,0
75,84,2
75,85,2
75,86,2
75,87,5
75,88,1
75,89,5
75,90,1
75,91,2
75,92,5
75,93,1
75,94,3
75,95,4
75,96,0
75,97,3
75,98,3
75,99,2
75,100,5
75,101,0
75,102,3
75,103,5
75,104,0
75,105,0
75,106,3
75,107,3
75,108,0
75,109,0
75,110,1
75,111,1
75,112,4
75,113,0
75,114,3
75,115,2
75,116,0
75,117,4
75,118,5
75,119,4
75,120,5
75,121,2
75,122,5
75,123,1
75,124,1
75,125,0
75,126,5
75,127,2
75,128,1
75,129,1
75,130,5
75,131,2
75,132,0
75,133,3
75,134,0
75,135,5
75,136,5
75,137,5
75,138,2
75,139,5
75,140,1
75,141,5
75,142,4
75,143,5
75,144,5
75,145,3
75,146,5
75,147,5
75,148,2
75,149,4
75,150,4
75,151,1
75,152,0
75,153,1
75,154,5
75,155,1
75,156,3
75,157,4
75,158,1
75,159,1
75,160,4
75,161,4
75,162,1
75,163,5
75,164,0
75,165,0
75,166,3
75,167,5
75,168,5
75,169,4
75,170,5
75,171,5
75,172,2
75,173,1
75,174,3
75,175,3
75,176,4
75,177,2
75,178,2
75,179,0
75,180,4
75,181,4
75,182,5
75,183,5
75,184,0
75,185,5
75,186,2
75,187,5
75,188,0
75,189,5
75,190,5
75,191,3
75,192,4
75,193,1
75,194,2
75,195,2
75,196,1
75,197,1
75,198,3
75,199,3
75,200,3
75,201,2
75,202,5
75,203,3
75,204,2
75,205,1
75,206,0
75,207,0
75,208,1
75,209,0
75,210,0
75,211,2
75,212,3
75,213,2
75,214,3
75,215,3
75,216,3
75,217,3
75,218,5
75,219,1
75,220,0
75,221,5
75,222,5
75,223,0
75,224,2
75,225,4
75,226,0
75,227,5
75,228,0
75,229,3
75,230,2
75,231,0
76,1,4
76,2,0
76,3,0
76,4,5
76,5,2
76,6,2
76,7,1
76,8,4
76,9,5
76,10,2
76,11,3
76,12,5
76,13,3
76,14,1
76,15,0
76,16,2
76,17,5
76,18,3
76,19,0
76,20,0
76,21,5
76,22,3
76,23,2
76,24,2
76,25,0
76,26,1
76,27,5
76,28,2
76,29,2
76,30,1
76,31,1
76,32,2
76,33,3
76,34,3
76,35,0
76,36,5
76,37,5
76,38,4
76,39,1
76,40,4
76,41,5
76,42,0
76,43,5
76,44,2
76,45,1
76,46,2
76,47,1
76,48,0
76,49,5
76,50,3
76,51,3
76,52,1
76,53,2
76,54,2
76,55,0
76,56,5
76,57,0
76,58,0
76,59,1
76,60,1
76,61,1
76,62,0
76,63,5
76,64,3
76,65,5
76,66,1
76,67,5
76,68,0
76,69,2
76,70,1
76,71,5
76,72,0
76,73,5
76,74,2
76,75,0
76,76,4
76,77,1
76,78,3
76,79,4
76,80,5
76,81,0
76,82,0
76,83,3
76,84,2
76,85,0
76,86,3
76,87,1
76,88,5
76,89,5
76,90,5
76,91,3
76,92,5
76,93,3
76,94,5
76,95,1
76,96,1
76,97,5
76,98,1
76,99,5
76,100,3
76,101,3
76,102,5
76,103,1
76,104,1
76,105,5
76,106,5
76,107,4
76,108,5
76,109,5
76,110,3
76,111,5
76,112,3
76,113,3
76,114,2
76,115,0
76,116,5
76,117,5
76,118,3
76,119,2
76,120,4
76,121,0
76,122,0
76,123,5
76,124,0
76,125,3
76,126,3
76,127,5
76,128,1
76,129,2
76,130,4
76,131,4
76,132,2
76,133,3
76,134,3
76,135,5
76,136,0
76,137,4
76,138,4
76,139,1
76,140,1
76,141,4
76,142,2
76,143,3
76,144,2
76,145,5
76,146,3
76,147,3
76,148,0
76,149,3
76,150,0
76,151,5
76,152,1
76,153,4
76,154,4
76,155,0
76,156,0
76,157,2
76,158,2
76,159,3
76,160,3
76,161,4
76,162,0
76,163,0
76,164,0
76,165,0
76,166,5
76,167,5
76,168,2
76,169,1
76,170,2
76,171,2
76,172,0
76,173,5
76,174,3
76,175,5
76,176,4
76,177,5
76,178,1
76,179,1
76,180,2
76,181,5
76,182,0
76,183,1
76,184,0
76,185,4
76,186,2
76,187,4
76,188,2
76,189,0
76,190,2
76,191,1
76,192,5
76,193,5
76,194,0
76,195,5
76,196,2
76,197,1
76,198,5
76,199,3
76,200,4
76,201,4
76,202,5
76,203,5
76,204,0
76,205,2
76,206,0
76,207,5
76,208,0
76,209,4
76,210,5
76,211,2
76,212,0
76,213,0
76,214,1
76,215,4
76,216,2
76,217,4
76,218,5
76,219,5
76,220,5
76,221,5
76,222,3
76,223,5
76,224,3
76,225,1
76,226,3
76,227,0
76,228,2
76,229,0
76,230,3
76,231,1
76,232,1
76,233,1
76,234,2
76,235,4
76,236,5
76,237,4
76,238,2
76,239,3
76,240,3
76,241,5
76,242,4
76,243,4
76,244,5
77,1,0
77,2,3
77,3,5
77,4,3
77,5,0
77,6,0
77,7,0
77,8,5
77,9,0
77,10,5
77,11,1
77,12,3
77,13,5
77,14,2
77,15,0
77,16,3
77,17,1
77,18,5
77,19,4
77,20,2
77,21,0
77,22,5
77,23,5
77,24,5
77,25,4
77,26,0
77,27,5
77,28,3
77,29,1
77,30,2
77,31,2
77,32,2
77,33,0
77,34,5
77,35,2
77,36,0
77,37,4
77,38,5
77,39,1
77,40,1
77,41,2
77,42,3
77,43,1
77,44,0
77,45,0
77,46,1
77,47,4
77,48,3
77,49,2
77,50,5
77,51,1
77,52,1
77,53,5
77,54,4
77,55,2
77,56,1
77,57,4
77,58,4
77,59,5
77,60,2
77,61,2
77,62,5
77,63,0
77,64,5
77,65,3
77,66,3
77,67,5
77,68,5
77,69,1
77,70,1
77,71,5
77,72,1
77,73,5
77,74,5
77,75,4
77,76,5
77,77,0
77,78,1
77,79,1
77,80,5
77,81,1
77,82,3
77,83,5
77,84,5
77,85,5
77,86,5
77,87,2
77,88,3
77,89,4
77,90,0
77,91,3
77,92,5
77,93,0
77,94,3
77,95,0
77,96,0
77,97,0
77,98,2
77,99,3
77,100,4
77,101,5
77,102,3
77,103,5
77,104,2
77,105,2
77,106,5
77,107,1
77,108,3
77,109,5
77,110,0
77,111,5
77,112,0
77,113,5
77,114,3
77,115,4
77,116,0
77,117,5
77,118,1
77,119,1
77,120,4
77,121,5
77,122,1
77,123,2
77,124,5
77,125,2
77,126,4
77,127,1
77,128,1
77,129,1
77,130,5
77,131,5
77,132,5
77,133,5
77,134,0
77,135,3
77,136,2
77,137,0
77,138,1
77,139,2
77,140,1
77,141,5
77,142,3
77,143,3
77,144,4
77,145,5
77,146,4
77,147,3
77,148,2
77,149,5
77,150,0
77,151,2
77,152,2
77,153,2
77,154,0
77,155,0
77,156,5
77,157,3
77,158,5
77,159,3
77,160,2
77,161,1
77,162,2
77,163,5
77,164,1
77,165,4
77,166,1
77,167,1
77,168,4
77,169,0
77,170,1
77,171,2
77,172,3
77,173,1
77,174,4
77,175,1
77,176,2
77,177,5
77,178,5
77,179,3
77,180,4
77,181,4
77,182,1
77,183,2
77,184,4
77,185,0
78,1,5
78,2,5
78,3,4
78,4,3
78,5,0
78,6,5
78,7,1
78,8,5
78,9,2
78,10,1
78,11,0
78,12,0
78,13,1
78,14,1
78,15,5
78,16,1
78,17,1
78,18,3
78,19,4
78,20,5
78,21,1
78,22,2
78,23,5
78,24,5
78,25,2
78,26,5
78,27,4
78,28,4
78,29,2
78,30,3
78,31,0
78,32,1
78,33,5
78,34,4
78,35,4
78,36,2
78,37,5
78,38,2
78,39,1
78,40,5
78,41,5
78,42,3
78,43,3
78,44,0
78,45,3
78,46,3
78,47,3
78,48,3
78,49,1
78,50,3
78,51,0
78,52,2
78,53,2
78,54,4
78,55,3
78,56,0
78,57,0
78,58,5
78,59,3
78,60,4
78,61,1
78,62,1
78,63,0
78,64,1
78,65,4
78,66,5
78,67,5
78,68,4
78,69,4
78,70,1
78,71,5
78,72,4
78,73,0
78,74,3
78,75,4
78,76,0
78,77,2
78,78,0
78,79,2
78,80,1
78,81,2
78,82,0
78,83,1
78,84,3
78,85,5
78,86,4
78,87,0
78,88,1
78,89,2
78,90,1
78,91,5
78,92,4
78,93,0
78,94,2
78,95,4
78,96,0
78,97,0
78,98,0
78,99,3
78,100,5
78,101,5
78,102,2
78,103,5
78,104,4
78,105,5
78,106,4
78,107,1
78,108,4
78,109,3
78,110,3
78,111,5
78,112,2
78,113,3
78,114,2
78,115,5
78,116,0
78,117,1
78,118,4
78,119,5
78,120,3
78,121,5
78,122,3
78,123,5
78,124,0
78,125,3
78,126,5
78,127,0
78,128,4
78,129,4
78,130,3
78,131,4
78,132,3
78,133,5
78,134,3
78,135,0
78,136,5
78,137,0
78,138,2
78,139,2
78,140,5
78,141,3
78,142,4
78,143,4
78,144,2
78,145,2
78,146,2
78,147,5
78,148,0
78,149,3
78,150,3
78,151,4
78,152,5
78,153,1
78,154,0
78,155,0
78,156,4
78,157,0
78,158,5
78,159,3
78,160,5
78,161,5
79,1,5
79,2,1
79,3,5
79,4,3
79,5,0
79,6,3
79,7,0
79,8,4
79,9,4
79,10,2
79,11,5
79,12,5
79,13,2
79,14,4
79,15,2
79,16,3
79,17,0
79,18,1
79,19,5
79,20,4
79,21,3
79,22,3
79,23,0
79,24,5
79,25,5
79,26,5
79,27,3
79,28,0
79,29,4
79,30,0
79,31,4
79,32,0
79,33,2
79,34,1
79,35,5
79,36,0
79,37,2
79,38,3
79,39,4
79,40,3
79,41,3
79,42,2
79,43,1
79,44,4
79,45,2
79,46,5
79,47,5
79,48,4
79,49,0
79,50,2
79,51,4
79,52,0
79,53,4
79,54,0
79,55,1
79,56,1
79,57,1
79,58,5
79,59,5
79,60,2
79,61,3
79,62,5
79,63,1
79,64,5
79,65,4
79,66,5
79,67,1
79,68,3
79,69,5
79,70,2
79,71,3
79,72,4
79,73,1
79,74,0
79,75,0
79,76,1
79,77,2
79,78,2
79,79,0
79,80,2
79,81,0
79,82,2
79,83,5
79,84,0
79,85,5
79,86,2
79,87,1
79,88,4
79,89,2
79,90,2
79,91,4
79,92,5
79,93,1
79,94,1
79,95,4
79,96,4
79,97,2
79,98,4
79,99,0
79,100,2
79,101,5
79,102,0
79,103,5
79,104,2
79,105,4
79,106,1
79,107,1
79,108,3
79,109,1
79,110,1
79,111,1
79,112,1
79,113,3
79,114,0
79,115,5
79,116,0
79,117,3
79,118,1
79,119,3
79,120,4
79,121,4
79,122,3
79,123,0
79,124,5
79,125,5
79,126,0
79,127,0
79,128,2
79,129,2
79,130,3
79,131,2
79,132,3
79,133,0
79,134,5
79,135,5
79,136,2
79,137,4
79,138,5
79,139,1
79,140,3
79,141,5
79,142,5
79,143,2
79,144,1
79,145,1
79,146,2
79,147,4
79,148,3
79,149,3
79,150,0
79,151,0
79,152,3
79,153,3
79,154,3
79,155,1
79,156,4
79,157,4
79,158,5
79,159,5
79,160,1
79,161,4
79,162,2
79,163,4
79,164,5
79,165,2
79,166,0
79,167,3
79,168,1
79,169,4
79,170,2
79,171,4
79,172,5
79,173,5
79,174,5
79,175,0
79,176,1
79,177,1
79,178,5
79,179,0
79,180,2
79,181,0
80,1,0
80,2,1
80,3,4
80,4,2
80,5,2
80,6,3
80,7,5
80,8,3
80,9,0
80,10,0
80,11,5
80,12,5
80,13,2
80,14,0
80,15,3
80,16,0
80,17,5
80,18,4
80,19,4
80,20,5
80,21,2
80,22,1
80,23,4
80,24,1
80,25,0
80,26,5
80,27,2
80,28,0
80,29,4
80,30,3
80,31,1
80,32,0
80,33,2
80,34,2
80,35,5
80,36,2
80,37,3
80,38,1
80,39,5
80,40,0
80,41,1
80,42,1
80,43,4
80,44,2
80,45,5
80,46,2
80,47,2
80,48,0
80,49,0
80,50,3
80,51,3
80,52,4
80,53,4
80,54,4
80,55,2
80,56,0
80,57,4
80,58,3
80,59,4
80,60,4
80,61,2
80,62,5
80,63,3
80,64,5
80,65,2
80,66,3
80,67,0
80,68,3
80,69,1
80,70,4
80,71,5
80,72,1
80,73,2
80,74,5
80,75,3
80,76,0
80,77,1
80,78,3
80,79,5
80,80,2
80,81,5
80,82,1
80,83,4
80,84,2
80,85,1
80,86,5
80,87,5
80,88,2
80,89,4
80,90,3
80,91,3
80,92,3
80,93,5
80,94,3
80,95,0
80,96,1
80,97,4
80,98,3
80,99,0
80,100,2
80,101,4
80,102,1
80,103,1
80,104,1
80,105,2
80,106,4
80,107,4
80,108,4
80,109,5
80,110,2
80,111,4
80,112,1
80,113,3
80,114,3
80,115,4
80,116,0
80,117,1
80,118,0
80,119,2
80,120,2
80,121,5
80,122,5
80,123,4
80,124,4
80,125,4
80,126,5
80,127,1
80,128,3
80,129,4
80,130,5
80,131,0
80,132,2
80,133,5
80,134,0
80,135,0
80,136,5
80,137,3
80,138,5
80,139,2
80,140,5
80,141,2
80,142,1
80,143,3
80,144,5
80,145,4
80,146,2
80,147,5
80,148,1
80,149,1
80,150,4
80,151,1
80,152,5
80,153,3
80,154,1
80,155,0
80,156,2
80,157,5
80,158,1
80,159,0
80,160,0
80,161,4
80,162,1
80,163,0
80,164,0
80,165,1
80,166,3
80,167,5
80,168,5
80,169,5
80,170,5
80,171,5
80,172,0
80,173,5
80,174,3
80,175,2
80,176,2
80,177,5
80,178,1
80,179,0
80,180,4
80,181,5
80,182,1
80,183,3
80,184,0
80,185,2
80,186,0
80,187,4
80,188,0
80,189,5
80,190,0
80,191,2
80,192,1
80,193,1
80,194,5
80,195,2
80,196,2
80,197,1
80,198,4
80,199,4
80,200,5
80,201,1
80,202,3
80,203,3
80,204,1
80,205,5
80,206,0
80,207,5
80,208,5
80,209,0
80,210,3
80,211,1
80,212,3
80,213,4
80,214,1
80,215,3
80,216,0
80,217,4
80,218,1
80,219,5
80,220,5
80,221,5
81,1,4
81,2,0
81,3,3
81,4,0
81,5,4
81,6,0
81,7,3
81,8,5
81,9,1
81,10,4
81,11,3
81,12,0
81,13,2
81,14,3
81,15,1
81,16,0
81,17,5
81,18,1
81,19,5
81,20,2
81,21,0
81,22,3
81,23,1
81,24,5
81,25,0
81,26,4
81,27,5
81,28,5
81,29,3
81,30,2
81,31,4
81,32,3
81,33,3
81,34,1
81,35,5
81,36,4
81,37,1
81,38,2
81,39,1
81,40,0
81,41,1
81,42,1
81,43,5
81,44,2
81,45,0
81,46,2
81,47,1
81,48,3
81,49,0
81,50,0
81,51,5
81,52,5
81,53,3
81,54,3
81,55,0
81,56,3
81,57,3
81,58,5
81,59,4
81,60,1
81,61,0
81,62,1
81,63,3
81,64,2
81,65,0
81,66,4
81,67,5
81,68,4
81,69,4
81,70,5
81,71,3
81,72,5
81,73,1
81,74,0
81,75,5
81,76,0
81,77,5
81,78,1
81,79,5
81,80,1
81,81,5
81,82,3
81,83,5
81,84,0
81,85,0
81,86,0
81,87,3
81,88,4
81,89,4
81,90,0
81,91,2
81,92,2
81,93,2
81,94,4
81,95,3
81,96,4
81,97,3
81,98,4
81,99,2
81,100,5
81,101,5
81,102,4
81,103,1
81,104,5
81,105,2
81,106,5
81,107,4
81,108,5
81,109,4
81,110,5
81,111,1
81,112,2
81,113,5
81,114,5
81,115,0
81,116,4
81,117,5
81,118,5
81,119,3
81,120,2
81,121,5
81,122,1
81,123,5
81,124,1
81,125,5
81,126,5
81,127,5
81,128,5
81,129,1
81,130,0
81,131,1
81,132,2
81,133,2
81,134,1
81,135,1
81,136,5
81,137,4
81,138,5
81,139,5
81,140,5
81,141,1
81,142,4
81,143,4
81,144,2
81,145,2
81,146,5
81,147,5
81,148,1
81,149,1
81,150,5
81,151,4
81,152,1
81,153,4
81,154,2
81,155,0
81,156,2
81,157,2
81,158,2
81,159,1
81,160,1
81,161,5
81,162,3
81,163,1
81,164,4
81,165,1
81,166,4
81,167,5
81,168,4
81,169,1
81,170,4
81,171,5
81,172,3
81,173,0
81,174,0
81,175,0
81,176,5
81,177,4
81,178,5
81,179,1
81,180,0
81,181,0
81,182,2
81,183,0
81,184,3
81,185,5
81,186,2
81,187,5
81,188,3
81,189,5
81,190,0
81,191,4
81,192,4
81,193,5
81,194,2
81,195,2
81,196,5
81,197,5
81,198,5
81,199,5
81,200,5
81,201,0
81,202,2
81,203,5
81,204,3
81,205,5
81,206,2
81,207,5
81,208,3
81,209,1
81,210,3
81,211,0
81,212,4
81,213,5
81,214,3
81,215,4
81,216,0
81,217,1
81,218,2
81,219,4
81,220,0
81,221,1
81,222,1
81,223,2
81,224,5
81,225,2
81,226,3
81,227,2
81,228,4
81,229,1
81,230,2
81,231,4
81,232,1
81,233,4
81,234,0
81,235,5
81,236,2
81,237,4
81,238,4
81,239,0
81,240,4
81,241,4
81,242,5
81,243,5
81,244,0
81,245,2
81,246,5
81,247,4
81,248,5
81,249,5
81,250,2
81,251,5
81,252,2
81,253,5
81,254,0
81,255,1
81,256,5
81,257,3
81,258,5
81,259,1
81,260,1
81,261,3
81,262,5
81,263,0
81,264,2
81,265,3
81,266,5
81,267,4
81,268,3
81,269,1
81,270,5
81,271,1
81,272,1
81,273,0
81,274,4
81,275,2
81,276,3
81,277,5
81,278,5
81,279,2
81,280,0
81,281,5
81,282,3
81,283,4
81,284,4
81,285,2
81,286,0
81,287,2
81,288,5
82,1,5
82,2,0
82,3,3
82,4,5
82,5,4
82,6,0
82,7,5
82,8,0
82,9,3
82,10,5
82,11,5
82,12,1
82,13,3
82,14,0
82,15,1
82,16,5
82,17,5
82,18,3
82,19,1
82,20,4
82,21,4
82,22,5
82,23,3
82,24,0
82,25,5
82,26,3
82,27,5
82,28,5
82,29,5
82,30,2
82,31,1
82,32,3
82,33,4
82,34,2
82,35,5
82,36,1
82,37,1
82,38,1
82,39,2
82,40,3
82,41,5
82,42,5
82,43,0
82,44,1
82,45,5
82,46,5
82,47,0
82,48,1
82,49,5
82,50,4
82,51,3
82,52,5
82,53,4
82,54,1
82,55,0
82,56,2
82,57,0
82,58,4
82,59,4
82,60,5
82,61,5
82,62,4
82,63,0
82,64,3
82,65,5
82,66,1
82,67,5
82,68,5
82,69,2
82,70,4
82,71,5
82,72,5
82,73,0
82,74,3
82,75,5
82,76,0
82,77,3
82,78,2
82,79,5
82,80,1
82,81,3
82,82,1
82,83,2
82,84,5
82,85,4
82,86,4
82,87,5
82,88,0
82,89,5
82,90,4
82,91,3
82,92,1
82,93,1
82,94,3
82,95,0
82,96,2
82,97,5
82,98,5
82,99,4
82,100,4
82,101,4
82,102,3
82,103,1
82,104,5
82,105,5
82,106,2
82,107,5
82,108,3
82,109,4
82,110,5
82,111,2
82,112,3
82,113,0
82,114,1
82,115,1
82,116,2
82,117,4
82,118,3
82,119,0
82,120,3
82,121,5
82,122,2
82,123,0
82,124,1
82,125,1
82,126,0
82,127,5
82,128,5
82,129,1
82,130,1
82,131,2
82,132,5
82,133,2
82,134,5
82,135,4
82,136,4
82,137,5
82,138,0
82,139,5
82,140,5
82,141,4
82,142,4
82,143,2
82,144,2
82,145,3
82,146,2
82,147,1
82,148,0
82,149,2
82,150,0
82,151,0
82,152,4
82,153,2
82,154,2
82,155,1
82,156,2
82,157,5
82,158,1
82,159,1
82,160,3
82,161,4
82,162,5
82,163,4
82,164,2
82,165,4
82,166,2
82,167,2
82,168,1
82,169,5
82,170,5
82,171,1
82,172,4
82,173,0
82,174,1
82,175,5
82,176,5
82,177,3
82,178,5
82,179,4
82,180,0
82,181,3
82,182,0
82,183,4
82,184,3
82,185,5
82,186,0
82,187,0
82,188,2
82,189,3
82,190,0
82,191,2
82,192,1
82,193,5
82,194,2
82,195,5
82,196,3
82,197,3
82,198,3
82,199,2
82,200,5
83,1,1
83,2,4
83,3,2
83,4,3
83,5,0
83,6,3
83,7,4
83,8,4
83,9,5
83,10,2
83,11,3
83,12,5
83,13,4
83,14,2
83,15,1
83,16,5
83,17,0
83,18,5
83,19,3
83,20,1
83,21,1
83,22,4
83,23,5
83,24,1
83,25,3
83,26,4
83,27,3
83,28,1
83,29,1
83,30,0
83,31,0
83,32,5
83,33,3
83,34,3
83,35,2
83,36,0
83,37,4
83,38,4
83,39,0
83,40,4
83,41,1
83,42,3
83,43,5
83,44,3
83,45,5
83,46,5
83,47,0
83,48,3
83,49,1
83,50,0
83,51,4
83,52,0
83,53,2
83,54,0
83,55,1
83,56,5
83,57,2
83,58,4
83,59,5
83,60,4
83,61,1
83,62,2
83,63,2
83,64,3
83,65,2
83,66,5
83,67,5
83,68,1
83,69,3
83,70,2
83,71,5
83,72,0
83,73,1
83,74,2
83,75,2
83,76,5
83,77,3
83,78,4
83,79,0
83,80,5
83,81,5
83,82,5
83,83,3
83,84,3
83,85,5
83,86,4
83,87,3
83,88,3
83,89,4
83,90,3
83,91,2
83,92,5
83,93,1
83,94,0
83,95,4
83,96,2
83,97,3
83,98,4
83,99,0
83,100,5
83,101,4
83,102,4
83,103,4
83,104,1
83,105,5
83,106,1
83,107,0
83,108,1
83,109,5
83,110,1
83,111,0
83,112,0
83,113,4
83,114,5
83,115,4
83,116,0
83,117,0
83,118,3
83,119,2
83,120,3
83,121,0
83,122,2
83,123,0
83,124,2
83,125,1
83,126,4
83,127,5
83,128,5
83,129,2
83,130,4
83,131,5
83,132,1
83,133,3
83,134,4
83,135,1
83,136,0
83,137,5
83,138,1
83,139,4
83,140,4
83,141,1
83,142,0
83,143,1
83,144,4
83,145,4
83,146,5
83,147,3
83,148,3
83,149,0
83,150,0
83,151,2
83,152,5
83,153,3
83,154,5
83,155,5
83,156,2
83,157,0
83,158,2
83,159,4
83,160,1
83,161,3
83,162,5
83,163,3
83,164,3
83,165,5
83,166,3
83,167,0
83,168,1
83,169,1
83,170,2
84,1,0
84,2,2
84,3,0
84,4,5
84,5,0
84,6,2
84,7,1
84,8,5
84,9,5
84,10,1
84,11,3
84,12,1
84,13,2
84,14,4
84,15,0
84,16,5
84,17,1
84,18,0
84,19,4
84,20,1
84,21,2
84,22,2
84,23,5
84,24,4
84,25,5
84,26,5
84,27,3
84,28,5
84,29,2
84,30,2
84,31,3
84,32,5
84,33,5
84,34,5
84,35,1
84,36,0
84,37,3
84,38,1
84,39,5
84,40,5
84,41,4
84,42,5
84,43,3
84,44,0
84,45,3
84,46,4
84,47,4
84,48,1
84,49,5
84,50,1
84,51,2
84,52,4
84,53,2
84,54,2
84,55,2
84,56,5
84,57,5
84,58,3
84,59,5
84,60,5
84,61,4
84,62,4
84,63,2
84,64,5
84,65,5
84,66,5
84,67,2
84,68,3
84,69,4
84,70,3
84,71,4
84,72,5
84,73,4
84,74,1
84,75,3
84,76,0
84,77,0
84,78,0
84,79,2
84,80,1
84,81,5
84,82,1
84,83,5
84,84,5
84,85,5
84,86,5
84,87,5
84,88,5
84,89,3
84,90,0
84,91,2
84,92,4
84,93,5
84,94,5
84,95,4
84,96,0
84,97,4
84,98,5
84,99,1
84,100,5
84,101,5
84,102,0
84,103,0
84,104,5
84,105,1
84,106,1
84,107,1
84,108,3
84,109,1
84,110,5
84,111,5
84,112,5
84,113,3
84,114,4
84,115,0
84,116,2
84,117,4
84,118,3
84,119,1
84,120,2
84,121,2
84,122,5
84,123,3
84,124,5
84,125,4
84,126,5
84,127,1
84,128,2
84,129,2
84,130,4
84,131,1
84,132,3
84,133,0
84,134,3
84,135,2
84,136,0
84,137,3
84,138,1
84,139,4
84,140,1
84,141,5
84,142,1
84,143,0
84,144,4
84,145,1
84,146,4
84,147,5
84,148,1
84,149,0
84,150,5
84,151,3
84,152,1
84,153,3
84,154,5
84,155,3
84,156,1
84,157,5
84,158,4
84,159,3
84,160,3
84,161,4
84,162,4
84,163,1
84,164,4
84,165,1
84,166,3
84,167,3
84,168,3
84,169,5
84,170,3
84,171,4
84,172,3
84,173,0
84,174,5
84,175,2
84,176,5
84,177,2
84,178,5
84,179,3
84,180,0
84,181,5
84,182,3
84,183,1
84,184,0
84,185,1
84,186,5
84,187,3
84,188,5
84,189,0
84,190,4
84,191,1
84,192,1
84,193,2
84,194,5
84,195,1
84,196,2
84,197,2
84,198,5
84,199,5
84,200,4
84,201,5
84,202,1
84,203,0
84,204,3
84,205,0
84,206,4
84,207,2
84,208,2
84,209,3
84,210,3
84,211,0
84,212,0
84,213,3
84,214,5
84,215,0
84,216,5
84,217,2
84,218,4
84,219,5
84,220,1
84,221,5
84,222,0
84,223,3
84,224,4
84,225,0
84,226,2
84,227,5
84,228,0
84,229,4
84,230,4
84,231,2
84,232,0
84,233,0
84,234,5
84,235,2
84,236,4
84,237,4
84,238,2
84,239,5
84,240,3
84,241,3
84,242,3
84,243,2
84,244,0
84,245,2
84,246,0
84,247,2
84,248,4
84,249,5
84,250,0
84,251,5
84,252,4
84,253,2
84,254,1
84,255,4
84,256,3
84,257,2
84,258,1
84,259,5
85,1,0
85,2,2
85,3,0
85,4,1
85,5,5
85,6,3
85,7,5
85,8,5
85,9,3
85,10,5
85,11,0
85,12,1
85,13,3
85,14,3
85,15,4
85,16,1
85,17,2
85,18,5
85,19,4
85,20,5
85,21,5
85,22,0
85,23,5
85,24,1
85,25,0
85,26,1
85,27,0
85,28,2
85,29,2
85,30,2
85,31,3
85,32,0
85,33,1
85,34,5
85,35,4
85,36,5
85,37,4
85,38,2
85,39,5
85,40,2
85,41,1
85,42,2
85,43,3
85,44,1
85,45,1
85,46,5
85,47,4
85,48,5
85,49,0
85,50,2
85,51,2
85,52,0
85,53,5
85,54,0
85,55,0
85,56,1
85,57,5
85,58,3
85,59,5
85,60,5
85,61,4
85,62,4
85,63,5
85,64,2
85,65,5
85,66,2
85,67,5
85,68,5
85,69,3
85,70,4
85,71,1
85,72,1
85,73,4
85,74,2
85,75,1
85,76,5
85,77,5
85,78,1
85,79,1
85,80,2
85,81,3
85,82,3
85,83,1
85,84,1
85,85,5
85,86,1
85,87,2
85,88,4
85,89,4
85,90,5
85,91,1
85,92,2
85,93,1
85,94,3
85,95,5
85,96,5
85,97,4
85,98,1
85,99,1
85,100,4
85,101,3
85,102,3
85,103,0
85,104,2
85,105,0
85,106,5
85,107,5
85,108,5
85,109,5
85,110,5
85,111,0
85,112,0
85,113,4
85,114,3
85,115,0
85,116,0
85,117,2
85,118,2
85,119,2
85,120,0
85,121,3
85,122,2
85,123,5
85,124,5
85,125,1
85,126,5
85,127,3
85,128,3
85,129,4
85,130,5
85,131,0
85,132,1
85,133,5
85,134,5
85,135,0
85,136,0
85,137,1
85,138,0
85,139,1
85,140,2
85,141,5
85,142,1
85,143,3
85,144,2
85,145,3
85,146,5
85,147,1
85,148,5
85,149,5
85,150,5
85,151,3
85,152,4
85,153,1
85,154,4
85,155,1
85,156,0
85,157,0
85,158,5
85,159,0
85,160,3
85,161,4
85,162,1
85,163,0
85,164,0
85,165,4
85,166,1
85,167,3
85,168,3
85,169,1
85,170,1
85,171,5
85,172,1
85,173,5
85,174,5
85,175,0
85,176,2
85,177,2
85,178,1
85,179,5
85,180,4
85,181,0
85,182,5
85,183,0
85,184,0
85,185,2
85,186,2
85,187,2
85,188,5
85,189,4
85,190,2
85,191,1
85,192,5
85,193,3
85,194,0
85,195,3
85,196,0
85,197,1
85,198,3
85,199,5
85,200,5
85,201,4
85,202,2
85,203,4
85,204,0
85,205,4
85,206,5
85,207,1
85,208,4
85,209,3
85,210,1
85,211,5
85,212,1
85,213,0
85,214,4
85,215,2
85,216,3
85,217,0
85,218,2
85,219,5
85,220,4
85,221,5
85,222,4
85,223,2
85,224,3
85,225,5
85,226,3
85,227,1
85,228,3
85,229,4
85,230,0
85,231,5
85,232,5
85,233,5
85,234,0
85,235,1
85,236,0
85,237,3
85,238,5
85,239,2
85,240,3
85,241,3
85,242,1
85,243,0
85,244,2
85,245,3
85,246,4
85,247,3
85,248,1
85,249,3
85,250,4
85,251,1
85,252,2
85,253,1
85,254,5
85,255,0
85,256,1
85,257,3
85,258,3
85,259,5
85,260,3
85,261,2
85,262,3
85,263,0
85,264,3
85,265,4
85,266,1
85,267,3
85,268,5
85,269,0
85,270,3
85,271,4
85,272,4
85,273,2
85,274,5
85,275,3
85,276,4
85,277,5
85,278,1
85,279,0
85,280,2
85,281,0
85,282,1
85,283,4
85,284,1
85,285,0
85,286,0
85,287,5
85,288,1
85,289,4
85,290,2
85,291,5
85,292,5
85,293,2
85,294,3
85,295,1
85,296,5
85,297,0
85,298,5
85,299,5
85,300,1
85,301,4
85,302,2
85,303,3
85,304,5
85,305,4
85,306,5
85,307,3
85,308,5
85,309,3
85,310,3
85,311,3
85,312,1
85,313,5
85,314,2
85,315,3
85,316,5
85,317,1
85,318,4
85,319,4
85,320,3
85,321,5
85,322,5
85,323,2
85,324,3
85,325,5
85,326,5
85,327,0
85,328,4
85,329,5
85,330,5
85,331,1
85,332,4
85,333,3
85,334,3
85,335,1
85,336,2
85,337,5
85,338,4
85,339,1
85,340,2
85,341,2
85,342,5
85,343,2
85,344,0
85,345,5
85,346,0
85,347,4
86,1,2
86,2,4
86,3,4
86,4,0
86,5,2
86,6,5
86,7,5
86,8,1
86,9,5
86,10,2
86,11,2
86,12,5
86,13,2
86,14,2
86,15,4
86,16,0
86,17,5
86,18,1
86,19,5
86,20,0
86,21,5
86,22,0
86,23,3
86,24,1
86,25,3
86,26,2
86,27,4
86,28,1
86,29,5
86,30,5
86,31,4
86,32,2
86,33,0
86,34,5
86,35,5
86,36,1
86,37,3
86,38,2
86,39,1
86,40,5
86,41,4
86,42,1
86,43,3
86,44,5
86,45,0
86,46,2
86,47,2
86,48,2
86,49,4
86,50,4
86,51,3
86,52,2
86,53,5
86,54,5
86,55,2
86,56,1
86,57,2
86,58,3
86,59,5
86,60,4
86,61,4
86,62,0
86,63,5
86,64,2
86,65,2
86,66,0
86,67,4
86,68,5
86,69,2
86,70,4
86,71,3
86,72,1
86,73,0
86,74,4
86,75,2
86,76,2
86,77,4
86,78,5
86,79,5
86,80,5
86,81,5
86,82,0
86,83,0
86,84,1
86,85,5
86,86,1
86,87,0
86,88,0
86,89,3
86,90,1
86,91,3
86,92,5
86,93,5
86,94,0
86,95,2
86,96,0
86,97,4
86,98,2
86,99,3
86,100,0
86,101,5
86,102,5
86,103,1
86,104,3
86,105,4
86,106,0
86,107,1
86,108,0
86,109,3
86,110,0
86,111,2
86,112,1
86,113,5
86,114,4
86,115,4
86,116,1
86,117,2
86,118,1
86,119,3
86,120,5
86,121,4
86,122,3
86,123,1
86,124,4
86,125,5
86,126,5
86,127,2
86,128,5
86,129,4
86,130,0
86,131,5
86,132,5
86,133,5
86,134,5
86,135,3
86,136,1
86,137,5
86,138,5
86,139,4
86,140,5
86,141,5
86,142,0
86,143,3
86,144,5
86,145,2
86,146,0
86,147,1
86,148,3
86,149,0
86,150,5
86,151,5
86,152,5
86,153,3
86,154,3
86,155,4
86,156,2
86,157,0
86,158,4
86,159,2
86,160,5
86,161,2
86,162,5
86,163,3
86,164,5
86,165,0
86,166,4
86,167,4
86,168,2
86,169,3
86,170,5
86,171,0
86,172,3
86,173,1
86,174,2
86,175,4
86,176,3
86,177,1
86,178,4
86,179,5
86,180,2
86,181,0
86,182,0
86,183,4
86,184,5
86,185,3
86,186,4
86,187,2
86,188,0
86,189,4
86,190,5
87,1,1
87,2,5
87,3,1
87,4,0
87,5,0
87,6,2
87,7,4
87,8,1
87,9,3
87,10,1
87,11,1
87,12,1
87,13,2
87,14,0
87,15,1
87,16,1
87,17,3
87,18,1
87,19,1
87,20,2
87,21,4
87,22,5
87,23,1
87,24,2
87,25,2
87,26,2
87,27,5
87,28,5
87,29,1
87,30,3
87,31,1
87,32,1
87,33,0
87,34,2
87,35,2
87,36,0
87,37,2
87,38,5
87,39,4
87,40,4
87,41,5
87,42,4
87,43,0
87,44,5
87,45,4
87,46,1
87,47,3
87,48,0
87,49,4
87,50,5
87,51,0
87,52,3
87,53,2
87,54,5
87,55,2
87,56,4
87,57,5
87,58,3
87,59,2
87,60,0
87,61,1
87,62,5
87,63,3
87,64,0
87,65,3
87,66,4
87,67,0
87,68,2
87,69,5
87,70,3
87,71,2
87,72,5
87,73,1
87,74,4
87,75,4
87,76,0
87,77,3
87,78,5
87,79,1
87,80,0
87,81,1
87,82,5
87,83,4
87,84,3
87,85,3
87,86,0
87,87,3
87,88,5
87,89,3
87,90,0
87,91,5
87,92,5
87,93,3
87,94,3
87,95,5
87,96,5
87,97,2
87,98,5
87,99,1
87,100,0
87,101,5
87,102,0
87,103,2
87,104,5
87,105,5
87,106,1
87,107,0
87,108,5
87,109,1
87,110,1
87,111,5
87,112,2
87,113,3
87,114,0
87,115,1
87,116,4
87,117,4
87,118,2
87,119,2
87,120,1
87,121,1
87,122,5
87,123,5
87,124,5
87,125,0
87,126,1
87,127,5
87,128,5
87,129,5
87,130,5
87,131,3
87,132,1
87,133,3
87,134,5
87,135,2
87,136,2
87,137,1
87,138,0
87,139,3
87,140,3
87,141,5
87,142,5
87,143,5
87,144,1
87,145,2
87,146,4
87,147,1
87,148,4
87,149,5
87,150,3
87,151,4
87,152,0
87,153,1
87,154,0
87,155,4
87,156,4
87,157,2
87,158,5
87,159,0
87,160,5
87,161,1
87,162,5
87,163,5
87,164,4
87,165,2
87,166,0
87,167,3
87,168,5
87,169,5
87,170,0
88,1,2
88,2,2
88,3,5
88,4,5
88,5,2
88,6,4
88,7,1
88,8,5
88,9,0
88,10,4
88,11,1
88,12,3
88,13,0
88,14,3
88,15,5
88,16,0
88,17,4
88,18,3
88,19,1
88,20,2
88,21,1
88,22,2
88,23,2
88,24,4
88,25,0
88,26,3
88,27,0
88,28,4
88,29,5
88,30,0
88,31,4
88,32,1
88,33,1
88,34,4
88,35,2
88,36,2
88,37,5
88,38,5
88,39,1
88,40,2
88,41,1
88,42,2
88,43,2
88,44,3
88,45,0
88,46,1
88,47,0
88,48,4
88,49,5
88,50,4
88,51,5
88,52,3
88,53,5
88,54,3
88,55,1
88,56,0
88,57,5
88,58,5
88,59,1
88,60,4
88,61,4
88,62,0
88,63,2
88,64,4
88,65,2
88,66,2
88,67,5
88,68,4
88,69,5
88,70,5
88,71,3
88,72,1
88,73,4
88,74,4
88,75,0
88,76,1
88,77,1
88,78,2
88,79,5
88,80,0
88,81,2
88,82,0
88,83,3
88,84,4
88,85,5
88,86,4
88,87,1
88,88,2
88,89,5
88,90,3
88,91,5
88,92,1
88,93,0
88,94,5
88,95,4
88,96,0
88,97,1
88,98,5
88,99,4
88,100,1
88,101,5
88,102,1
88,103,2
88,104,2
88,105,2
88,106,1
88,107,4
88,108,2
88,109,3
88,110,3
88,111,5
88,112,2
88,113,1
88,114,2
88,115,5
88,116,4
88,117,0
88,118,1
88,119,0
88,120,5
88,121,5
88,122,2
88,123,2
88,124,0
88,125,0
88,126,3
88,127,4
88,128,5
88,129,2
88,130,1
88,131,4
88,132,2
88,133,5
88,134,5
88,135,0
88,136,1
88,137,5
88,138,3
88,139,5
88,140,4
88,141,1
88,142,3
88,143,0
88,144,2
88,145,3
88,146,3
88,147,5
88,148,1
88,149,3
88,150,4
88,151,3
88,152,2
88,153,2
88,154,3
88,155,3
88,156,3
88,157,3
88,158,2
88,159,2
88,160,1
88,161,5
88,162,2
88,163,5
88,164,1
88,165,5
88,166,5
88,167,1
88,168,5
88,169,3
88,170,4
88,171,2
88,172,3
88,173,0
88,174,2
88,175,1
88,176,0
88,177,2
88,178,4
88,179,5
88,180,5
88,181,4
88,182,5
88,183,1
88,184,4
88,185,0
88,186,3
88,187,0
88,188,0
88,189,3
88,190,2
88,191,3
88,192,2
88,193,5
88,194,0
88,195,2
88,196,3
88,197,0
88,198,5
88,199,5
88,200,5
88,201,2
88,202,5
88,203,0
88,204,5
88,205,3
88,206,0
88,207,4
88,208,3
88,209,0
88,210,2
88,211,1
88,212,1
88,213,5
88,214,3
88,215,2
88,216,1
88,217,4
88,218,3
88,219,0
88,220,4
88,221,4
88,222,0
88,223,4
88,224,2
88,225,4
88,226,1
88,227,5
88,228,1
88,229,4
88,230,0
88,231,5
88,232,2
88,233,5
88,234,4
88,235,5
88,236,4
88,237,5
88,238,3
88,239,5
88,240,5
88,241,3
88,242,5
88,243,4
88,244,2
88,245,1
88,246,0
88,247,0
88,248,0
88,249,4
88,250,4
88,251,4
88,252,5
88,253,5
88,254,5
88,255,5
88,256,5
88,257,0
88,258,5
88,259,5
88,260,5
88,261,2
88,262,1
88,263,5
88,264,1
88,265,5
88,266,4
88,267,5
88,268,4
88,269,1
88,270,2
88,271,0
88,272,2
88,273,3
88,274,3
88,275,0
88,276,3
88,277,0
88,278,0
88,279,3
88,280,5
88,281,1
88,282,3
88,283,3
88,284,5
88,285,3
88,286,5
88,287,3
88,288,0
88,289,4
88,290,4
88,291,4
88,292,5
88,293,4
88,294,2
88,295,2
88,296,5
88,297,1
88,298,2
88,299,2
88,300,5
88,301,3
88,302,3
88,303,0
88,304,5
88,305,5
88,306,1
88,307,3
88,308,0
88,309,0
88,310,5
88,311,3
88,312,2
88,313,5
88,314,5
88,315,2
88,316,0
88,317,3
88,318,4
88,319,4
88,320,2
88,321,1
88,322,5
88,323,4
88,324,2
88,325,5
88,326,5
88,327,4
88,328,2
88,329,5
88,330,5
88,331,1
88,332,1
88,333,5
88,334,2
88,335,3
88,336,5
88,337,3
88,338,5
88,339,5
88,340,2
88,341,5
88,342,3
88,343,2
88,344,0
88,345,3
88,346,0
88,347,4
88,348,3
88,349,0
88,350,5
88,351,3
88,352,2
88,353,2
88,354,3
88,355,1
88,356,1
88,357,5
88,358,4
88,359,2
88,360,0
88,361,2
88,362,1
88,363,4
88,364,3
88,365,5
89,1,5
89,2,0
89,3,3
89,4,1
89,5,3
89,6,1
89,7,2
89,8,0
89,9,0
89,10,5
89,11,3
89,12,5
89,13,0
89,14,5
89,15,0
89,16,4
89,17,0
89,18,4
89,19,5
89,20,0
89,21,5
89,22,2
89,23,5
89,24,5
89,25,1
89,26,1
89,27,0
89,28,4
89,29,1
89,30,0
89,31,5
89,32,2
89,33,0
89,34,1
89,35,5
89,36,5
89,37,5
89,38,1
89,39,3
89,40,0
89,41,5
89,42,4
89,43,0
89,44,3
89,45,2
89,46,1
89,47,0
89,48,4
89,49,3
89,50,0
89,51,3
89,52,1
89,53,5
89,54,0
89,55,3
89,56,0
89,57,4
89,58,5
89,59,2
89,60,0
89,61,1
89,62,2
89,63,5
89,64,1
89,65,0
89,66,5
89,67,5
89,68,4
89,69,1
89,70,3
89,71,3
89,72,5
89,73,4
89,74,3
89,75,1
89,76,4
89,77,0
89,78,0
89,79,1
89,80,2
89,81,4
89,82,3
89,83,4
89,84,2
89,85,3
89,86,1
89,87,2
89,88,3
89,89,4
89,90,0
89,91,5
89,92,5
89,93,1
89,94,5
89,95,3
89,96,5
89,97,1
89,98,3
89,99,3
89,100,3
89,101,2
89,102,3
89,103,1
89,104,1
89,105,3
89,106,5
89,107,2
89,108,0
89,109,0
89,110,4
89,111,2
89,112,3
89,113,5
89,114,5
89,115,4
89,116,4
89,117,1
89,118,5
89,119,3
89,120,0
89,121,2
89,122,4
89,123,3
89,124,2
89,125,0
89,126,4
89,127,5
89,128,0
89,129,3
89,130,0
89,131,0
89,132,2
89,133,0
89,134,0
89,135,1
89,136,4
89,137,5
89,138,5
89,139,2
89,140,4
89,141,0
89,142,5
89,143,5
89,144,2
89,145,3
89,146,0
89,147,2
89,148,0
89,149,0
89,150,4
89,151,2
89,152,5
89,153,2
89,154,1
89,155,4
89,156,4
89,157,4
89,158,0
89,159,3
89,160,5
89,161,3
89,162,5
89,163,5
89,164,3
89,165,1
89,166,3
89,167,2
89,168,1
89,169,1
89,170,5
89,171,5
89,172,0
89,173,4
89,174,5
89,175,1
89,176,3
89,177,1
89,178,5
89,179,4
89,180,4
89,181,0
89,182,4
89,183,4
89,184,1
89,185,2
89,186,5
89,187,4
89,188,1
90,1,5
90,2,5
90,3,1
90,4,5
90,5,5
90,6,5
90,7,3
90,8,5
90,9,0
90,10,0
90,11,5
90,12,5
90,13,5
90,14,4
90,15,4
90,16,2
90,17,3
90,18,2
90,19,1
90,20,4
90,21,1
90,22,5
90,23,2
90,24,4
90,25,3
90,26,3
90,27,5
90,28,5
90,29,4
90,30,5
90,31,1
90,32,1
90,33,5
90,34,0
90,35,0
90,36,0
90,37,2
90,38,2
90,39,5
90,40,5
90,41,5
90,42,2
90,43,5
90,44,0
90,45,4
90,46,1
90,47,4
90,48,1
90,49,1
90,50,3
90,51,5
90,52,5
90,53,5
90,54,5
90,55,5
90,56,1
90,57,5
90,58,4
90,59,5
90,60,4
90,61,2
90,62,1
90,63,2
90,64,5
90,65,5
90,66,1
90,67,5
90,68,5
90,69,5
90,70,1
90,71,2
90,72,1
90,73,5
90,74,0
90,75,3
90,76,5
90,77,5
90,78,5
90,79,0
90,80,1
90,81,1
90,82,5
90,83,1
90,84,1
90,85,4
90,86,5
90,87,0
90,88,0
90,89,5
90,90,4
90,91,1
90,92,5
90,93,2
90,94,3
90,95,5
90,96,0
90,97,0
90,98,2
90,99,3
90,100,5
90,101,3
90,102,4
90,103,4
90,104,4
90,105,4
90,106,3
90,107,1
90,108,5
90,109,5
90,110,1
90,111,3
90,112,2
90,113,1
90,114,4
90,115,4
90,116,1
90,117,2
90,118,0
90,119,0
90,120,5
90,121,5
90,122,1
90,123,1
90,124,1
90,125,0
90,126,4
90,127,5
90,128,2
90,129,2
90,130,3
90,131,2
90,132,0
90,133,4
90,134,5
90,135,3
90,136,3
90,137,1
90,138,0
90,139,2
90,140,1
90,141,0
90,142,4
90,143,2
90,144,0
90,145,3
90,146,5
90,147,5
90,148,5
90,149,1
90,150,1
90,151,3
90,152,4
90,153,4
90,154,0
90,155,4
90,156,1
90,157,4
90,158,3
90,159,1
90,160,4
90,161,2
90,162,1
90,163,1
90,164,2
90,165,5
90,166,3
90,167,2
90,168,4
90,169,0
90,170,2
90,171,0
90,172,5
90,173,1
90,174,0
90,175,0
90,176,2
90,177,3
90,178,2
90,179,5
90,180,1
90,181,0
90,182,5
90,183,3
90,184,0
90,185,5
90,186,0
90,187,2
90,188,1
91,1,5
91,2,2
91,3,5
91,4,4
91,5,0
91,6,5
91,7,5
91,8,0
91,9,1
91,10,4
91,11,1
91,12,0
91,13,4
91,14,2
91,15,4
91,16,3
91,17,1
91,18,5
91,19,4
91,20,3
91,21,1
91,22,0
91,23,2
91,24,0
91,25,3
91,26,4
91,27,1
91,28,0
91,29,5
91,30,2
91,31,3
91,32,4
91,33,5
91,34,3
91,35,5
91,36,1
91,37,3
91,38,4
91,39,5
91,40,3
91,41,0
91,42,4
91,43,1
91,44,3
91,45,3
91,46,0
91,47,0
91,48,3
91,49,0
91,50,4
91,51,2
91,52,3
91,53,5
91,54,5
91,55,0
91,56,4
91,57,4
91,58,5
91,59,0
91,60,5
91,61,5
91,62,5
91,63,2
91,64,2
91,65,3
91,66,1
91,67,4
91,68,5
91,69,0
91,70,5
91,71,1
91,72,1
91,73,2
91,74,5
91,75,5
91,76,2
91,77,5
91,78,1
91,79,5
91,80,0
91,81,1
91,82,5
91,83,1
91,84,2
91,85,4
91,86,3
91,87,1
91,88,2
91,89,5
91,90,2
91,91,4
91,92,5
91,93,5
91,94,5
91,95,0
91,96,2
91,97,1
91,98,3
91,99,0
91,100,5
91,101,3
91,102,4
91,103,1
91,104,5
91,105,5
91,106,4
91,107,4
91,108,1
91,109,3
91,110,0
91,111,5
91,112,0
91,113,0
91,114,1
91,115,5
91,116,3
91,117,5
91,118,5
91,119,1
91,120,5
91,121,5
91,122,5
91,123,4
91,124,5
91,125,5
91,126,2
91,127,2
91,128,1
91,129,3
91,130,0
91,131,1
91,132,0
91,133,2
91,134,1
91,135,5
91,136,1
91,137,3
91,138,1
91,139,5
91,140,4
91,141,3
91,142,2
91,143,5
91,144,5
91,145,5
91,146,5
91,147,1
91,148,0
91,149,1
91,150,5
91,151,5
91,152,1
91,153,2
91,154,5
91,155,2
91,156,0
91,157,4
91,158,4
91,159,4
91,160,3
91,161,5
91,162,2
91,163,0
91,164,2
91,165,3
91,166,4
91,167,0
91,168,5
91,169,5
91,170,4
91,171,1
91,172,5
91,173,5
91,174,2
91,175,5
91,176,0
91,177,4
91,178,5
91,179,0
91,180,2
91,181,0
91,182,2
91,183,0
91,184,1
91,185,3
91,186,5
91,187,4
91,188,1
91,189,0
91,190,2
91,191,2
91,192,2
91,193,1
91,194,3
91,195,5
91,196,5
91,197,1
91,198,5
91,199,4
91,200,1
91,201,0
91,202,5
91,203,3
91,204,4
91,205,3
91,206,4
91,207,4
91,208,2
91,209,1
91,210,4
91,211,3
91,212,3
91,213,5
91,214,4
91,215,5
91,216,5
91,217,2
91,218,0
91,219,3
91,220,0
91,221,3
91,222,2
91,223,5
91,224,5
91,225,4
91,226,1
91,227,4
91,228,5
91,229,1
91,230,1
91,231,3
91,232,2
91,233,5
91,234,3
91,235,3
91,236,5
91,237,3
91,238,2
91,239,5
91,240,1
91,241,3
91,242,1
91,243,5
91,244,1
91,245,3
92,1,5
92,2,4
92,3,3
92,4,3
92,5,0
92,6,2
92,7,3
92,8,0
92,9,5
92,10,2
92,11,2
92,12,5
92,13,3
92,14,3
92,15,5
92,16,5
92,17,5
92,18,3
92,19,4
92,20,0
92,21,0
92,22,5
92,23,4
92,24,5
92,25,3
92,26,3
92,27,0
92,28,1
92,29,4
92,30,1
92,31,5
92,32,0
92,33,3
92,34,2
92,35,3
92,36,5
92,37,1
92,38,0
92,39,5
92,40,0
92,41,2
92,42,3
92,43,5
92,44,1
92,45,5
92,46,2
92,47,2
92,48,3
92,49,5
92,50,5
92,51,4
92,52,0
92,53,2
92,54,1
92,55,5
92,56,4
92,57,2
92,58,5
92,59,0
92,60,1
92,61,2
92,62,1
92,63,5
92,64,3
92,65,2
92,66,2
92,67,5
92,68,1
92,69,4
92,70,2
92,71,2
92,72,2
92,73,0
92,74,0
92,75,1
92,76,4
92,77,5
92,78,5
92,79,5
92,80,0
92,81,1
92,82,5
92,83,5
92,84,5
92,85,0
92,86,2
92,87,0
92,88,3
92,89,4
92,90,3
92,91,5
92,92,5
92,93,5
92,94,5
92,95,3
92,96,3
92,97,0
92,98,5
92,99,4
92,100,5
92,101,0
92,102,0
92,103,5
92,104,1
92,105,3
92,106,1
92,107,5
92,108,3
92,109,3
92,110,4
92,111,1
92,112,4
92,113,4
92,114,5
92,115,3
92,116,2
92,117,0
92,118,5
92,119,1
92,120,1
92,121,0
92,122,0
92,123,0
92,124,2
92,125,5
92,126,4
92,127,0
92,128,4
92,129,5
92,130,1
92,131,3
92,132,3
92,133,5
92,134,4
92,135,1
92,136,2
92,137,2
92,138,2
92,139,2
92,140,1
92,141,4
92,142,0
92,143,2
92,144,1
92,145,5
92,146,1
92,147,1
92,148,0
92,149,3
92,150,2
92,151,3
92,152,3
92,153,3
92,154,0
92,155,3
92,156,3
92,157,2
92,158,2
92,159,0
92,160,5
92,161,1
92,162,2
92,163,2
92,164,3
92,165,5
92,166,4
92,167,5
92,168,5
92,169,5
92,170,0
92,171,0
92,172,2
92,173,0
92,174,5
92,175,0
92,176,3
92,177,4
92,178,5
92,179,1
92,180,1
92,181,0
92,182,5
92,183,2
92,184,5
92,185,5
92,186,2
92,187,0
92,188,4
93,1,5
93,2,3
93,3,0
93,4,1
93,5,4
93,6,5
93,7,1
93,8,3
93,9,1
93,10,4
93,11,0
93,12,5
93,13,5
93,14,4
93,15,0
93,16,4
93,17,2
93,18,5
93,19,2
93,20,1
93,21,0
93,22,5
93,23,1
93,24,0
93,25,4
93,26,5
93,27,2
93,28,3
93,29,1
93,30,2
93,31,3
93,32,1
93,33,3
93,34,2
93,35,3
93,36,1
93,37,5
93,38,3
93,39,4
93,40,0
93,41,5
93,42,0
93,43,1
93,44,4
93,45,1
93,46,2
93,47,4
93,48,2
93,49,2
93,50,2
93,51,5
93,52,2
93,53,0
93,54,3
93,55,5
93,56,2
93,57,5
93,58,5
93,59,5
93,60,5
93,61,0
93,62,0
93,63,4
93,64,3
93,65,2
93,66,4
93,67,2
93,68,0
93,69,5
93,70,5
93,71,0
93,72,0
93,73,5
93,74,3
93,75,5
93,76,3
93,77,1
93,78,4
93,79,0
93,80,1
93,81,2
93,82,1
93,83,2
93,84,5
93,85,2
93,86,5
93,87,4
93,88,5
93,89,3
93,90,4
93,91,4
93,92,5
93,93,1
93,94,1
93,95,3
93,96,4
93,97,2
93,98,2
93,99,4
93,100,0
93,101,4
93,102,4
93,103,2
93,104,3
93,105,2
93,106,1
93,107,3
93,108,2
93,109,5
93,110,5
93,111,1
93,112,3
93,113,1
93,114,5
93,115,3
93,116,2
93,117,3
93,118,1
93,119,5
93,120,4
93,121,4
93,122,4
93,123,2
93,124,4
93,125,2
93,126,2
93,127,4
93,128,5
93,129,5
93,130,1
93,131,4
93,132,3
93,133,0
93,134,3
93,135,0
93,136,3
93,137,0
93,138,1
93,139,5
93,140,1
93,141,2
93,142,4
93,143,2
93,144,5
93,145,5
93,146,2
93,147,1
93,148,1
93,149,2
93,150,2
93,151,2
93,152,5
93,153,3
93,154,1
93,155,2
93,156,4
93,157,0
93,158,4
93,159,5
93,160,5
93,161,5
93,162,4
93,163,3
93,164,5
93,165,5
93,166,5
93,167,5
93,168,5
93,169,3
93,170,1
93,171,1
93,172,2
93,173,3
93,174,4
93,175,3
93,176,2
93,177,2
93,178,5
93,179,5
93,180,3
93,181,2
93,182,5
93,183,4
93,184,1
93,185,4
93,186,1
93,187,4
93,188,1
93,189,5
94,1,5
94,2,0
94,3,1
94,4,5
94,5,5
94,6,5
94,7,5
94,8,2
94,9,5
94,10,4
94,11,5
94,12,5
94,13,5
94,14,0
94,15,5
94,16,5
94,17,2
94,18,5
94,19,5
94,20,2
94,21,0
94,22,4
94,23,4
94,24,0
94,25,2
94,26,5
94,27,5
94,28,2
94,29,4
94,30,5
94,31,5
94,32,5
94,33,0
94,34,0
94,35,5
94,36,0
94,37,2
94,38,4
94,39,3
94,40,1
94,41,5
94,42,5
94,43,2
94,44,0
94,45,3
94,46,3
94,47,1
94,48,5
94,49,4
94,50,1
94,51,1
94,52,4
94,53,2
94,54,4
94,55,4
94,56,5
94,57,3
94,58,5
94,59,1
94,60,2
94,61,5
94,62,1
94,63,3
94,64,3
94,65,3
94,66,2
94,67,4
94,68,4
94,69,2
94,70,5
94,71,2
94,72,5
94,73,2
94,74,1
94,75,5
94,76,0
94,77,0
94,78,4
94,79,5
94,80,1
94,81,0
94,82,2
94,83,4
94,84,5
94,85,3
94,86,5
94,87,5
94,88,0
94,89,1
94,90,5
94,91,0
94,92,1
94,93,1
94,94,4
94,95,5
94,96,5
94,97,3
94,98,5
94,99,0
94,100,2
94,101,3
94,102,4
94,103,2
94,104,5
94,105,3
94,106,0
94,107,4
94,108,5
94,109,5
94,110,1
94,111,3
94,112,0
94,113,4
94,114,0
94,115,3
94,116,0
94,117,4
94,118,0
94,119,2
94,120,4
94,121,0
94,122,5
94,123,0
94,124,4
94,125,4
94,126,2
94,127,2
94,128,3
94,129,5
94,130,0
94,131,2
94,132,4
94,133,4
94,134,2
94,135,1
94,136,0
94,137,4
94,138,0
94,139,5
94,140,0
94,141,2
94,142,5
94,143,0
94,144,0
94,145,3
94,146,3
94,147,5
94,148,0
94,149,0
94,150,5
94,151,3
94,152,4
94,153,3
94,154,0
94,155,3
94,156,0
94,157,3
94,158,3
94,159,2
94,160,3
94,161,5
94,162,5
94,163,1
94,164,5
94,165,4
94,166,5
94,167,3
94,168,5
94,169,5
94,170,5
94,171,3
94,172,4
94,173,5
94,174,1
94,175,0
94,176,3
94,177,1
94,178,4
94,179,3
94,180,0
94,181,0
94,182,2
94,183,5
94,184,3
94,185,0
94,186,1
94,187,1
94,188,0
94,189,4
94,190,3
94,191,5
94,192,1
94,193,1
94,194,0
94,195,5
94,196,4
94,197,5
94,198,3
94,199,0
94,200,2
94,201,3
94,202,1
94,203,4
94,204,5
94,205,4
94,206,1
94,207,2
94,208,3
94,209,1
94,210,3
94,211,5
94,212,3
94,213,1
94,214,1
94,215,5
94,216,0
94,217,1
94,218,3
94,219,0
94,220,5
94,221,2
94,222,0
94,223,3
94,224,5
94,225,4
94,226,0
94,227,2
94,228,3
94,229,0
94,230,4
94,231,3
94,232,4
94,233,0
94,234,0
94,235,1
94,236,2
94,237,1
94,238,5
94,239,5
94,240,2
94,241,4
94,242,3
94,243,2
94,244,1
94,245,1
94,246,2
94,247,4
94,248,4
94,249,5
94,250,1
94,251,3
94,252,3
94,253,2
94,254,4
94,255,1
94,256,3
94,257,4
94,258,0
94,259,5
94,260,1
94,261,2
94,262,3
94,263,2
94,264,1
94,265,2
94,266,2
94,267,1
94,268,3
94,269,2
94,270,2
94,271,0
94,272,5
94,273,5
94,274,3
94,275,1
94,276,0
94,277,5
94,278,2
94,279,4
94,280,3
94,281,2
94,282,1
94,283,2
94,284,5
94,285,4
94,286,5
94,287,2
94,288,4
94,289,4
94,290,3
94,291,2
94,292,2
94,293,0
94,294,3
94,295,2
94,296,0
94,297,4
94,298,5
94,299,5
94,300,0
94,301,3
94,302,3
94,303,4
94,304,1
94,305,1
94,306,5
95,1,1
95,2,5
95,3,4
95,4,2
95,5,5
95,6,5
95,7,5
95,8,2
95,9,5
95,10,0
95,11,5
95,12,3
95,13,5
95,14,2
95,15,2
95,16,3
95,17,4
95,18,2
95,19,1
95,20,2
95,21,5
95,22,1
95,23,0
95,24,0
95,25,0
95,26,5
95,27,5
95,28,5
95,29,2
95,30,5
95,31,3
95,32,5
95,33,5
95,34,2
95,35,1
95,36,4
95,37,1
95,38,3
95,39,5
95,40,5
95,41,0
95,42,5
95,43,5
95,44,2
95,45,5
95,46,4
95,47,0
95,48,0
95,49,5
95,50,3
95,51,1
95,52,1
95,53,5
95,54,5
95,55,5
95,56,4
95,57,4
95,58,2
95,59,3
95,60,0
95,61,1
95,62,2
95,63,0
95,64,2
95,65,3
95,66,5
95,67,1
95,68,4
95,69,1
95,70,3
95,71,5
95,72,0
95,73,4
95,74,5
95,75,0
95,76,0
95,77,3
95,78,5
95,79,0
95,80,5
95,81,5
95,82,4
95,83,0
95,84,5
95,85,0
95,86,4
95,87,0
95,88,3
95,89,2
95,90,3
95,91,1
95,92,4
95,93,1
95,94,2
95,95,1
95,96,4
95,97,5
95,98,0
95,99,3
95,100,1
95,101,1
95,102,5
95,103,4
95,104,5
95,105,1
95,106,0
95,107,5
95,108,5
95,109,3
95,110,4
95,111,3
95,112,0
95,113,1
95,114,0
95,115,5
95,116,4
95,117,5
95,118,0
95,119,4
95,120,4
95,121,4
95,122,4
95,123,4
95,124,4
95,125,2
95,126,5
95,127,5
95,128,2
95,129,3
95,130,5
95,131,5
95,132,3
95,133,5
95,134,1
95,135,1
95,136,1
95,137,4
95,138,4
95,139,1
95,140,1
95,141,5
95,142,3
95,143,3
95,144,5
95,145,5
95,146,0
95,147,4
95,148,2
95,149,4
95,150,0
95,151,4
95,152,0
95,153,3
95,154,1
95,155,2
95,156,5
95,157,0
95,158,1
95,159,4
95,160,3
95,161,3
95,162,1
95,163,5
95,164,2
95,165,1
95,166,5
95,167,3
95,168,2
95,169,5
95,170,0
95,171,0
95,172,2
95,173,5
95,174,4
95,175,5
95,176,5
95,177,5
95,178,3
95,179,5
95,180,3
95,181,4
95,182,1
95,183,1
95,184,3
95,185,5
95,186,5
95,187,0
95,188,2
95,189,5
95,190,1
95,191,1
95,192,1
95,193,4
95,194,0
95,195,1
95,196,3
95,197,1
95,198,0
96,1,0
96,2,4
96,3,0
96,4,5
96,5,0
96,6,2
96,7,1
96,8,0
96,9,1
96,10,3
96,11,1
96,12,5
96,13,5
96,14,0
96,15,5
96,16,0
96,17,1
96,18,5
96,19,4
96,20,4
96,21,5
96,22,5
96,23,4
96,24,2
96,25,5
96,26,5
96,27,3
96,28,5
96,29,0
96,30,5
96,31,2
96,32,5
96,33,2
96,34,0
96,35,0
96,36,5
96,37,2
96,38,2
96,39,1
96,40,4
96,41,5
96,42,5
96,43,4
96,44,2
96,45,2
96,46,0
96,47,4
96,48,3
96,49,0
96,50,0
96,51,0
96,52,3
96,53,1
96,54,3
96,55,2
96,56,1
96,57,2
96,58,5
96,59,0
96,60,2
96,61,5
96,62,5
96,63,4
96,64,3
96,65,3
96,66,5
96,67,3
96,68,2
96,69,3
96,70,3
96,71,5
96,72,2
96,73,0
96,74,2
96,75,4
96,76,2
96,77,1
96,78,2
96,79,0
96,80,0
96,81,5
96,82,1
96,83,4
96,84,3
96,85,2
96,86,0
96,87,5
96,88,3
96,89,3
96,90,5
96,91,3
96,92,5
96,93,1
96,94,5
96,95,1
96,96,3
96,97,3
96,98,0
96,99,2
96,100,4
96,101,1
96,102,0
96,103,5
96,104,0
96,105,4
96,106,2
96,107,0
96,108,1
96,109,4
96,110,3
96,111,5
96,112,1
96,113,1
96,114,3
96,115,5
96,116,4
96,117,5
96,118,3
96,119,3
96,120,3
96,121,3
96,122,1
96,123,5
96,124,1
96,125,2
96,126,3
96,127,2
96,128,2
96,129,5
96,130,5
96,131,3
96,132,2
96,133,4
96,134,5
96,135,2
96,136,5
96,137,4
96,138,4
96,139,0
96,140,2
96,141,5
96,142,4
96,143,2
96,144,0
96,145,4
96,146,4
96,147,5
96,148,3
96,149,3
96,150,4
96,151,2
96,152,2
96,153,5
96,154,4
96,155,3
96,156,5
96,157,5
96,158,2
96,159,1
96,160,5
96,161,0
96,162,2
96,163,1
96,164,2
96,165,0
96,166,3
96,167,0
96,168,5
96,169,4
96,170,5
96,171,2
96,172,3
96,173,2
96,174,5
96,175,5
96,176,5
96,177,3
96,178,1
96,179,4
96,180,5
96,181,0
96,182,4
96,183,1
96,184,4
96,185,0
96,186,4
96,187,2
96,188,2
96,189,3
96,190,1
96,191,5
96,192,5
96,193,5
96,194,1
96,195,0
96,196,5
96,197,4
96,198,1
96,199,5
96,200,0
96,201,4
96,202,1
96,203,2
96,204,4
96,205,5
96,206,2
96,207,1
96,208,5
97,1,5
97,2,2
97,3,5
97,4,5
97,5,3
97,6,4
97,7,0
97,8,5
97,9,5
97,10,3
97,11,2
97,12,4
97,13,3
97,14,2
97,15,3
97,16,2
97,17,1
97,18,5
97,19,2
97,20,2
97,21,0
97,22,2
97,23,0
97,24,3
97,25,5
97,26,2
97,27,1
97,28,0
97,29,3
97,30,2
97,31,2
97,32,4
97,33,5
97,34,4
97,35,1
97,36,5
97,37,4
97,38,0
97,39,4
97,40,4
97,41,3
97,42,3
97,43,3
97,44,3
97,45,3
97,46,0
97,47,3
97,48,5
97,49,2
97,50,4
97,51,1
97,52,5
97,53,2
97,54,5
97,55,5
97,56,2
97,57,0
97,58,5
97,59,3
97,60,2
97,61,4
97,62,5
97,63,0
97,64,1
97,65,0
97,66,5
97,67,4
97,68,0
97,69,0
97,70,5
97,71,1
97,72,5
97,73,4
97,74,2
97,75,1
97,76,2
97,77,5
97,78,5
97,79,5
97,80,1
97,81,2
97,82,4
97,83,3
97,84,2
97,85,5
97,86,0
97,87,4
97,88,5
97,89,2
97,90,0
97,91,1
97,92,3
97,93,2
97,94,1
97,95,3
97,96,5
97,97,1
97,98,1
97,99,5
97,100,4
97,101,4
97,102,5
97,103,5
97,104,4
97,105,1
97,106,2
97,107,3
97,108,4
97,109,1
97,110,3
97,111,5
97,112,1
97,113,0
97,114,1
97,115,2
97,116,0
97,117,0
97,118,1
97,119,4
97,120,2
97,121,4
97,122,3
97,123,1
97,124,3
97,125,4
97,126,5
97,127,0
97,128,1
97,129,5
97,130,5
97,131,5
97,132,4
97,133,2
97,134,5
97,135,4
97,136,2
97,137,5
97,138,3
97,139,4
97,140,0
97,141,5
97,142,3
97,143,1
97,144,5
97,145,1
98,1,1
98,2,0
98,3,5
98,4,2
98,5,3
98,6,2
98,7,3
98,8,4
98,9,2
98,10,5
98,11,0
98,12,2
98,13,3
98,14,2
98,15,5
98,16,0
98,17,5
98,18,2
98,19,4
98,20,3
98,21,3
98,22,4
98,23,2
98,24,5
98,25,4
98,26,1
98,27,5
98,28,3
98,29,0
98,30,5
98,31,5
98,32,4
98,33,0
98,34,1
98,35,1
98,36,3
98,37,3
98,38,3
98,39,5
98,40,4
98,41,2
98,42,0
98,43,5
98,44,2
98,45,2
98,46,5
98,47,1
98,48,5
98,49,0
98,50,2
98,51,4
98,52,0
98,53,2
98,54,1
98,55,0
98,56,5
98,57,4
98,58,5
98,59,3
98,60,1
98,61,5
98,62,5
98,63,3
98,64,4
98,65,1
98,66,5
98,67,3
98,68,4
98,69,0
98,70,4
98,71,5
98,72,3
98,73,0
98,74,5
98,75,2
98,76,1
98,77,3
98,78,1
98,79,3
98,80,5
98,81,0
98,82,4
98,83,2
98,84,5
98,85,4
98,86,4
98,87,1
98,88,2
98,89,4
98,90,5
98,91,5
98,92,1
98,93,5
98,94,2
98,95,5
98,96,4
98,97,5
98,98,4
98,99,5
98,100,2
98,101,1
98,102,4
98,103,2
98,104,0
98,105,3
98,106,2
98,107,0
98,108,2
98,109,3
98,110,5
98,111,2
98,112,5
98,113,3
98,114,3
98,115,5
98,116,5
98,117,5
98,118,5
98,119,1
98,120,3
98,121,4
98,122,4
98,123,1
98,124,1
98,125,5
98,126,0
98,127,3
98,128,0
98,129,5
98,130,5
98,131,4
98,132,5
98,133,5
98,134,5
98,135,5
98,136,5
98,137,4
98,138,1
98,139,4
98,140,3
98,141,0
98,142,1
98,143,0
98,144,5
98,145,0
98,146,0
98,147,1
98,148,1
98,149,2
98,150,1
98,151,0
98,152,1
98,153,4
98,154,3
98,155,5
98,156,0
98,157,1
98,158,0
98,159,5
98,160,5
98,161,4
98,162,2
98,163,3
98,164,3
98,165,2
98,166,1
98,167,4
99,1,3
99,2,0
99,3,2
99,4,5
99,5,1
99,6,0
99,7,1
99,8,2
99,9,5
99,10,1
99,11,3
99,12,3
99,13,1
99,14,5
99,15,1
99,16,5
99,17,3
99,18,0
99,19,5
99,20,4
99,21,0
99,22,4
99,23,2
99,24,0
99,25,5
99,26,4
99,27,5
99,28,5
99,29,0
99,30,3
99,31,3
99,32,3
99,33,3
99,34,4
99,35,1
99,36,5
99,37,5
99,38,2
99,39,5
99,40,1
99,41,4
99,42,5
99,43,1
99,44,2
99,45,0
99,46,5
99,47,5
99,48,2
99,49,5
99,50,2
99,51,1
99,52,4
99,53,3
99,54,4
99,55,2
99,56,2
99,57,5
99,58,1
99,59,2
99,60,5
99,61,2
99,62,4
99,63,3
99,64,3
99,65,1
99,66,3
99,67,3
99,68,1
99,69,5
99,70,5
99,71,3
99,72,1
99,73,0
99,74,5
99,75,2
99,76,1
99,77,5
99,78,0
99,79,5
99,80,1
99,81,1
99,82,0
99,83,0
99,84,4
99,85,2
99,86,1
99,87,5
99,88,5
99,89,4
99,90,0
99,91,5
99,92,4
99,93,0
99,94,2
99,95,5
99,96,2
99,97,5
99,98,5
99,99,5
99,100,5
99,101,2
99,102,0
99,103,5
99,104,1
99,105,4
99,106,3
99,107,2
99,108,4
99,109,5
99,110,5
99,111,4
99,112,0
99,113,5
99,114,2
99,115,5
99,116,0
99,117,1
99,118,5
99,119,2
99,120,5
99,121,1
99,122,5
99,123,0
99,124,0
99,125,4
99,126,5
99,127,5
99,128,5
99,129,3
99,130,5
99,131,5
99,132,5
99,133,2
99,134,2
99,135,0
99,136,4
99,137,0
99,138,3
99,139,1
99,140,4
99,141,5
99,142,4
99,143,1
99,144,1
99,145,5
99,146,0
99,147,5
99,148,1
99,149,5
99,150,4
99,151,4
99,152,0
99,153,0
99,154,2
99,155,2
99,156,2
99,157,0
99,158,0
99,159,3
99,160,5
99,161,5
99,162,1
99,163,1
99,164,0
99,165,5
99,166,4
99,167,4
99,168,5
99,169,3
99,170,5
99,171,1
99,172,3
99,173,4
99,174,2
99,175,4
99,176,5
99,177,2
99,178,1
99,179,4
99,180,3
99,181,2
99,182,2
99,183,5
99,184,3
99,185,5
99,186,5
99,187,2
99,188,4
99,189,5
99,190,0
99,191,5
99,192,0
99,193,2
99,194,2
99,195,4
99,196,4
99,197,2
99,198,0
99,199,3
99,200,0
99,201,3
99,202,0
100,1,0
100,2,1
100,3,0
100,4,0
100,5,0
100,6,5
100,7,2
100,8,1
100,9,5
100,10,1
100,11,1
100,12,5
100,13,0
100,14,5
100,15,2
100,16,3
100,17,3
100,18,0
100,19,4
100,20,5
100,21,3
100,22,4
100,23,0
100,24,4
100,25,5
100,26,3
100,27,2
100,28,3
100,29,5
100,30,4
100,31,5
100,32,5
100,33,4
100,34,0
100,35,4
100,36,1
100,37,4
100,38,3
100,39,3
100,40,3
100,41,3
100,42,3
100,43,1
100,44,4
100,45,2
100,46,5
100,47,5
100,48,1
100,49,5
100,50,0
100,51,5
100,52,5
100,53,0
100,54,5
100,55,1
100,56,5
100,57,5
100,58,5
100,59,4
100,60,0
100,61,4
100,62,5
100,63,5
100,64,2
100,65,5
100,66,2
100,67,2
100,68,3
100,69,3
100,70,0
100,71,5
100,72,2
100,73,4
100,74,5
100,75,4
100,76,5
100,77,5
100,78,2
100,79,1
100,80,2
100,81,1
100,82,3
100,83,1
100,84,5
100,85,3
100,86,3
100,87,0
100,88,0
100,89,0
100,90,4
100,91,0
100,92,2
100,93,2
100,94,2
100,95,5
100,96,5
100,97,3
100,98,5
100,99,0
100,100,1
100,101,5
100,102,0
100,103,1
100,104,5
100,105,0
100,106,5
100,107,1
100,108,4
100,109,4
100,110,1
100,111,5
100,112,2
100,113,2
100,114,3
100,115,3
100,116,3
100,117,3
100,118,2
100,119,1
100,120,4
100,121,3
100,122,3
100,123,1
100,124,3
100,125,3
100,126,0
100,127,5
100,128,2
100,129,2
100,130,3
100,131,5
100,132,2
100,133,5
100,134,4
100,135,3
100,136,0
100,137,5
100,138,4
100,139,0
100,140,3
100,141,0
100,142,5
100,143,3
100,144,3
100,145,2
100,146,0
100,147,5
100,148,0
100,149,2
100,150,1
100,151,0
100,152,2
100,153,5
100,154,0
100,155,1
100,156,5
100,157,0
100,158,5
100,159,1
100,160,0
100,161,5
100,162,1
100,163,5
100,164,5
100,165,3
100,166,2
100,167,0
100,168,0
100,169,0
100,170,1
100,171,4
100,172,3
100,173,3
100,174,3
100,175,5
100,176,1
100,177,5
100,178,3
100,179,4
100,180,2
100,181,0
100,182,2
100,183,5
100,184,4
100,185,4
100,186,1
100,187,2
100,188,5
100,189,1
100,190,1
100,191,2
100,192,1
100,193,2
100,194,3
100,195,0
100,196,4
100,197,4
100,198,5
100,199,3
100,200,4
100,201,2
100,202,4
100,203,1
100,204,2
100,205,5
100,206,5
100,207,5
100,208,5
100,209,5
100,210,4
100,211,4
100,212,5
101,1,5
101,2,3
101,3,0
101,4,1
101,5,4
101,6,5
101,7,1
101,8,2
101,9,0
101,10,3
101,11,5
101,12,5
101,13,5
101,14,4
101,15,0
101,16,4
101,17,2
101,18,5
101,19,1
101,20,1
101,21,0
101,22,5
101,23,0
101,24,0
101,25,4
101,26,4
101,27,1
101,28,3
101,29,1
101,30,5
101,31,5
101,32,1
101,33,2
101,34,1
101,35,3
101,36,2
101,37,3
101,38,0
101,39,5
101,40,3
101,41,4
101,42,0
101,43,5
101,44,1
101,45,3
101,46,1
101,47,2
101,48,4
101,49,2
101,50,2
101,51,2
101,52,5
101,53,2
101,54,0
101,55,3
101,56,5
101,57,5
101,58,2
101,59,5
101,60,5
101,61,5
101,62,4
101,63,0
101,64,0
101,65,4
101,66,3
101,67,2
101,68,4
101,69,2
101,70,5
101,71,5
101,72,0
101,73,0
101,74,5
101,75,3
101,76,4
101,77,2
101,78,1
101,79,4
101,80,1
101,81,2
101,82,1
101,83,2
101,84,5
101,85,2
101,86,5
101,87,4
101,88,5
101,89,3
101,90,4
101,91,3
101,92,5
101,93,1
101,94,1
101,95,2
101,96,4
101,97,2
101,98,2
101,99,4
101,100,0
101,101,3
101,102,4
101,103,2
101,104,3
101,105,2
101,106,1
101,107,3
101,108,2
101,109,5
101,110,5
101,111,1
101,112,3
101,113,1
101,114,4
101,115,3
101,116,2
101,117,3
101,118,1
101,119,5
101,120,3
101,121,4
101,122,4
101,123,2
101,124,3
101,125,2
101,126,2
101,127,4
101,128,5
101,129,5
101,130,1
101,131,3
101,132,5
101,133,3
101,134,0
101,135,3
101,136,0
101,137,3
101,138,5
101,139,0
101,140,1
101,141,5
101,142,1
101,143,2
101,144,4
101,145,2
101,146,5
101,147,5
101,148,2
101,149,1
101,150,1
101,151,1
101,152,2
101,153,2
101,154,5
101,155,3
101,156,1
101,157,1
101,158,3
101,159,0
101,160,3
101,161,5
101,162,5
101,163,5
101,164,4
101,165,3
101,166,5
101,167,5
101,168,5
101,169,5
101,170,5
101,171,3
101,172,1
101,173,1
101,174,2
101,175,2
101,176,4
101,177,3
101,178,2
101,179,1
101,180,5
101,181,5
101,182,3
101,183,5
101,184,2
101,185,5
101,186,4
101,187,1
101,188,4
101,189,1
101,190,4
101,191,1
101,192,4
101,193,5
101,194,4
101,195,2
101,196,0
101,197,0
101,198,1
101,199,4
101,200,3
101,201,3
101,202,4
101,203,1
101,204,1
101,205,5
101,206,5
101,207,3
101,208,4
101,209,2
101,210,4
101,211,1
102,1,5
102,2,2
102,3,2
102,4,1
102,5,2
102,6,5
102,7,5
102,8,5
102,9,0
102,10,3
102,11,0
102,12,4
102,13,3
102,14,4
102,15,5
102,16,0
102,17,2
102,18,5
102,19,5
102,20,5
102,21,4
102,22,4
102,23,4
102,24,3
102,25,5
102,26,5
102,27,3
102,28,3
102,29,5
102,30,3
102,31,0
102,32,0
102,33,2
102,34,0
102,35,5
102,36,2
102,37,3
102,38,3
102,39,1
102,40,5
102,41,4
102,42,1
102,43,0
102,44,1
102,45,4
102,46,1
102,47,0
102,48,4
102,49,4
102,50,5
102,51,1
102,52,5
102,53,1
102,54,3
102,55,5
102,56,1
102,57,3
102,58,3
102,59,5
102,60,0
102,61,0
102,62,1
102,63,2
102,64,1
102,65,0
102,66,1
102,67,4
102,68,1
102,69,2
102,70,4
102,71,0
102,72,0
102,73,4
102,74,0
102,75,0
102,76,2
102,77,1
102,78,1
102,79,4
102,80,2
102,81,3
102,82,5
102,83,0
102,84,1
102,85,3
102,86,5
102,87,0
102,88,5
102,89,0
102,90,2
102,91,1
102,92,3
102,93,2
102,94,0
102,95,2
102,96,4
102,97,5
102,98,2
102,99,4
102,100,3
102,101,3
102,102,0
102,103,5
102,104,0
102,105,2
102,106,4
102,107,5
102,108,3
102,109,0
102,110,2
102,111,5
102,112,0
102,113,5
102,114,2
102,115,4
102,116,5
102,117,3
102,118,1
102,119,5
102,120,0
102,121,4
102,122,5
102,123,4
102,124,1
102,125,3
102,126,4
102,127,2
102,128,3
102,129,3
102,130,1
102,131,4
102,132,5
102,133,0
102,134,0
102,135,1
102,136,1
102,137,1
102,138,2
102,139,2
102,140,1
102,141,3
102,142,5
102,143,0
102,144,5
102,145,5
102,146,2
102,147,1
102,148,5
102,149,3
102,150,3
102,151,2
102,152,3
102,153,1
102,154,4
102,155,0
102,156,0
102,157,1
102,158,5
102,159,4
102,160,4
102,161,1
102,162,5
102,163,1
102,164,5
103,1,5
103,2,1
103,3,4
103,4,0
103,5,1
103,6,4
103,7,0
103,8,5
103,9,5
103,10,5
103,11,0
103,12,5
103,13,0
103,14,3
103,15,5
103,16,5
103,17,1
103,18,4
103,19,5
103,20,5
103,21,2
103,22,4
103,23,0
103,24,0
103,25,5
103,26,1
103,27,4
103,28,4
103,29,4
103,30,3
103,31,2
103,32,1
103,33,1
103,34,5
103,35,3
103,36,4
103,37,2
103,38,0
103,39,2
103,40,5
103,41,1
103,42,4
103,43,5
103,44,3
103,45,1
103,46,1
103,47,1
103,48,0
103,49,2
103,50,3
103,51,4
103,52,2
103,53,1
103,54,5
103,55,0
103,56,4
103,57,5
103,58,1
103,59,0
103,60,5
103,61,0
103,62,0
103,63,4
103,64,0
103,65,5
103,66,5
103,67,2
103,68,5
103,69,5
103,70,3
103,71,4
103,72,5
103,73,3
103,74,0
103,75,3
103,76,1
103,77,5
103,78,3
103,79,5
103,80,4
103,81,1
103,82,5
103,83,0
103,84,0
103,85,3
103,86,5
103,87,2
103,88,5
103,89,3
103,90,3
103,91,3
103,92,5
103,93,3
103,94,0
103,95,4
103,96,0
103,97,2
103,98,2
103,99,5
103,100,5
103,101,2
103,102,3
103,103,0
103,104,3
103,105,1
103,106,2
103,107,3
103,108,4
103,109,2
103,110,1
103,111,0
103,112,4
103,113,1
103,114,2
103,115,5
103,116,5
103,117,0
103,118,0
103,119,5
103,120,2
103,121,3
103,122,4
103,123,5
103,124,5
103,125,1
103,126,3
103,127,1
103,128,5
103,129,2
103,130,1
103,131,3
103,132,4
103,133,4
103,134,1
103,135,5
103,136,4
103,137,3
103,138,4
103,139,0
103,140,1
103,141,1
103,142,1
103,143,1
103,144,5
103,145,3
103,146,1
103,147,5
103,148,2
103,149,1
103,150,3
103,151,2
103,152,5
103,153,2
103,154,1
103,155,3
103,156,0
103,157,2
103,158,5
103,159,5
103,160,2
103,161,1
103,162,1
103,163,2
103,164,5
103,165,1
103,166,5
103,167,3
103,168,5
103,169,4
103,170,2
103,171,3
103,172,0
103,173,2
103,174,2
103,175,2
103,176,0
103,177,1
103,178,2
103,179,4
103,180,3
103,181,5
103,182,5
103,183,5
103,184,3
103,185,2
103,186,5
103,187,4
103,188,3
103,189,2
103,190,4
103,191,5
103,192,4
103,193,5
103,194,5
103,195,5
103,196,3
103,197,3
103,198,1
103,199,0
103,200,2
103,201,0
103,202,1
103,203,3
103,204,1
103,205,5
103,206,4
103,207,5
103,208,4
103,209,1
103,210,2
103,211,2
103,212,5
103,213,0
103,214,4
103,215,4
103,216,5
103,217,0
103,218,2
103,219,1
103,220,0
103,221,1
103,222,4
103,223,4
103,224,0
103,225,3
103,226,0
103,227,5
103,228,4
103,229,5
103,230,3
103,231,2
103,232,4
103,233,4
103,234,4
103,235,1
103,236,0
103,237,3
103,238,0
103,239,5
103,240,5
103,241,4
103,242,3
103,243,4
103,244,5
103,245,0
103,246,0
103,247,0
103,248,5
103,249,4
103,250,0
103,251,4
103,252,3
103,253,5
103,254,0
103,255,2
103,256,5
103,257,3
103,258,5
103,259,1
103,260,3
103,261,5
103,262,5
103,263,2
103,264,3
103,265,1
103,266,4
103,267,5
103,268,4
103,269,5
103,270,5
103,271,2
103,272,1
103,273,4
103,274,0
103,275,1
103,276,3
103,277,5
103,278,1
103,279,2
103,280,2
104,1,4
104,2,4
104,3,2
104,4,2
104,5,5
104,6,2
104,7,0
104,8,1
104,9,1
104,10,4
104,11,5
104,12,3
104,13,1
104,14,2
104,15,3
104,16,5
104,17,5
104,18,3
104,19,4
104,20,2
104,21,0
104,22,5
104,23,3
104,24,5
104,25,2
104,26,0
104,27,3
104,28,4
104,29,5
104,30,0
104,31,2
104,32,2
104,33,5
104,34,0
104,35,3
104,36,1
104,37,4
104,38,0
104,39,0
104,40,2
104,41,5
104,42,5
104,43,3
104,44,5
104,45,5
104,46,1
104,47,5
104,48,5
104,49,1
104,50,3
104,51,5
104,52,5
104,53,2
104,54,3
104,55,4
104,56,4
104,57,4
104,58,3
104,59,4
104,60,5
104,61,0
104,62,2
104,63,4
104,64,0
104,65,4
104,66,4
104,67,1
104,68,0
104,69,0
104,70,3
104,71,2
104,72,4
104,73,2
104,74,0
104,75,1
104,76,4
104,77,1
104,78,5
104,79,2
104,80,4
104,81,3
104,82,5
104,83,1
104,84,5
104,85,2
104,86,1
104,87,3
104,88,4
104,89,1
104,90,5
104,91,5
104,92,2
104,93,5
104,94,2
104,95,4
104,96,4
104,97,2
104,98,2
104,99,3
104,100,4
104,101,2
104,102,4
104,103,5
104,104,5
104,105,2
104,106,5
104,107,5
104,108,5
104,109,4
104,110,3
104,111,2
104,112,2
104,113,5
104,114,1
104,115,2
104,116,3
104,117,1
104,118,5
104,119,4
104,120,2
104,121,4
104,122,4
104,123,4
104,124,5
104,125,1
104,126,5
104,127,1
104,128,4
104,129,0
104,130,4
104,131,4
104,132,5
104,133,0
104,134,1
104,135,2
104,136,2
104,137,0
104,138,2
104,139,3
104,140,5
104,141,0
104,142,1
104,143,5
104,144,0
104,145,1
104,146,5
104,147,5
104,148,2
104,149,2
104,150,5
104,151,0
104,152,3
104,153,4
104,154,1
104,155,2
104,156,0
104,157,1
104,158,5
104,159,1
104,160,4
104,161,5
104,162,2
104,163,2
104,164,0
104,165,3
104,166,0
104,167,4
104,168,1
104,169,3
104,170,5
104,171,1
104,172,5
104,173,4
104,174,5
104,175,5
104,176,4
104,177,1
104,178,5
104,179,4
104,180,4
104,181,3
104,182,0
104,183,5
104,184,5
104,185,5
104,186,2
104,187,0
104,188,1
104,189,0
104,190,5
104,191,2
104,192,4
104,193,5
104,194,5
104,195,5
104,196,4
104,197,3
104,198,4
104,199,1
104,200,1
104,201,5
104,202,1
104,203,3
104,204,4
104,205,3
104,206,3
104,207,3
104,208,2
104,209,5
104,210,4
104,211,5
104,212,0
104,213,1
104,214,1
104,215,1
104,216,2
104,217,3
104,218,0
104,219,5
104,220,0
104,221,3
104,222,0
104,223,5
104,224,1
104,225,1
104,226,5
104,227,3
104,228,5
105,1,0
105,2,3
105,3,4
105,4,5
105,5,1
105,6,0
105,7,0
105,8,1
105,9,0
105,10,1
105,11,0
105,12,0
105,13,4
105,14,2
105,15,0
105,16,1
105,17,5
105,18,5
105,19,1
105,20,2
105,21,4
105,22,5
105,23,3
105,24,5
105,25,2
105,26,1
105,27,1
105,28,4
105,29,5
105,30,2
105,31,1
105,32,2
105,33,1
105,34,3
105,35,1
105,36,5
105,37,3
105,38,0
105,39,2
105,40,5
105,41,2
105,42,5
105,43,1
105,44,2
105,45,5
105,46,1
105,47,3
105,48,4
105,49,5
105,50,0
105,51,5
105,52,0
105,53,5
105,54,1
105,55,3
105,56,5
105,57,5
105,58,2
105,59,5
105,60,4
105,61,4
105,62,4
105,63,2
105,64,0
105,65,2
105,66,1
105,67,5
105,68,2
105,69,1
105,70,3
105,71,2
105,72,1
105,73,2
105,74,5
105,75,5
105,76,1
105,77,4
105,78,4
105,79,4
105,80,1
105,81,4
105,82,2
105,83,0
105,84,1
105,85,3
105,86,4
105,87,0
105,88,2
105,89,5
105,90,1
105,91,1
105,92,2
105,93,5
105,94,1
105,95,0
105,96,4
105,97,3
105,98,2
105,99,0
105,100,2
105,101,5
105,102,0
105,103,5
105,104,2
105,105,3
105,106,5
105,107,3
105,108,1
105,109,4
105,110,0
105,111,5
105,112,4
105,113,1
105,114,0
105,115,5
105,116,4
105,117,0
105,118,2
105,119,5
105,120,0
105,121,1
105,122,2
105,123,2
105,124,4
105,125,0
105,126,5
105,127,1
105,128,1
105,129,5
105,130,4
105,131,4
105,132,4
105,133,0
105,134,2
105,135,5
105,136,4
105,137,0
105,138,1
105,139,5
105,140,5
105,141,5
105,142,0
105,143,2
105,144,0
105,145,5
105,146,1
105,147,3
105,148,1
105,149,1
105,150,4
105,151,2
105,152,4
105,153,4
105,154,3
105,155,5
105,156,5
105,157,0
105,158,5
105,159,2
105,160,5
105,161,3
105,162,4
105,163,3
105,164,3
105,165,0
105,166,5
105,167,4
105,168,4
105,169,1
105,170,5
105,171,1
105,172,5
105,173,3
105,174,1
105,175,3
105,176,4
105,177,4
105,178,5
105,179,0
105,180,0
105,181,5
105,182,3
105,183,1
105,184,4
105,185,0
105,186,5
105,187,3
105,188,0
105,189,3
105,190,0
105,191,4
105,192,4
105,193,2
105,194,0
105,195,2
105,196,2
105,197,2
105,198,0
105,199,5
105,200,4
105,201,1
105,202,3
105,203,0
105,204,5
105,205,3
105,206,5
105,207,3
105,208,5
105,209,2
105,210,3
105,211,3
105,212,2
105,213,1
105,214,0
105,215,1
105,216,5
105,217,5
105,218,2
105,219,4
105,220,0
105,221,0
105,222,0
105,223,3
105,224,5
105,225,4
105,226,5
105,227,2
105,228,4
105,229,3
105,230,0
105,231,5
105,232,5
105,233,1
105,234,0
105,235,3
105,236,2
105,237,3
105,238,5
105,239,5
105,240,1
105,241,1
105,242,1
105,243,5
105,244,0
105,245,4
105,246,5
105,247,4
105,248,5
105,249,0
105,250,5
105,251,3
105,252,3
105,253,4
105,254,3
105,255,5
105,256,2
105,257,4
105,258,2
105,259,3
105,260,1
105,261,4
105,262,0
105,263,5
105,264,4
105,265,5
105,266,3
105,267,5
105,268,4
105,269,4
105,270,5
105,271,3
105,272,3
105,273,0
105,274,2
105,275,3
105,276,5
105,277,5
105,278,0
105,279,4
105,280,0
105,281,1
105,282,3
105,283,4
105,284,5
105,285,2
105,286,1
105,287,5
105,288,4
105,289,1
105,290,2
105,291,2
105,292,3
105,293,3
105,294,4
105,295,2
105,296,5
105,297,0
105,298,0
105,299,0
105,300,2
105,301,4
105,302,2
105,303,5
106,1,4
106,2,5
106,3,4
106,4,2
106,5,5
106,6,4
106,7,3
106,8,1
106,9,0
106,10,0
106,11,0
106,12,3
106,13,3
106,14,5
106,15,4
106,16,1
106,17,0
106,18,0
106,19,5
106,20,1
106,21,3
106,22,5
106,23,2
106,24,4
106,25,0
106,26,2
106,27,2
106,28,1
106,29,3
106,30,4
106,31,5
106,32,1
106,33,2
106,34,4
106,35,3
106,36,0
106,37,1
106,38,5
106,39,2
106,40,5
106,41,5
106,42,5
106,43,5
106,44,0
106,45,3
106,46,4
106,47,2
106,48,1
106,49,5
106,50,4
106,51,5
106,52,0
106,53,5
106,54,3
106,55,2
106,56,2
106,57,3
106,58,3
106,59,0
106,60,1
106,61,5
106,62,3
106,63,5
106,64,5
106,65,4
106,66,1
106,67,5
106,68,2
106,69,2
106,70,0
106,71,2
106,72,2
106,73,5
106,74,4
106,75,2
106,76,1
106,77,4
106,78,3
106,79,5
106,80,5
106,81,2
106,82,5
106,83,4
106,84,5
106,85,0
106,86,5
106,87,5
106,88,4
106,89,0
106,90,0
106,91,2
106,92,5
106,93,5
106,94,5
106,95,5
106,96,4
106,97,1
106,98,3
106,99,5
106,100,1
106,101,2
106,102,1
106,103,3
106,104,3
106,105,3
106,106,2
106,107,2
106,108,0
106,109,0
106,110,3
106,111,2
106,112,0
106,113,0
106,114,3
106,115,1
106,116,3
106,117,0
106,118,4
106,119,2
106,120,3
106,121,0
106,122,5
106,123,5
106,124,2
106,125,2
106,126,4
106,127,1
106,128,2
106,129,5
106,130,3
106,131,1
106,132,0
106,133,1
106,134,5
106,135,0
106,136,0
106,137,5
106,138,1
106,139,2
106,140,5
106,141,3
106,142,5
106,143,1
106,144,5
106,145,4
106,146,3
106,147,3
106,148,2
106,149,2
106,150,0
106,151,5
106,152,3
106,153,1
106,154,1
106,155,5
106,156,4
106,157,1
106,158,3
106,159,2
106,160,2
106,161,4
106,162,3
106,163,0
106,164,3
106,165,4
106,166,0
106,167,5
106,168,1
106,169,0
106,170,2
106,171,5
106,172,2
106,173,1
106,174,3
106,175,5
106,176,5
106,177,5
106,178,4
106,179,0
106,180,0
106,181,1
106,182,3
106,183,5
106,184,2
106,185,5
106,186,3
106,187,2
106,188,4
106,189,0
106,190,4
106,191,3
106,192,0
106,193,5
106,194,0
106,195,3
106,196,4
106,197,2
106,198,4
106,199,0
106,200,5
106,201,4
106,202,1
106,203,4
106,204,5
106,205,5
106,206,5
106,207,5
106,208,4
106,209,2
106,210,4
106,211,4
106,212,1
106,213,4
106,214,2
106,215,1
106,216,5
106,217,4
106,218,4
106,219,5
106,220,5
106,221,4
106,222,3
106,223,4
106,224,3
106,225,3
106,226,4
106,227,1
106,228,0
106,229,4
106,230,3
106,231,5
106,232,1
106,233,2
106,234,5
106,235,5
106,236,5
106,237,1
106,238,5
106,239,5
106,240,5
106,241,5
106,242,0
106,243,3
106,244,1
106,245,3
106,246,2
106,247,5
106,248,5
106,249,5
106,250,3
106,251,2
106,252,4
106,253,4
106,254,2
106,255,3
106,256,3
106,257,3
106,258,4
106,259,4
106,260,1
106,261,4
106,262,0
106,263,5
106,264,3
106,265,5
106,266,0
106,267,1
106,268,0
106,269,0
106,270,1
106,271,1
106,272,5
107,1,3
107,2,3
107,3,0
107,4,1
107,5,0
107,6,1
107,7,0
107,8,2
107,9,5
107,10,0
107,11,5
107,12,1
107,13,4
107,14,5
107,15,1
107,16,3
107,17,4
107,18,5
107,19,5
107,20,2
107,21,3
107,22,4
107,23,4
107,24,3
107,25,0
107,26,1
107,27,3
107,28,5
107,29,5
107,30,0
107,31,2
107,32,4
107,33,3
107,34,2
107,35,2
107,36,3
107,37,2
107,38,5
107,39,3
107,40,3
107,41,4
107,42,1
107,43,1
107,44,0
107,45,2
107,46,1
107,47,3
107,48,1
107,49,0
107,50,5
107,51,5
107,52,5
107,53,0
107,54,5
107,55,4
107,56,3
107,57,5
107,58,3
107,59,4
107,60,4
107,61,3
107,62,0
107,63,0
107,64,1
107,65,1
107,66,1
107,67,1
107,68,0
107,69,3
107,70,5
107,71,1
107,72,5
107,73,4
107,74,5
107,75,1
107,76,3
107,77,0
107,78,2
107,79,5
107,80,4
107,81,3
107,82,0
107,83,2
107,84,5
107,85,4
107,86,1
107,87,5
107,88,1
107,89,0
107,90,4
107,91,0
107,92,3
107,93,5
107,94,5
107,95,4
107,96,4
107,97,1
107,98,1
107,99,5
107,100,0
107,101,4
107,102,4
107,103,3
107,104,5
107,105,2
107,106,1
107,107,3
107,108,5
107,109,4
107,110,5
107,111,2
107,112,4
107,113,1
107,114,4
107,115,4
107,116,2
107,117,5
107,118,4
107,119,3
107,120,2
107,121,1
107,122,0
107,123,0
107,124,2
107,125,4
107,126,1
107,127,1
107,128,2
107,129,5
107,130,2
107,131,5
107,132,0
107,133,5
107,134,1
107,135,5
107,136,4
107,137,2
107,138,0
107,139,3
107,140,5
107,141,4
107,142,5
107,143,5
107,144,5
107,145,2
108,1,5
108,2,4
108,3,0
108,4,0
108,5,4
108,6,0
108,7,0
108,8,0
108,9,2
108,10,5
108,11,0
108,12,2
108,13,5
108,14,3
108,15,3
108,16,0
108,17,1
108,18,3
108,19,2
108,20,5
108,21,0
108,22,0
108,23,5
108,24,5
108,25,2
108,26,0
108,27,0
108,28,3
108,29,0
108,30,5
108,31,1
108,32,5
108,33,1
108,34,3
108,35,0
108,36,4
108,37,5
108,38,1
108,39,0
108,40,3
108,41,5
108,42,4
108,43,1
108,44,5
108,45,1
108,46,5
108,47,3
108,48,2
108,49,5
108,50,3
108,51,4
108,52,5
108,53,1
108,54,3
108,55,2
108,56,2
108,57,3
108,58,0
108,59,5
108,60,5
108,61,3
108,62,0
108,63,3
108,64,1
108,65,4
108,66,1
108,67,1
108,68,5
108,69,2
108,70,5
108,71,0
108,72,0
108,73,0
108,74,3
108,75,1
108,76,2
108,77,4
108,78,4
108,79,5
108,80,5
108,81,5
108,82,0
108,83,4
108,84,2
108,85,5
108,86,3
108,87,5
108,88,2
108,89,3
108,90,0
108,91,1
108,92,3
108,93,0
108,94,1
108,95,5
108,96,5
108,97,0
108,98,1
108,99,5
108,100,0
108,101,4
108,102,1
108,103,4
108,104,1
108,105,2
108,106,0
108,107,4
108,108,5
108,109,5
108,110,3
108,111,1
108,112,1
108,113,5
108,114,1
108,115,0
108,116,4
108,117,3
108,118,4
108,119,3
108,120,3
108,121,0
108,122,5
108,123,4
108,124,5
108,125,4
108,126,3
108,127,2
108,128,2
108,129,2
108,130,5
108,131,2
108,132,0
108,133,5
108,134,2
108,135,0
108,136,2
108,137,2
108,138,2
108,139,5
108,140,2
108,141,1
108,142,5
108,143,5
108,144,3
108,145,0
108,146,1
108,147,1
108,148,2
108,149,0
108,150,1
108,151,4
108,152,3
108,153,0
108,154,2
108,155,1
108,156,1
109,1,5
109,2,2
109,3,2
109,4,0
109,5,5
109,6,5
109,7,3
109,8,0
109,9,3
109,10,0
109,11,1
109,12,2
109,13,3
109,14,2
109,15,1
109,16,5
109,17,2
109,18,0
109,19,4
109,20,3
109,21,2
109,22,3
109,23,4
109,24,3
109,25,3
109,26,3
109,27,3
109,28,3
109,29,1
109,30,3
109,31,3
109,32,0
109,33,3
109,34,4
109,35,3
109,36,0
109,37,5
109,38,3
109,39,3
109,40,2
109,41,0
109,42,0
109,43,4
109,44,2
109,45,2
109,46,0
109,47,3
109,48,5
109,49,2
109,50,2
109,51,3
109,52,1
109,53,1
109,54,2
109,55,5
109,56,5
109,57,2
109,58,1
109,59,1
109,60,2
109,61,1
109,62,4
109,63,0
109,64,0
109,65,0
109,66,4
109,67,2
109,68,0
109,69,3
109,70,3
109,71,4
109,72,1
109,73,5
109,74,1
109,75,4
109,76,1
109,77,4
109,78,5
109,79,3
109,80,5
109,81,4
109,82,4
109,83,1
109,84,4
109,85,5
109,86,5
109,87,2
109,88,1
109,89,3
109,90,3
109,91,0
109,92,0
109,93,2
109,94,3
109,95,3
109,96,2
109,97,0
109,98,3
109,99,1
109,100,5
109,101,0
109,102,3
109,103,3
109,104,1
109,105,2
109,106,5
109,107,4
109,108,5
109,109,2
109,110,5
109,111,3
109,112,5
109,113,0
109,114,0
109,115,3
109,116,3
109,117,3
109,118,4
109,119,0
109,120,2
109,121,1
109,122,3
109,123,0
109,124,5
109,125,1
109,126,5
109,127,4
109,128,5
109,129,2
109,130,1
109,131,5
109,132,5
109,133,5
109,134,3
109,135,1
109,136,0
109,137,3
109,138,3
109,139,5
109,140,5
109,141,1
109,142,2
109,143,0
109,144,0
109,145,5
109,146,1
109,147,4
109,148,4
109,149,4
109,150,5
109,151,2
109,152,1
109,153,1
109,154,1
109,155,4
109,156,2
109,157,0
109,158,1
109,159,4
109,160,5
109,161,1
109,162,4
109,163,5
109,164,0
109,165,5
109,166,0
109,167,0
109,168,4
109,169,4
109,170,0
109,171,3
109,172,5
109,173,3
109,174,5
109,175,2
109,176,1
109,177,4
109,178,3
109,179,3
109,180,5
109,181,1
109,182,3
109,183,4
109,184,0
109,185,4
109,186,1
109,187,4
109,188,2
109,189,3
109,190,5
109,191,4
109,192,1
109,193,5
109,194,0
109,195,4
109,196,5
109,197,3
109,198,4
109,199,1
109,200,1
109,201,1
109,202,4
109,203,3
109,204,2
109,205,0
109,206,3
109,207,1
109,208,5
109,209,3
109,210,0
109,211,4
109,212,2
109,213,5
109,214,3
109,215,2
109,216,2
109,217,2
109,218,5
109,219,5
109,220,5
110,1,0
110,2,2
110,3,3
110,4,4
110,5,2
110,6,1
110,7,2
110,8,4
110,9,1
110,10,3
110,11,2
110,12,2
110,13,0
110,14,4
110,15,3
110,16,0
110,17,0
110,18,0
110,19,1
110,20,5
110,21,0
110,22,0
110,23,1
110,24,3
110,25,4
110,26,5
110,27,4
110,28,2
110,29,4
110,30,0
110,31,5
110,32,5
110,33,1
110,34,3
110,35,4
110,36,5
110,37,2
110,38,1
110,39,1
110,40,2
110,41,3
110,42,4
110,43,3
110,44,4
110,45,5
110,46,0
110,47,2
110,48,3
110,49,0
110,50,3
110,51,5
110,52,5
110,53,4
110,54,5
110,55,5
110,56,3
110,57,3
110,58,2
110,59,1
110,60,0
110,61,0
110,62,4
110,63,5
110,64,0
110,65,1
110,66,2
110,67,2
110,68,2
110,69,5
110,70,3
110,71,2
110,72,1
110,73,2
110,74,2
110,75,4
110,76,1
110,77,5
110,78,2
110,79,3
110,80,4
110,81,0
110,82,5
110,83,3
110,84,4
110,85,4
110,86,5
110,87,2
110,88,3
110,89,2
110,90,3
110,91,2
110,92,5
110,93,5
110,94,1
110,95,3
110,96,1
110,97,5
110,98,0
110,99,5
110,100,1
110,101,4
110,102,1
110,103,0
110,104,2
110,105,1
110,106,4
110,107,1
110,108,2
110,109,0
110,110,5
110,111,5
110,112,2
110,113,2
110,114,3
110,115,0
110,116,4
110,117,0
110,118,3
110,119,4
110,120,4
110,121,4
110,122,2
110,123,3
110,124,2
110,125,4
110,126,3
110,127,1
110,128,4
110,129,0
110,130,4
110,131,2
110,132,4
110,133,1
110,134,1
110,135,0
110,136,3
110,137,5
110,138,3
110,139,3
110,140,1
110,141,4
110,142,1
110,143,5
110,144,3
110,145,5
110,146,5
110,147,3
110,148,4
110,149,2
110,150,5
110,151,2
110,152,3
110,153,2
110,154,1
110,155,5
110,156,5
110,157,2
110,158,4
110,159,5
110,160,2
110,161,5
110,162,3
110,163,1
110,164,5
110,165,3
110,166,3
110,167,0
110,168,0
110,169,5
110,170,3
110,171,1
110,172,5
110,173,5
110,174,2
110,175,1
110,176,4
110,177,1
110,178,4
110,179,2
110,180,2
110,181,4
110,182,1
110,183,3
110,184,5
110,185,3
110,186,5
110,187,5
110,188,5
110,189,4
110,190,0
110,191,3
110,192,2
110,193,5
110,194,1
110,195,4
110,196,4
110,197,3
110,198,5
110,199,3
110,200,5
110,201,5
110,202,1
110,203,2
110,204,5
110,205,0
110,206,0
110,207,5
110,208,5
110,209,3
110,210,1
110,211,5
110,212,3
110,213,1
110,214,0
110,215,4
110,216,3
110,217,5
110,218,5
110,219,5
110,220,4
110,221,5
111,1,4
111,2,0
111,3,2
111,4,3
111,5,3
111,6,5
111,7,4
111,8,5
111,9,0
111,10,4
111,11,5
111,12,4
111,13,3
111,14,1
111,15,0
111,16,3
111,17,3
111,18,5
111,19,2
111,20,2
111,21,4
111,22,5
111,23,3
111,24,3
111,25,2
111,26,3
111,27,1
111,28,5
111,29,2
111,30,3
111,31,3
111,32,3
111,33,5
111,34,2
111,35,1
111,36,2
111,37,2
111,38,5
111,39,5
111,40,5
111,41,1
111,42,5
111,43,4
111,44,5
111,45,2
111,46,3
111,47,3
111,48,1
111,49,1
111,50,0
111,51,5
111,52,4
111,53,3
111,54,4
111,55,3
111,56,3
111,57,2
111,58,1
111,59,4
111,60,2
111,61,5
111,62,4
111,63,5
111,64,1
111,65,5
111,66,5
111,67,1
111,68,4
111,69,1
111,70,4
111,71,2
111,72,0
111,73,1
111,74,0
111,75,5
111,76,0
111,77,0
111,78,4
111,79,3
111,80,5
111,81,5
111,82,4
111,83,2
111,84,3
111,85,5
111,86,3
111,87,1
111,88,5
111,89,2
111,90,4
111,91,0
111,92,4
111,93,5
111,94,2
111,95,5
111,96,5
111,97,5
111,98,5
111,99,1
111,100,1
111,101,1
111,102,0
111,103,2
111,104,5
111,105,5
111,106,5
111,107,3
111,108,2
111,109,4
111,110,3
111,111,3
111,112,5
111,113,3
111,114,0
111,115,1
111,116,2
111,117,0
111,118,3
111,119,2
111,120,5
111,121,1
111,122,1
111,123,4
111,124,4
111,125,5
111,126,0
111,127,2
111,128,0
111,129,5
111,130,1
111,131,4
111,132,2
111,133,2
111,134,5
111,135,3
111,136,3
111,137,3
111,138,5
111,139,1
111,140,3
111,141,4
111,142,0
111,143,0
111,144,5
111,145,5
111,146,2
111,147,0
111,148,5
111,149,4
111,150,4
111,151,2
111,152,3
111,153,5
111,154,3
111,155,4
111,156,2
111,157,2
111,158,3
111,159,2
111,160,5
111,161,4
111,162,0
111,163,3
111,164,0
111,165,2
111,166,5
111,167,5
111,168,5
111,169,2
111,170,5
111,171,5
111,172,5
111,173,4
111,174,5
111,175,5
111,176,2
111,177,2
111,178,5
111,179,5
111,180,5
111,181,5
111,182,0
111,183,3
111,184,4
111,185,4
111,186,0
111,187,3
111,188,5
111,189,3
111,190,0
111,191,4
111,192,0
111,193,0
111,194,5
111,195,4
111,196,5
111,197,5
111,198,5
111,199,2
111,200,1
112,1,2
112,2,5
112,3,1
112,4,4
112,5,0
112,6,4
112,7,1
112,8,1
112,9,2
112,10,5
112,11,0
112,12,3
112,13,4
112,14,1
112,15,2
112,16,4
112,17,3
112,18,2
112,19,2
112,20,5
112,21,5
112,22,1
112,23,5
112,24,5
112,25,5
112,26,1
112,27,5
112,28,1
112,29,4
112,30,1
112,31,1
112,32,3
112,33,0
112,34,0
112,35,5
112,36,5
112,37,5
112,38,5
112,39,5
112,40,4
112,41,0
112,42,0
112,43,4
112,44,3
112,45,5
112,46,5
112,47,0
112,48,4
112,49,5
112,50,2
112,51,3
112,52,5
112,53,1
112,54,0
112,55,5
112,56,1
112,57,2
112,58,5
112,59,5
112,60,5
112,61,2
112,62,2
112,63,1
112,64,0
112,65,2
112,66,4
112,67,5
112,68,4
112,69,1
112,70,3
112,71,4
112,72,2
112,73,1
112,74,5
112,75,4
112,76,4
112,77,4
112,78,5
112,79,3
112,80,5
112,81,4
112,82,2
112,83,2
112,84,5
112,85,5
112,86,0
112,87,5
112,88,0
112,89,4
112,90,1
112,91,4
112,92,1
112,93,5
112,94,4
112,95,1
112,96,5
112,97,0
112,98,2
112,99,4
112,100,1
112,101,5
112,102,2
112,103,4
112,104,5
112,105,2
112,106,5
112,107,5
112,108,0
112,109,2
112,110,2
112,111,1
112,112,2
112,113,0
112,114,3
112,115,4
112,116,0
112,117,3
112,118,3
112,119,0
112,120,5
112,121,3
112,122,2
112,123,1
112,124,2
112,125,4
112,126,4
112,127,5
112,128,5
112,129,2
112,130,5
112,131,4
112,132,5
112,133,1
112,134,4
112,135,2
112,136,3
112,137,1
112,138,0
112,139,0
112,140,1
112,141,1
112,142,1
112,143,4
112,144,2
112,145,4
112,146,0
112,147,1
112,148,1
112,149,4
112,150,1
112,151,1
112,152,0
112,153,4
112,154,3
112,155,5
112,156,2
112,157,5
112,158,5
112,159,2
112,160,2
112,161,4
112,162,1
112,163,4
112,164,0
112,165,2
112,166,0
112,167,0
112,168,0
112,169,3
112,170,5
112,171,5
112,172,3
112,173,4
112,174,1
112,175,5
112,176,3
112,177,3
112,178,2
112,179,0
112,180,5
112,181,4
112,182,2
112,183,5
112,184,5
112,185,3
112,186,4
112,187,1
112,188,4
112,189,3
112,190,0
112,191,5
112,192,2
112,193,1
112,194,2
112,195,0
112,196,2
112,197,1
112,198,5
112,199,4
112,200,3
112,201,0
112,202,5
112,203,5
112,204,0
112,205,4
112,206,5
112,207,5
112,208,2
112,209,0
112,210,5
112,211,3
112,212,3
112,213,2
112,214,5
112,215,3
112,216,2
112,217,1
112,218,5
112,219,4
112,220,3
112,221,1
112,222,2
112,223,1
112,224,4
112,225,4
112,226,2
112,227,5
112,228,3
112,229,2
112,230,3
112,231,3
112,232,0
112,233,5
112,234,5
112,235,5
112,236,3
112,237,3
112,238,1
112,239,5
112,240,0
112,241,2
112,242,1
112,243,0
112,244,1
112,245,5
112,246,3
112,247,0
112,248,1
112,249,4
112,250,5
112,251,4
112,252,0
112,253,4
112,254,3
112,255,3
112,256,3
112,257,5
112,258,4
112,259,2
112,260,5
112,261,0
112,262,4
112,263,0
112,264,0
112,265,3
112,266,0
112,267,5
112,268,0
112,269,1
112,270,4
112,271,5
112,272,0
112,273,3
112,274,4
112,275,1
112,276,5
112,277,5
112,278,4
112,279,1
112,280,3
112,281,3
112,282,1
112,283,5
112,284,4
112,285,0
112,286,1
112,287,5
112,288,3
112,289,1
112,290,1
112,291,1
112,292,1
112,293,0
112,294,5
112,295,0
112,296,5
112,297,5
112,298,1
112,299,2
112,300,5
112,301,0
112,302,3
112,303,4
112,304,1
112,305,4
112,306,3
112,307,3
112,308,3
112,309,1
112,310,0
112,311,1
112,312,2
112,313,5
112,314,2
112,315,2
112,316,5
112,317,2
112,318,4
112,319,5
112,320,2
112,321,2
112,322,1
112,323,1
112,324,3
112,325,5
112,326,5
112,327,1
112,328,1
112,329,1
112,330,3
112,331,1
112,332,0
112,333,5
112,334,5
112,335,3
112,336,1
112,337,0
112,338,4
112,339,5
112,340,3
112,341,5
112,342,3
112,343,2
112,344,4
112,345,3
112,346,3
112,347,5
112,348,2
112,349,3
112,350,5
112,351,1
112,352,1
112,353,1
112,354,5
112,355,4
112,356,4
112,357,3
112,358,3
112,359,3
112,360,1
112,361,1
112,362,0
112,363,1
112,364,4
112,365,5
112,366,1
112,367,3
112,368,5
112,369,1
112,370,3
112,371,0
112,372,2
112,373,0
112,374,5
112,375,0
112,376,0
112,377,4
112,378,0
113,1,2
113,2,1
113,3,5
113,4,0
113,5,0
113,6,5
113,7,4
113,8,1
113,9,2
113,10,3
113,11,1
113,12,3
113,13,0
113,14,3
113,15,1
113,16,2
113,17,1
113,18,5
113,19,2
113,20,3
113,21,3
113,22,4
113,23,5
113,24,1
113,25,5
113,26,0
113,27,3
113,28,1
113,29,0
113,30,5
113,31,5
113,32,5
113,33,1
113,34,3
113,35,0
113,36,1
113,37,5
113,38,2
113,39,1
113,40,1
113,41,5
113,42,3
113,43,5
113,44,1
113,45,0
113,46,1
113,47,1
113,48,5
113,49,3
113,50,5
113,51,5
113,52,1
113,53,3
113,54,5
113,55,5
113,56,5
113,57,3
113,58,4
113,59,0
113,60,3
113,61,0
113,62,1
113,63,5
113,64,4
113,65,2
113,66,2
113,67,4
113,68,5
113,69,3
113,70,0
113,71,0
113,72,1
113,73,1
113,74,2
113,75,0
113,76,5
113,77,3
113,78,2
113,79,1
113,80,2
113,81,2
113,82,3
113,83,2
113,84,2
113,85,0
113,86,0
113,87,5
113,88,0
113,89,0
113,90,5
113,91,5
113,92,3
113,93,1
113,94,5
113,95,0
113,96,1
113,97,1
113,98,4
113,99,5
113,100,1
113,101,5
113,102,0
113,103,3
113,104,4
113,105,4
113,106,5
113,107,5
113,108,5
113,109,2
113,110,5
113,111,3
113,112,4
113,113,2
113,114,0
113,115,0
113,116,5
113,117,5
113,118,5
113,119,0
113,120,2
113,121,5
113,122,0
113,123,3
113,124,3
113,125,3
113,126,5
113,127,1
113,128,0
113,129,2
113,130,4
113,131,1
113,132,1
113,133,3
113,134,5
113,135,0
113,136,4
113,137,5
113,138,2
113,139,0
113,140,2
113,141,2
113,142,4
113,143,0
113,144,3
113,145,4
113,146,4
113,147,5
113,148,0
113,149,5
113,150,3
113,151,3
113,152,5
113,153,2
113,154,3
113,155,3
113,156,1
113,157,5
113,158,5
113,159,4
113,160,0
113,161,0
113,162,3
113,163,5
113,164,5
113,165,4
113,166,1
113,167,3
113,168,5
113,169,2
113,170,5
113,171,2
113,172,5
113,173,0
113,174,0
113,175,5
113,176,2
113,177,0
113,178,5
113,179,5
113,180,2
113,181,3
113,182,4
113,183,3
113,184,0
113,185,4
113,186,3
113,187,4
113,188,4
113,189,5
113,190,3
113,191,5
113,192,4
113,193,1
113,194,4
113,195,2
113,196,5
113,197,0
113,198,5
113,199,4
113,200,2
113,201,0
113,202,4
113,203,1
113,204,2
113,205,0
113,206,1
113,207,1
113,208,3
113,209,2
113,210,5
113,211,4
113,212,0
113,213,5
113,214,4
113,215,2
113,216,2
113,217,3
113,218,5
113,219,2
113,220,5
113,221,4
113,222,4
113,223,5
113,224,1
113,225,1
113,226,2
113,227,4
113,228,1
113,229,2
113,230,3
113,231,0
113,232,5
114,1,2
114,2,2
114,3,0
114,4,5
114,5,3
114,6,5
114,7,2
114,8,3
114,9,4
114,10,5
114,11,3
114,12,2
114,13,5
114,14,3
114,15,4
114,16,0
114,17,2
114,18,4
114,19,1
114,20,1
114,21,0
114,22,1
114,23,4
114,24,4
114,25,4
114,26,4
114,27,5
114,28,3
114,29,3
114,30,5
114,31,1
114,32,1
114,33,5
114,34,5
114,35,5
114,36,2
114,37,4
114,38,3
114,39,3
114,40,2
114,41,2
114,42,1
114,43,1
114,44,4
114,45,5
114,46,5
114,47,0
114,48,4
114,49,5
114,50,1
114,51,1
114,52,5
114,53,1
114,54,3
114,55,2
114,56,1
114,57,5
114,58,5
114,59,5
114,60,5
114,61,4
114,62,1
114,63,1
114,64,0
114,65,4
114,66,3
114,67,1
114,68,4
114,69,5
114,70,0
114,71,2
114,72,5
114,73,5
114,74,4
114,75,4
114,76,1
114,77,3
114,78,4
114,79,0
114,80,2
114,81,2
114,82,3
114,83,1
114,84,0
114,85,0
114,86,5
114,87,1
114,88,5
114,89,3
114,90,0
114,91,2
114,92,2
114,93,0
114,94,0
114,95,0
114,96,5
114,97,0
114,98,1
114,99,5
114,100,1
114,101,5
114,102,1
114,103,5
114,104,0
114,105,2
114,106,5
114,107,0
114,108,3
114,109,0
114,110,2
114,111,3
114,112,3
114,113,2
114,114,4
114,115,2
114,116,5
114,117,0
114,118,2
114,119,0
114,120,1
114,121,1
114,122,5
114,123,3
114,124,4
114,125,5
114,126,3
114,127,2
114,128,3
114,129,0
114,130,5
114,131,1
114,132,0
114,133,1
114,134,5
114,135,4
114,136,1
114,137,5
114,138,2
114,139,0
114,140,5
114,141,2
114,142,3
114,143,2
114,144,5
114,145,3
114,146,0
114,147,3
114,148,5
114,149,0
114,150,5
114,151,5
114,152,5
114,153,5
114,154,2
114,155,1
114,156,3
114,157,5
114,158,0
114,159,0
114,160,1
114,161,1
114,162,3
114,163,5
114,164,0
114,165,3
114,166,3
114,167,5
114,168,5
114,169,1
114,170,1
114,171,0
114,172,2
114,173,1
114,174,3
114,175,3
114,176,3
114,177,0
114,178,2
114,179,2
114,180,4
114,181,2
114,182,4
114,183,3
114,184,0
114,185,5
114,186,0
114,187,1
114,188,2
114,189,1
114,190,2
114,191,4
114,192,0
114,193,5
114,194,1
114,195,0
114,196,2
114,197,4
114,198,0
114,199,4
114,200,5
114,201,0
114,202,0
114,203,2
115,1,2
115,2,0
115,3,4
115,4,2
115,5,3
115,6,4
115,7,2
115,8,1
115,9,0
115,10,3
115,11,2
115,12,0
115,13,1
115,14,2
115,15,5
115,16,2
115,17,3
115,18,1
115,19,1
115,20,0
115,21,5
115,22,5
115,23,0
115,24,4
115,25,3
115,26,2
115,27,4
115,28,5
115,29,5
115,30,1
115,31,1
115,32,5
115,33,3
115,34,0
115,35,4
115,36,2
115,37,4
115,38,5
115,39,0
115,40,2
115,41,1
115,42,4
115,43,2
115,44,1
115,45,5
115,46,3
115,47,3
115,48,3
115,49,1
115,50,3
115,51,4
115,52,5
115,53,3
115,54,3
115,55,5
115,56,0
115,57,0
115,58,0
115,59,2
115,60,4
115,61,3
115,62,2
115,63,5
115,64,5
115,65,2
115,66,2
115,67,4
115,68,2
115,69,1
115,70,0
115,71,3
115,72,5
115,73,5
115,74,1
115,75,5
115,76,5
115,77,1
115,78,5
115,79,1
115,80,2
115,81,3
115,82,3
115,83,2
115,84,5
115,85,5
115,86,0
115,87,5
115,88,2
115,89,5
115,90,1
115,91,3
115,92,0
115,93,0
115,94,4
115,95,1
115,96,5
115,97,4
115,98,3
115,99,4
115,100,1
115,101,1
115,102,2
115,103,3
115,104,5
115,105,3
115,106,5
115,107,5
115,108,3
115,109,0
115,110,0
115,111,2
115,112,0
115,113,2
115,114,5
115,115,4
115,116,3
115,117,4
115,118,1
115,119,2
115,120,4
115,121,3
115,122,4
115,123,5
115,124,0
115,125,2
115,126,4
115,127,0
115,128,5
115,129,0
115,130,5
115,131,1
115,132,5
115,133,4
115,134,5
115,135,0
115,136,3
115,137,4
115,138,1
115,139,4
115,140,2
115,141,3
115,142,0
115,143,2
115,144,5
115,145,2
115,146,5
115,147,5
115,148,0
115,149,3
115,150,1
115,151,4
115,152,1
115,153,5
115,154,1
115,155,0
115,156,0
115,157,1
115,158,2
115,159,4
115,160,5
115,161,0
115,162,5
115,163,4
115,164,5
115,165,2
115,166,3
115,167,3
115,168,2
115,169,5
115,170,4
115,171,3
115,172,0
115,173,3
115,174,2
115,175,1
115,176,3
115,177,5
115,178,5
115,179,2
115,180,5
115,181,5
115,182,1
115,183,5
115,184,2
115,185,2
115,186,0
115,187,1
115,188,2
115,189,5
115,190,3
115,191,1
115,192,1
115,193,5
115,194,0
115,195,3
115,196,5
115,197,3
115,198,0
115,199,5
115,200,4
115,201,1
115,202,3
115,203,4
115,204,3
115,205,2
115,206,5
116,1,4
116,2,5
116,3,1
116,4,5
116,5,2
116,6,5
116,7,1
116,8,4
116,9,5
116,10,3
116,11,5
116,12,4
116,13,4
116,14,3
116,15,0
116,16,3
116,17,1
116,18,0
116,19,1
116,20,2
116,21,5
116,22,1
116,23,4
116,24,0
116,25,5
116,26,0
116,27,5
116,28,1
116,29,1
116,30,1
116,31,0
116,32,0
116,33,5
116,34,5
116,35,1
116,36,4
116,37,4
116,38,2
116,39,5
116,40,4
116,41,1
116,42,4
116,43,5
116,44,0
116,45,5
116,46,0
116,47,0
116,48,3
116,49,1
116,50,4
116,51,4
116,52,5
116,53,4
116,54,4
116,55,5
116,56,0
116,57,3
116,58,1
116,59,5
116,60,2
116,61,5
116,62,1
116,63,0
116,64,4
116,65,0
116,66,5
116,67,3
116,68,2
116,69,1
116,70,4
116,71,0
116,72,4
116,73,1
116,74,5
116,75,0
116,76,1
116,77,4
116,78,3
116,79,5
116,80,1
116,81,1
116,82,0
116,83,0
116,84,3
116,85,3
116,86,2
116,87,5
116,88,1
116,89,2
116,90,4
116,91,1
116,92,5
116,93,3
116,94,2
116,95,3
116,96,0
116,97,2
116,98,5
116,99,2
116,100,0
116,101,0
116,102,4
116,103,0
116,104,0
116,105,5
116,106,2
116,107,3
116,108,1
116,109,4
116,110,3
116,111,2
116,112,3
116,113,2
116,114,4
116,115,2
116,116,1
116,117,1
116,118,3
116,119,3
116,120,1
116,121,1
116,122,1
116,123,5
116,124,5
116,125,2
116,126,0
116,127,3
116,128,3
116,129,2
116,130,2
116,131,5
116,132,5
116,133,5
116,134,3
116,135,0
116,136,3
116,137,4
116,138,5
116,139,4
116,140,0
116,141,4
116,142,1
116,143,3
116,144,3
116,145,5
116,146,5
116,147,3
116,148,3
116,149,5
116,150,5
116,151,3
116,152,5
116,153,0
116,154,0
116,155,2
116,156,1
116,157,1
116,158,3
116,159,2
116,160,3
116,161,5
116,162,4
116,163,2
116,164,5
116,165,5
116,166,5
116,167,1
116,168,5
116,169,5
116,170,3
116,171,5
116,172,0
116,173,5
116,174,2
116,175,4
116,176,5
116,177,0
116,178,5
116,179,5
116,180,1
116,181,5
116,182,5
116,183,3
116,184,1
116,185,4
116,186,2
116,187,3
116,188,5
116,189,0
116,190,0
116,191,4
116,192,5
116,193,0
116,194,5
116,195,1
116,196,2
116,197,2
116,198,3
116,199,2
116,200,5
116,201,3
116,202,5
116,203,2
116,204,5
116,205,0
116,206,4
116,207,0
117,1,3
117,2,4
117,3,5
117,4,1
117,5,4
117,6,4
117,7,4
117,8,4
117,9,0
117,10,5
117,11,4
117,12,0
117,13,2
117,14,1
117,15,4
117,16,3
117,17,0
117,18,5
117,19,3
117,20,0
117,21,4
117,22,4
117,23,4
117,24,3
117,25,0
117,26,5
117,27,4
117,28,5
117,29,1
117,30,0
117,31,1
117,32,1
117,33,5
117,34,3
117,35,1
117,36,4
117,37,5
117,38,2
117,39,5
117,40,0
117,41,2
117,42,2
117,43,2
117,44,4
117,45,3
117,46,3
117,47,5
117,48,1
117,49,3
117,50,4
117,51,4
117,52,0
117,53,5
117,54,2
117,55,0
117,56,3
117,57,2
117,58,3
117,59,1
117,60,2
117,61,4
117,62,4
117,63,0
117,64,1
117,65,0
117,66,2
117,67,3
117,68,0
117,69,1
117,70,3
117,71,4
117,72,2
117,73,5
117,74,2
117,75,5
117,76,2
117,77,5
117,78,3
117,79,5
117,80,5
117,81,2
117,82,5
117,83,5
117,84,5
117,85,5
117,86,5
117,87,3
117,88,5
117,89,5
117,90,5
117,91,4
117,92,1
117,93,1
117,94,5
117,95,4
117,96,3
117,97,5
117,98,3
117,99,5
117,100,2
117,101,5
117,102,0
117,103,3
117,104,3
117,105,5
117,106,2
117,107,3
117,108,2
117,109,1
117,110,4
117,111,2
117,112,5
117,113,0
117,114,0
117,115,0
117,116,0
117,117,3
117,118,3
117,119,5
117,120,3
117,121,0
117,122,4
117,123,2
117,124,2
117,125,1
117,126,2
117,127,0
117,128,2
117,129,5
117,130,1
117,131,5
117,132,1
117,133,2
117,134,5
117,135,3
117,136,3
117,137,2
117,138,3
117,139,1
117,140,4
117,141,0
117,142,5
117,143,4
117,144,2
117,145,2
117,146,2
117,147,4
117,148,2
117,149,2
117,150,0
117,151,5
117,152,1
117,153,3
117,154,1
117,155,0
117,156,3
117,157,5
117,158,4
117,159,2
117,160,4
117,161,1
117,162,5
117,163,3
117,164,4
117,165,4
117,166,5
117,167,5
117,168,5
117,169,1
117,170,5
117,171,0
117,172,5
117,173,0
117,174,3
117,175,3
117,176,0
117,177,2
118,1,1
118,2,5
118,3,4
118,4,5
118,5,4
118,6,1
118,7,4
118,8,5
118,9,1
118,10,1
118,11,3
118,12,0
118,13,0
118,14,2
118,15,3
118,16,5
118,17,4
118,18,5
118,19,2
118,20,2
118,21,2
118,22,4
118,23,3
118,24,4
118,25,4
118,26,1
118,27,4
118,28,2
118,29,3
118,30,5
118,31,3
118,32,0
118,33,3
118,34,5
118,35,1
118,36,5
118,37,1
118,38,1
118,39,5
118,40,2
118,41,0
118,42,0
118,43,3
118,44,4
118,45,2
118,46,5
118,47,5
118,48,2
118,49,0
118,50,1
118,51,3
118,52,1
118,53,0
118,54,5
118,55,5
118,56,2
118,57,5
118,58,1
118,59,0
118,60,0
118,61,5
118,62,1
118,63,3
118,64,0
118,65,3
118,66,1
118,67,4
118,68,0
118,69,2
118,70,4
118,71,1
118,72,4
118,73,2
118,74,0
118,75,0
118,76,2
118,77,3
118,78,3
118,79,0
118,80,5
118,81,1
118,82,3
118,83,5
118,84,5
118,85,2
118,86,2
118,87,0
118,88,4
118,89,0
118,90,2
118,91,1
118,92,1
118,93,0
118,94,5
118,95,5
118,96,1
118,97,0
118,98,4
118,99,3
118,100,5
118,101,3
118,102,5
118,103,5
118,104,3
118,105,4
118,106,2
118,107,1
118,108,3
118,109,5
118,110,1
118,111,1
118,112,4
118,113,2
118,114,2
118,115,3
118,116,4
118,117,5
118,118,4
118,119,5
118,120,5
118,121,0
118,122,4
118,123,1
118,124,5
118,125,0
118,126,3
118,127,1
118,128,5
118,129,2
118,130,0
118,131,2
118,132,2
118,133,4
118,134,4
118,135,1
118,136,0
118,137,4
118,138,5
118,139,2
118,140,2
118,141,3
118,142,5
118,143,1
118,144,1
118,145,2
118,146,5
118,147,4
118,148,0
118,149,2
118,150,1
118,151,2
118,152,3
118,153,0
118,154,5
118,155,5
118,156,1
118,157,3
118,158,4
118,159,2
118,160,5
118,161,5
118,162,2
118,163,5
118,164,4
118,165,0
118,166,4
118,167,0
118,168,2
118,169,3
118,170,0
118,171,1
118,172,5
118,173,1
118,174,1
118,175,5
118,176,1
118,177,2
118,178,1
118,179,3
118,180,0
118,181,1
118,182,5
118,183,3
118,184,0
118,185,5
118,186,5
118,187,5
118,188,2
118,189,3
118,190,3
118,191,4
118,192,5
118,193,3
118,194,1
118,195,0
118,196,2
118,197,2
118,198,0
118,199,0
118,200,3
118,201,0
118,202,5
118,203,3
118,204,0
118,205,5
118,206,5
118,207,5
118,208,5
118,209,3
118,210,0
118,211,0
118,212,5
118,213,5
118,214,2
118,215,3
118,216,5
118,217,3
118,218,3
118,219,0
118,220,2
118,221,4
118,222,5
118,223,5
118,224,2
118,225,5
118,226,3
118,227,4
118,228,5
118,229,1
118,230,0
118,231,1
118,232,3
118,233,1
118,234,5
118,235,2
118,236,5
118,237,2
118,238,5
118,239,4
118,240,4
118,241,5
118,242,4
118,243,0
118,244,3
118,245,5
118,246,3
118,247,2
118,248,0
118,249,4
118,250,5
118,251,2
118,252,4
118,253,2
118,254,0
118,255,0
118,256,1
118,257,2
118,258,2
118,259,5
118,260,0
118,261,5
118,262,2
118,263,2
118,264,2
118,265,0
118,266,4
118,267,5
118,268,4
118,269,0
118,270,0
118,271,2
118,272,3
118,273,1
118,274,3
118,275,5
118,276,0
118,277,3
118,278,0
118,279,5
118,280,2
118,281,1
118,282,4
118,283,1
118,284,5
118,285,3
118,286,3
118,287,5
118,288,5
118,289,5
118,290,2
118,291,5
118,292,4
118,293,5
118,294,3
118,295,2
118,296,5
118,297,3
118,298,1
118,299,5
118,300,1
118,301,0
118,302,3
118,303,3
118,304,5
118,305,1
118,306,1
118,307,0
118,308,1
118,309,3
118,310,5
118,311,0
118,312,1
118,313,4
118,314,0
118,315,0
118,316,4
118,317,5
118,318,2
118,319,2
118,320,1
118,321,4
118,322,4
118,323,5
118,324,3
118,325,2
118,326,5
118,327,0
118,328,5
118,329,2
118,330,5
118,331,3
118,332,2
118,333,5
118,334,3
118,335,0
118,336,4
118,337,3
118,338,4
118,339,4
118,340,0
118,341,3
118,342,4
118,343,1
118,344,5
119,1,0
119,2,2
119,3,3
119,4,5
119,5,5
119,6,5
119,7,5
119,8,3
119,9,3
119,10,3
119,11,4
119,12,2
119,13,0
119,14,4
119,15,3
119,16,5
119,17,4
119,18,4
119,19,0
119,20,4
119,21,0
119,22,0
119,23,5
119,24,3
119,25,1
119,26,5
119,27,4
119,28,4
119,29,2
119,30,2
119,31,5
119,32,5
119,33,0
119,34,5
119,35,2
119,36,5
119,37,1
119,38,5
119,39,1
119,40,5
119,41,2
119,42,0
119,43,5
119,44,1
119,45,1
119,46,5
119,47,5
119,48,2
119,49,4
119,50,0
119,51,2
119,52,0
119,53,4
119,54,0
119,55,1
119,56,4
119,57,2
119,58,0
119,59,2
119,60,3
119,61,1
119,62,1
119,63,0
119,64,2
119,65,5
119,66,3
119,67,4
119,68,4
119,69,4
119,70,1
119,71,3
119,72,2
119,73,5
119,74,3
119,75,5
119,76,5
119,77,3
119,78,5
119,79,5
119,80,1
119,81,5
119,82,4
119,83,1
119,84,5
119,85,5
119,86,4
119,87,3
119,88,2
119,89,1
119,90,5
119,91,1
119,92,5
119,93,2
119,94,0
119,95,3
119,96,5
119,97,5
119,98,2
119,99,4
119,100,5
119,101,5
119,102,0
119,103,2
119,104,5
119,105,5
119,106,2
119,107,2
119,108,1
119,109,5
119,110,3
119,111,4
119,112,4
119,113,0
119,114,0
119,115,5
119,116,2
119,117,3
119,118,0
119,119,3
119,120,0
119,121,4
119,122,1
119,123,4
119,124,5
119,125,0
119,126,5
119,127,3
119,128,5
119,129,5
119,130,1
119,131,4
119,132,3
119,133,2
119,134,2
119,135,0
119,136,3
119,137,1
119,138,4
119,139,3
119,140,2
119,141,3
119,142,3
119,143,1
119,144,5
119,145,5
119,146,1
119,147,5
119,148,0
119,149,2
119,150,1
119,151,5
119,152,0
119,153,5
119,154,1
119,155,5
119,156,1
119,157,0
119,158,0
119,159,4
119,160,4
119,161,0
119,162,2
119,163,1
119,164,4
119,165,5
119,166,2
119,167,4
119,168,3
119,169,5
119,170,4
119,171,3
119,172,0
119,173,3
119,174,5
120,1,4
120,2,1
120,3,1
120,4,5
120,5,5
120,6,1
120,7,2
120,8,5
120,9,5
120,10,4
120,11,5
120,12,0
120,13,0
120,14,4
120,15,3
120,16,5
120,17,1
120,18,3
120,19,5
120,20,2
120,21,1
120,22,0
120,23,2
120,24,3
120,25,3
120,26,4
120,27,1
120,28,2
120,29,0
120,30,4
120,31,0
120,32,1
120,33,1
120,34,2
120,35,5
120,36,1
120,37,5
120,38,5
120,39,4
120,40,5
120,41,1
120,42,4
120,43,0
120,44,1
120,45,4
120,46,5
120,47,3
120,48,5
120,49,2
120,50,0
120,51,0
120,52,4
120,53,2
120,54,3
120,55,2
120,56,2
120,57,1
120,58,3
120,59,2
120,60,5
120,61,2
120,62,0
120,63,5
120,64,0
120,65,3
120,66,5
120,67,0
120,68,5
120,69,4
120,70,1
120,71,1
120,72,3
120,73,4
120,74,0
120,75,5
120,76,5
120,77,5
120,78,4
120,79,2
120,80,4
120,81,0
120,82,3
120,83,1
120,84,3
120,85,3
120,86,0
120,87,1
120,88,0
120,89,2
120,90,4
120,91,5
120,92,5
120,93,0
120,94,4
120,95,0
120,96,2
120,97,0
120,98,3
120,99,2
120,100,4
120,101,3
120,102,0
120,103,0
120,104,0
120,105,5
120,106,0
120,107,3
120,108,5
120,109,4
120,110,0
120,111,0
120,112,0
120,113,3
120,114,0
120,115,2
120,116,5
120,117,4
120,118,4
120,119,2
120,120,1
120,121,0
120,122,0
120,123,0
120,124,5
120,125,2
120,126,5
120,127,3
120,128,5
120,129,5
121,1,3
121,2,5
121,3,1
121,4,5
121,5,4
121,6,0
121,7,0
121,8,3
121,9,1
121,10,3
121,11,3
121,12,5
121,13,0
121,14,4
121,15,5
121,16,5
121,17,1
121,18,2
121,19,5
121,20,2
121,21,0
121,22,5
121,23,0
121,24,2
121,25,3
121,26,3
121,27,2
121,28,5
121,29,1
121,30,5
121,31,0
121,32,5
121,33,3
121,34,0
121,35,5
121,36,2
121,37,4
121,38,2
121,39,0
121,40,0
121,41,1
121,42,4
121,43,4
121,44,5
121,45,3
121,46,2
121,47,3
121,48,0
121,49,5
121,50,0
121,51,4
121,52,0
121,53,0
121,54,3
121,55,3
121,56,5
121,57,5
121,58,0
121,59,0
121,60,5
121,61,4
121,62,1
121,63,2
121,64,4
121,65,2
121,66,2
121,67,2
121,68,3
121,69,1
121,70,1
121,71,2
121,72,1
121,73,2
121,74,5
121,75,1
121,76,0
121,77,5
121,78,5
121,79,1
121,80,2
121,81,3
121,82,1
121,83,4
121,84,3
121,85,2
121,86,5
121,87,5
121,88,3
121,89,2
121,90,4
121,91,5
121,92,2
121,93,1
121,94,0
121,95,0
121,96,1
121,97,1
121,98,1
121,99,1
121,100,5
121,101,2
121,102,5
121,103,5
121,104,4
121,105,5
121,106,3
121,107,2
121,108,4
121,109,5
121,110,1
121,111,2
121,112,1
121,113,5
121,114,4
121,115,0
121,116,2
121,117,2
121,118,5
121,119,4
121,120,4
121,121,3
121,122,0
121,123,4
121,124,5
121,125,0
121,126,3
121,127,0
121,128,3
121,129,1
121,130,5
121,131,4
121,132,1
121,133,1
121,134,5
121,135,3
121,136,0
121,137,3
121,138,2
121,139,4
121,140,2
121,141,2
121,142,5
121,143,5
121,144,2
121,145,5
121,146,0
121,147,1
121,148,2
121,149,0
121,150,4
121,151,3
121,152,1
121,153,5
121,154,0
121,155,2
121,156,3
121,157,5
121,158,2
121,159,0
121,160,4
121,161,4
121,162,1
121,163,5
121,164,3
121,165,5
121,166,5
121,167,5
121,168,0
121,169,0
121,170,3
121,171,5
121,172,1
121,173,3
121,174,4
121,175,4
121,176,5
121,177,2
121,178,0
121,179,5
121,180,3
121,181,1
121,182,2
121,183,0
121,184,5
121,185,1
121,186,4
121,187,4
121,188,0
121,189,1
121,190,2
121,191,5
121,192,5
121,193,5
121,194,3
121,195,1
121,196,3
121,197,5
121,198,3
121,199,5
121,200,5
121,201,1
121,202,0
121,203,5
121,204,4
121,205,0
121,206,5
121,207,4
121,208,2
121,209,5
121,210,0
122,1,5
122,2,5
122,3,4
122,4,3
122,5,4
122,6,4
122,7,4
122,8,0
122,9,0
122,10,4
122,11,5
122,12,5
122,13,1
122,14,5
122,15,5
122,16,1
122,17,5
122,18,5
122,19,4
122,20,0
122,21,2
122,22,2
122,23,3
122,24,4
122,25,5
122,26,4
122,27,1
122,28,2
122,29,2
122,30,5
122,31,1
122,32,4
122,33,2
122,34,0
122,35,0
122,36,2
122,37,1
122,38,5
122,39,5
122,40,4
122,41,5
122,42,4
122,43,2
122,44,2
122,45,5
122,46,3
122,47,3
122,48,5
122,49,2
122,50,5
122,51,0
122,52,1
122,53,2
122,54,0
122,55,2
122,56,1
122,57,5
122,58,0
122,59,2
122,60,2
122,61,5
122,62,3
122,63,0
122,64,0
122,65,5
122,66,3
122,67,5
122,68,2
122,69,4
122,70,3
122,71,1
122,72,0
122,73,0
122,74,5
122,75,5
122,76,4
122,77,3
122,78,1
122,79,3
122,80,0
122,81,4
122,82,4
122,83,0
122,84,0
122,85,4
122,86,5
122,87,5
122,88,0
122,89,5
122,90,3
122,91,5
122,92,5
122,93,3
122,94,2
122,95,4
122,96,0
122,97,3
122,98,3
122,99,3
122,100,4
122,101,3
122,102,0
122,103,4
122,104,4
122,105,1
122,106,0
122,107,1
122,108,4
122,109,0
122,110,4
122,111,2
122,112,4
122,113,3
122,114,2
122,115,5
122,116,0
122,117,3
122,118,1
122,119,0
122,120,3
122,121,2
122,122,3
122,123,5
122,124,2
122,125,4
122,126,5
122,127,0
122,128,1
122,129,5
122,130,5
122,131,4
122,132,5
122,133,5
122,134,5
122,135,1
122,136,5
122,137,2
122,138,5
122,139,0
122,140,3
122,141,0
122,142,0
122,143,2
122,144,0
122,145,1
122,146,0
122,147,5
122,148,2
122,149,5
122,150,3
122,151,1
122,152,2
122,153,5
122,154,1
122,155,5
122,156,5
122,157,2
122,158,3
122,159,5
122,160,5
122,161,1
122,162,4
122,163,1
122,164,0
122,165,0
122,166,0
122,167,0
122,168,3
122,169,3
122,170,3
122,171,1
122,172,5
122,173,5
122,174,1
122,175,1
122,176,5
122,177,5
122,178,5
122,179,5
122,180,2
122,181,1
122,182,1
122,183,4
122,184,2
122,185,0
123,1,5
123,2,0
123,3,0
123,4,4
123,5,2
123,6,5
123,7,4
123,8,2
123,9,4
123,10,5
123,11,5
123,12,0
123,13,2
123,14,2
123,15,5
123,16,3
123,17,0
123,18,1
123,19,3
123,20,3
123,21,5
123,22,4
123,23,5
123,24,5
123,25,5
123,26,0
123,27,5
123,28,0
123,29,5
123,30,1
123,31,1
123,32,1
123,33,2
123,34,0
123,35,5
123,36,3
123,37,4
123,38,3
123,39,0
123,40,4
123,41,1
123,42,0
123,43,0
123,44,2
123,45,0
123,46,0
123,47,5
123,48,5
123,49,3
123,50,5
123,51,1
123,52,1
123,53,4
123,54,5
123,55,0
123,56,5
123,57,2
123,58,4
123,59,3
123,60,3
123,61,3
123,62,5
123,63,4
123,64,5
123,65,1
123,66,5
123,67,1
123,68,4
123,69,5
123,70,1
123,71,3
123,72,3
123,73,1
123,74,5
123,75,5
123,76,0
123,77,0
123,78,5
123,79,5
123,80,5
123,81,1
123,82,2
123,83,5
123,84,2
123,85,0
123,86,0
123,87,4
123,88,0
123,89,1
123,90,3
123,91,5
123,92,3
123,93,4
123,94,0
123,95,1
123,96,0
123,97,2
123,98,4
123,99,4
123,100,3
123,101,0
123,102,0
123,103,3
123,104,2
123,105,2
123,106,1
123,107,5
123,108,4
123,109,3
123,110,4
123,111,5
123,112,3
123,113,2
123,114,1
123,115,1
123,116,1
123,117,5
123,118,2
123,119,1
123,120,5
123,121,4
123,122,0
123,123,4
123,124,2
123,125,2
123,126,3
123,127,3
123,128,0
123,129,4
123,130,5
123,131,5
123,132,5
123,133,0
123,134,5
123,135,0
123,136,5
123,137,0
123,138,4
123,139,0
123,140,1
123,141,1
123,142,2
123,143,4
123,144,0
123,145,4
123,146,4
123,147,5
123,148,2
123,149,3
123,150,0
123,151,5
123,152,3
123,153,0
123,154,5
123,155,2
123,156,3
123,157,5
123,158,0
123,159,3
123,160,5
123,161,1
123,162,2
123,163,0
123,164,0
123,165,5
123,166,4
123,167,4
123,168,5
123,169,4
123,170,1
123,171,1
123,172,5
123,173,5
123,174,3
123,175,5
123,176,5
123,177,4
123,178,5
123,179,1
123,180,1
123,181,1
123,182,5
123,183,3
123,184,0
123,185,0
123,186,4
123,187,2
123,188,5
123,189,2
123,190,0
123,191,2
123,192,4
123,193,4
123,194,2
123,195,5
123,196,1
123,197,3
123,198,3
123,199,5
123,200,0
123,201,2
123,202,2
123,203,0
123,204,5
123,205,0
123,206,3
123,207,1
123,208,2
123,209,1
123,210,5
123,211,4
123,212,3
123,213,4
123,214,3
123,215,1
123,216,2
123,217,5
123,218,2
123,219,0
123,220,2
123,221,2
123,222,4
123,223,3
123,224,4
123,225,5
123,226,5
124,1,1
124,2,0
124,3,3
124,4,1
124,5,3
124,6,5
124,7,2
124,8,2
124,9,2
124,10,0
124,11,5
124,12,5
124,13,4
124,14,0
124,15,5
124,16,5
124,17,0
124,18,5
124,19,1
124,20,5
124,21,5
124,22,3
124,23,5
124,24,5
124,25,3
124,26,4
124,27,2
124,28,1
124,29,4
124,30,4
124,31,5
124,32,5
124,33,4
124,34,1
124,35,5
124,36,0
124,37,2
124,38,2
124,39,4
124,40,5
124,41,3
124,42,4
124,43,1
124,44,2
124,45,1
124,46,5
124,47,5
124,48,1
124,49,0
124,50,3
124,51,4
124,52,2
124,53,1
124,54,3
124,55,5
124,56,3
124,57,2
124,58,4
124,59,0
124,60,5
124,61,5
124,62,1
124,63,5
124,64,1
124,65,3
124,66,0
124,67,3
124,68,4
124,69,2
124,70,1
124,71,4
124,72,5
124,73,5
124,74,1
124,75,5
124,76,0
124,77,1
124,78,0
124,79,0
124,80,0
124,81,0
124,82,5
124,83,3
124,84,4
124,85,0
124,86,2
124,87,3
124,88,5
124,89,1
124,90,2
124,91,4
124,92,3
124,93,2
124,94,3
124,95,4
124,96,4
124,97,2
124,98,1
124,99,3
124,100,4
124,101,3
124,102,0
124,103,5
124,104,1
124,105,1
124,106,0
124,107,5
124,108,5
124,109,5
124,110,2
124,111,3
124,112,1
124,113,2
124,114,2
124,115,4
124,116,0
124,117,5
124,118,3
124,119,2
124,120,3
124,121,5
124,122,5
124,123,4
124,124,0
124,125,0
124,126,0
124,127,5
124,128,1
124,129,1
124,130,0
124,131,5
124,132,4
124,133,5
124,134,1
124,135,5
124,136,0
124,137,5
124,138,3
124,139,2
124,140,2
124,141,1
124,142,2
124,143,1
124,144,3
124,145,3
124,146,2
124,147,4
124,148,4
124,149,5
124,150,4
124,151,0
124,152,5
124,153,0
124,154,5
124,155,4
124,156,3
124,157,0
124,158,2
124,159,5
124,160,0
124,161,3
124,162,3
124,163,2
124,164,1
124,165,0
124,166,3
124,167,5
124,168,0
124,169,1
124,170,1
124,171,2
124,172,0
124,173,2
124,174,0
124,175,5
124,176,2
124,177,2
124,178,4
124,179,1
124,180,4
124,181,4
124,182,4
124,183,5
124,184,4
124,185,1
124,186,3
124,187,5
124,188,5
124,189,4
124,190,0
124,191,1
124,192,1
124,193,3
124,194,5
124,195,2
124,196,1
124,197,3
124,198,0
124,199,5
124,200,5
124,201,3
124,202,0
124,203,0
124,204,3
124,205,3
124,206,5
124,207,4
124,208,1
124,209,5
124,210,2
124,211,5
124,212,3
124,213,2
124,214,0
124,215,1
124,216,4
124,217,2
124,218,1
124,219,5
124,220,3
124,221,5
124,222,0
124,223,5
124,224,1
124,225,5
124,226,5
124,227,5
124,228,4
124,229,4
124,230,1
124,231,1
124,232,5
124,233,0
124,234,3
124,235,0
124,236,5
124,237,1
124,238,3
124,239,1
124,240,0
124,241,5
124,242,5
124,243,4
124,244,4
124,245,1
124,246,2
124,247,0
124,248,2
124,249,2
124,250,1
124,251,3
124,252,5
124,253,0
124,254,2
124,255,5
124,256,5
124,257,0
124,258,5
124,259,4
124,260,5
124,261,5
124,262,0
124,263,5
124,264,4
124,265,2
124,266,3
124,267,5
125,1,4
125,2,4
125,3,3
125,4,4
125,5,5
125,6,2
125,7,0
125,8,5
125,9,2
125,10,3
125,11,5
125,12,4
125,13,1
125,14,3
125,15,0
125,16,2
125,17,3
125,18,4
125,19,5
125,20,2
125,21,5
125,22,4
125,23,5
125,24,0
125,25,2
125,26,4
125,27,2
125,28,5
125,29,3
125,30,1
125,31,5
125,32,5
125,33,4
125,34,5
125,35,2
125,36,2
125,37,4
125,38,3
125,39,5
125,40,5
125,41,0
125,42,0
125,43,2
125,44,4
125,45,2
125,46,3
125,47,3
125,48,5
125,49,1
125,50,1
125,51,3
125,52,2
125,53,0
125,54,3
125,55,1
125,56,1
125,57,1
125,58,5
125,59,5
125,60,5
125,61,1
125,62,4
125,63,4
125,64,5
125,65,5
125,66,0
125,67,1
125,68,5
125,69,5
125,70,2
125,71,3
125,72,1
125,73,5
125,74,3
125,75,3
125,76,1
125,77,0
125,78,1
125,79,3
125,80,5
125,81,1
125,82,1
125,83,5
125,84,0
125,85,3
125,86,5
125,87,3
125,88,5
125,89,0
125,90,0
125,91,2
125,92,5
125,93,1
125,94,2
125,95,5
125,96,1
125,97,5
125,98,0
125,99,1
125,100,2
125,101,2
125,102,0
125,103,0
125,104,3
125,105,2
125,106,0
125,107,0
125,108,3
125,109,1
125,110,5
125,111,5
125,112,5
125,113,3
125,114,5
125,115,3
125,116,5
125,117,2
125,118,3
125,119,3
125,120,3
125,121,3
125,122,2
125,123,2
125,124,4
125,125,2
125,126,1
125,127,5
125,128,1
125,129,5
125,130,1
125,131,5
125,132,1
125,133,5
125,134,5
125,135,3
125,136,5
125,137,2
125,138,0
125,139,0
125,140,3
125,141,1
125,142,2
125,143,1
125,144,3
125,145,2
125,146,4
125,147,3
125,148,1
125,149,4
125,150,5
125,151,5
125,152,5
125,153,4
125,154,4
125,155,4
125,156,0
125,157,4
125,158,4
125,159,0
125,160,4
125,161,1
125,162,3
125,163,1
125,164,2
125,165,5
125,166,2
125,167,2
125,168,5
126,1,3
126,2,4
126,3,4
126,4,2
126,5,5
126,6,0
126,7,0
126,8,3
126,9,5
126,10,0
126,11,5
126,12,1
126,13,2
126,14,0
126,15,1
126,16,1
126,17,0
126,18,1
126,19,3
126,20,1
126,21,4
126,22,2
126,23,4
126,24,5
126,25,4
126,26,1
126,27,4
126,28,5
126,29,2
126,30,2
126,31,0
126,32,5
126,33,3
126,34,0
126,35,4
126,36,3
126,37,3
126,38,3
126,39,5
126,40,1
126,41,3
126,42,4
126,43,3
126,44,5
126,45,5
126,46,1
126,47,0
126,48,2
126,49,0
126,50,2
126,51,5
126,52,2
126,53,2
126,54,5
126,55,4
126,56,5
126,57,4
126,58,1
126,59,5
126,60,4
126,61,0
126,62,5
126,63,1
126,64,2
126,65,2
126,66,4
126,67,4
126,68,5
126,69,4
126,70,5
126,71,1
126,72,1
126,73,0
126,74,5
126,75,0
126,76,5
126,77,5
126,78,0
126,79,4
126,80,3
126,81,4
126,82,5
126,83,3
126,84,5
126,85,5
126,86,3
126,87,2
126,88,1
126,89,0
126,90,4
126,91,4
126,92,2
126,93,5
126,94,2
126,95,4
126,96,0
126,97,2
126,98,4
126,99,3
126,100,5
126,101,2
126,102,4
126,103,3
126,104,4
126,105,5
126,106,1
126,107,2
126,108,0
126,109,5
126,110,3
126,111,1
126,112,3
126,113,0
126,114,4
126,115,5
126,116,4
126,117,1
126,118,5
126,119,3
126,120,2
126,121,5
126,122,4
126,123,0
126,124,4
126,125,3
126,126,1
126,127,1
126,128,4
126,129,2
126,130,2
126,131,2
126,132,4
126,133,4
126,134,0
126,135,5
126,136,5
126,137,0
126,138,3
126,139,0
126,140,3
126,141,5
126,142,4
126,143,3
126,144,3
126,145,2
126,146,1
126,147,4
126,148,0
126,149,4
126,150,0
126,151,5
126,152,2
126,153,5
126,154,5
126,155,1
126,156,5
126,157,5
126,158,1
126,159,1
126,160,2
126,161,4
126,162,0
126,163,5
126,164,1
126,165,0
126,166,1
126,167,4
126,168,2
126,169,0
126,170,4
126,171,3
126,172,0
126,173,0
126,174,2
126,175,5
126,176,1
126,177,2
126,178,2
126,179,0
126,180,2
126,181,2
126,182,1
126,183,2
126,184,1
126,185,5
126,186,1
126,187,1
126,188,2
126,189,4
126,190,3
126,191,5
126,192,5
126,193,1
126,194,0
126,195,2
126,196,2
126,197,5
126,198,2
126,199,5
127,1,3
127,2,0
127,3,2
127,4,0
127,5,1
127,6,4
127,7,0
127,8,3
127,9,1
127,10,2
127,11,5
127,12,1
127,13,2
127,14,5
127,15,0
127,16,4
127,17,2
127,18,5
127,19,4
127,20,5
127,21,0
127,22,1
127,23,1
127,24,4
127,25,4
127,26,1
127,27,5
127,28,2
127,29,4
127,30,1
127,31,5
127,32,4
127,33,5
127,34,5
127,35,1
127,36,5
127,37,5
127,38,4
127,39,2
127,40,1
127,41,3
127,42,4
127,43,1
127,44,4
127,45,4
127,46,5
127,47,4
127,48,0
127,49,5
127,50,5
127,51,5
127,52,2
127,53,1
127,54,5
127,55,5
127,56,4
127,57,0
127,58,5
127,59,4
127,60,5
127,61,5
127,62,5
127,63,3
127,64,0
127,65,0
127,66,5
127,67,3
127,68,1
127,69,1
127,70,2
127,71,5
127,72,4
127,73,1
127,74,1
127,75,5
127,76,5
127,77,2
127,78,1
127,79,0
127,80,2
127,81,1
127,82,2
127,83,5
127,84,0
127,85,2
127,86,2
127,87,4
127,88,3
127,89,3
127,90,3
127,91,5
127,92,3
127,93,0
127,94,5
127,95,2
127,96,5
127,97,0
127,98,1
127,99,1
127,100,5
127,101,5
127,102,0
127,103,2
127,104,3
127,105,3
127,106,4
127,107,5
127,108,4
127,109,0
127,110,5
127,111,3
127,112,5
127,113,5
127,114,2
127,115,3
127,116,1
127,117,5
127,118,5
127,119,4
127,120,3
127,121,5
127,122,5
127,123,5
127,124,1
127,125,2
127,126,4
127,127,5
127,128,3
127,129,1
127,130,0
127,131,5
127,132,0
127,133,4
127,134,0
127,135,5
127,136,2
127,137,1
127,138,3
127,139,2
127,140,3
127,141,4
127,142,4
127,143,1
127,144,2
127,145,2
127,146,3
127,147,3
127,148,3
127,149,4
127,150,4
127,151,1
127,152,4
127,153,2
127,154,2
127,155,5
127,156,5
127,157,3
127,158,3
127,159,5
127,160,0
127,161,5
127,162,0
127,163,4
127,164,3
127,165,1
127,166,5
127,167,0
127,168,5
127,169,0
127,170,5
127,171,5
127,172,1
127,173,1
127,174,2
127,175,3
127,176,4
127,177,5
127,178,1
127,179,1
127,180,3
127,181,4
127,182,0
127,183,5
127,184,5
127,185,0
127,186,5
127,187,0
127,188,1
127,189,1
127,190,5
127,191,3
127,192,3
127,193,5
127,194,5
127,195,3
127,196,2
127,197,5
127,198,4
127,199,2
127,200,5
127,201,3
127,202,1
127,203,2
127,204,1
127,205,4
127,206,3
127,207,1
127,208,5
127,209,3
127,210,5
127,211,0
127,212,0
127,213,4
127,214,2
127,215,0
127,216,0
127,217,3
127,218,2
127,219,5
127,220,0
127,221,4
127,222,5
127,223,5
127,224,5
127,225,4
127,226,2
127,227,3
127,228,3
127,229,0
127,230,5
127,231,3
127,232,2
127,233,5
127,234,2
127,235,3
127,236,2
127,237,0
127,238,5
127,239,4
127,240,1
127,241,1
127,242,0
127,243,1
127,244,4
127,245,1
127,246,5
127,247,0
127,248,0
127,249,1
127,250,1
127,251,1
127,252,3
127,253,0
127,254,2
127,255,5
127,256,1
128,1,3
128,2,0
128,3,3
128,4,2
128,5,2
128,6,5
128,7,2
128,8,0
128,9,3
128,10,4
128,11,5
128,12,5
128,13,3
128,14,4
128,15,0
128,16,1
128,17,1
128,18,4
128,19,5
128,20,3
128,21,5
128,22,2
128,23,5
128,24,0
128,25,0
128,26,1
128,27,5
128,28,4
128,29,1
128,30,1
128,31,2
128,32,2
128,33,1
128,34,5
128,35,5
128,36,5
128,37,1
128,38,5
128,39,5
128,40,0
128,41,3
128,42,1
128,43,5
128,44,4
128,45,2
128,46,2
128,47,5
128,48,3
128,49,0
128,50,3
128,51,0
128,52,5
128,53,4
128,54,3
128,55,1
128,56,4
128,57,5
128,58,5
128,59,5
128,60,4
128,61,1
128,62,1
128,63,2
128,64,1
128,65,5
128,66,2
128,67,5
128,68,3
128,69,2
128,70,3
128,71,2
128,72,0
128,73,5
128,74,2
128,75,3
128,76,3
128,77,5
128,78,4
128,79,5
128,80,1
128,81,0
128,82,2
128,83,2
128,84,4
128,85,5
128,86,5
128,87,4
128,88,4
128,89,5
128,90,1
128,91,0
128,92,0
128,93,5
128,94,2
128,95,2
128,96,4
128,97,4
128,98,1
128,99,4
128,100,4
128,101,4
128,102,1
128,103,5
128,104,2
128,105,0
128,106,2
128,107,5
128,108,0
128,109,3
128,110,4
128,111,4
128,112,2
128,113,1
128,114,5
128,115,5
128,116,5
128,117,0
128,118,3
128,119,3
128,120,2
128,121,0
128,122,3
128,123,5
128,124,0
128,125,4
128,126,2
128,127,3
128,128,3
128,129,0
128,130,0
128,131,5
128,132,2
128,133,3
128,134,3
128,135,4
128,136,1
128,137,5
128,138,5
128,139,1
128,140,4
128,141,5
128,142,1
128,143,5
128,144,3
128,145,3
128,146,1
128,147,5
128,148,5
128,149,2
128,150,3
128,151,4
128,152,0
128,153,2
128,154,3
128,155,3
128,156,5
128,157,5
128,158,2
128,159,5
128,160,4
128,161,0
128,162,4
128,163,1
128,164,3
128,165,4
128,166,3
128,167,1
128,168,4
128,169,5
128,170,2
128,171,1
128,172,0
128,173,3
128,174,0
128,175,5
128,176,3
128,177,1
128,178,2
128,179,5
128,180,5
128,181,5
128,182,1
128,183,2
128,184,5
128,185,5
128,186,4
128,187,5
128,188,5
128,189,2
128,190,3
128,191,2
128,192,1
128,193,5
128,194,5
128,195,1
128,196,2
128,197,4
128,198,1
128,199,0
128,200,5
128,201,2
128,202,3
128,203,4
128,204,2
128,205,2
128,206,1
128,207,0
128,208,0
128,209,0
128,210,5
128,211,1
128,212,1
128,213,1
128,214,0
128,215,5
128,216,0
128,217,5
128,218,0
128,219,5
128,220,1
128,221,3
128,222,4
128,223,4
128,224,3
128,225,4
128,226,1
128,227,2
128,228,5
128,229,0
128,230,2
128,231,3
128,232,4
128,233,5
128,234,1
128,235,5
128,236,1
128,237,4
128,238,5
128,239,4
128,240,5
128,241,0
128,242,0
128,243,5
128,244,0
128,245,5
128,246,4
128,247,0
128,248,1
128,249,3
128,250,0
128,251,2
128,252,4
128,253,2
128,254,4
128,255,0
128,256,0
128,257,2
128,258,5
128,259,1
128,260,3
128,261,2
128,262,1
128,263,3
128,264,3
128,265,4
128,266,4
128,267,5
128,268,2
128,269,0
128,270,2
128,271,0
128,272,0
128,273,5
128,274,0
128,275,4
128,276,4
128,277,5
128,278,4
128,279,5
128,280,3
128,281,1
128,282,2
128,283,5
128,284,3
128,285,4
128,286,5
128,287,4
128,288,5
128,289,3
128,290,2
128,291,5
128,292,2
128,293,0
128,294,2
128,295,4
128,296,5
128,297,5
128,298,0
128,299,2
128,300,2
128,301,4
128,302,3
128,303,1
129,1,5
129,2,2
129,3,0
129,4,5
129,5,4
129,6,5
129,7,5
129,8,3
129,9,5
129,10,4
129,11,3
129,12,5
129,13,3
129,14,2
129,15,0
129,16,1
129,17,2
129,18,3
129,19,4
129,20,5
129,21,3
129,22,1
129,23,5
129,24,3
129,25,5
129,26,2
129,27,1
129,28,5
129,29,0
129,30,5
129,31,2
129,32,2
129,33,0
129,34,5
129,35,5
129,36,4
129,37,0
129,38,3
129,39,5
129,40,1
129,41,3
129,42,4
129,43,5
129,44,3
129,45,5
129,46,4
129,47,1
129,48,1
129,49,1
129,50,5
129,51,2
129,52,0
129,53,3
129,54,3
129,55,2
129,56,1
129,57,5
129,58,5
129,59,2
129,60,3
129,61,2
129,62,0
129,63,3
129,64,1
129,65,4
129,66,0
129,67,3
129,68,5
129,69,0
129,70,1
129,71,2
129,72,5
129,73,5
129,74,4
129,75,4
129,76,0
129,77,5
129,78,3
129,79,4
129,80,1
129,81,0
129,82,4
129,83,2
129,84,0
129,85,5
129,86,5
129,87,2
129,88,2
129,89,1
129,90,0
129,91,4
129,92,2
129,93,2
129,94,3
129,95,0
129,96,4
129,97,5
129,98,5
129,99,0
129,100,4
129,101,5
129,102,5
129,103,4
129,104,2
129,105,5
129,106,5
129,107,5
129,108,3
129,109,3
129,110,2
129,111,1
129,112,4
129,113,2
129,114,5
129,115,2
129,116,3
129,117,3
129,118,1
129,119,1
129,120,1
129,121,4
129,122,2
129,123,3
129,124,5
129,125,4
129,126,5
129,127,4
129,128,5
129,129,3
129,130,0
129,131,5
129,132,5
129,133,2
129,134,1
129,135,2
129,136,0
129,137,3
129,138,3
129,139,4
129,140,1
129,141,4
129,142,5
129,143,3
129,144,4
129,145,0
129,146,5
129,147,0
129,148,4
129,149,0
129,150,1
129,151,3
129,152,0
129,153,5
129,154,5
129,155,5
129,156,4
129,157,1
129,158,1
129,159,3
129,160,0
129,161,5
129,162,5
129,163,4
129,164,5
129,165,3
129,166,4
129,167,0
129,168,2
129,169,5
129,170,5
129,171,1
129,172,5
129,173,5
129,174,2
129,175,5
129,176,5
129,177,1
129,178,3
129,179,5
129,180,2
129,181,4
129,182,4
129,183,2
129,184,5
129,185,0
129,186,3
129,187,0
129,188,5
129,189,3
129,190,0
129,191,4
129,192,3
129,193,2
129,194,0
129,195,2
129,196,2
129,197,3
129,198,5
129,199,2
129,200,4
129,201,0
129,202,5
130,1,1
130,2,5
130,3,2
130,4,4
130,5,5
130,6,1
130,7,5
130,8,5
130,9,2
130,10,0
130,11,4
130,12,2
130,13,2
130,14,5
130,15,2
130,16,5
130,17,1
130,18,2
130,19,1
130,20,4
130,21,4
130,22,3
130,23,5
130,24,2
130,25,4
130,26,5
130,27,4
130,28,2
130,29,1
130,30,3
130,31,2
130,32,4
130,33,4
130,34,0
130,35,0
130,36,5
130,37,2
130,38,0
130,39,4
130,40,0
130,41,5
130,42,2
130,43,5
130,44,1
130,45,4
130,46,2
130,47,4
130,48,4
130,49,3
130,50,0
130,51,3
130,52,2
130,53,5
130,54,1
130,55,0
130,56,5
130,57,2
130,58,5
130,59,3
130,60,5
130,61,3
130,62,4
130,63,0
130,64,5
130,65,2
130,66,3
130,67,1
130,68,2
130,69,2
130,70,1
130,71,2
130,72,1
130,73,5
130,74,0
130,75,3
130,76,0
130,77,3
130,78,4
130,79,3
130,80,2
130,81,0
130,82,1
130,83,5
130,84,0
130,85,1
130,86,3
130,87,3
130,88,0
130,89,5
130,90,1
130,91,3
130,92,0
130,93,4
130,94,5
130,95,1
130,96,3
130,97,4
130,98,0
130,99,1
130,100,5
130,101,2
130,102,3
130,103,1
130,104,5
130,105,0
130,106,4
130,107,2
130,108,1
130,109,4
130,110,5
130,111,4
130,112,2
130,113,1
130,114,4
130,115,4
130,116,3
130,117,3
130,118,2
130,119,3
130,120,4
130,121,5
130,122,0
130,123,3
130,124,4
130,125,1
130,126,1
130,127,2
130,128,4
130,129,3
130,130,1
130,131,5
130,132,5
130,133,1
130,134,3
130,135,5
130,136,5
130,137,5
130,138,5
130,139,5
130,140,3
130,141,5
130,142,3
130,143,4
130,144,5
130,145,2
130,146,1
130,147,5
130,148,0
130,149,5
130,150,3
130,151,3
130,152,2
130,153,2
130,154,2
130,155,5
130,156,1
130,157,4
130,158,2
130,159,1
130,160,5
130,161,4
130,162,0
130,163,0
130,164,0
130,165,3
130,166,5
130,167,5
130,168,1
130,169,4
130,170,3
130,171,3
130,172,1
130,173,1
130,174,2
130,175,3
130,176,3
130,177,4
130,178,4
130,179,5
130,180,3
130,181,2
130,182,3
131,1,5
131,2,5
131,3,0
131,4,0
131,5,2
131,6,2
131,7,0
131,8,1
131,9,5
131,10,3
131,11,5
131,12,2
131,13,2
131,14,0
131,15,2
131,16,0
131,17,1
131,18,0
131,19,1
131,20,5
131,21,5
131,22,5
131,23,1
131,24,2
131,25,4
131,26,4
131,27,5
131,28,3
131,29,0
131,30,3
131,31,1
131,32,0
131,33,2
131,34,5
131,35,0
131,36,5
131,37,5
131,38,2
131,39,1
131,40,3
131,41,5
131,42,4
131,43,1
131,44,5
131,45,5
131,46,3
131,47,2
131,48,4
131,49,0
131,50,5
131,51,1
131,52,5
131,53,0
131,54,2
131,55,2
131,56,1
131,57,5
131,58,4
131,59,2
131,60,5
131,61,3
131,62,3
131,63,3
131,64,2
131,65,1
131,66,5
131,67,5
131,68,0
131,69,0
131,70,4
131,71,5
131,72,1
131,73,4
131,74,1
131,75,4
131,76,0
131,77,0
131,78,5
131,79,5
131,80,2
131,81,5
131,82,1
131,83,3
131,84,0
131,85,2
131,86,5
131,87,3
131,88,2
131,89,1
131,90,5
131,91,4
131,92,2
131,93,5
131,94,2
131,95,1
131,96,0
131,97,3
131,98,1
131,99,5
131,100,5
131,101,3
131,102,2
131,103,0
131,104,3
131,105,2
131,106,1
131,107,0
131,108,5
131,109,5
131,110,5
131,111,4
131,112,3
131,113,0
131,114,2
131,115,1
131,116,2
131,117,2
131,118,3
131,119,1
131,120,4
131,121,3
131,122,3
131,123,5
131,124,5
131,125,5
131,126,0
131,127,3
131,128,2
131,129,5
131,130,2
131,131,5
131,132,5
131,133,5
131,134,3
131,135,2
131,136,5
131,137,3
131,138,0
131,139,4
131,140,2
131,141,3
131,142,1
131,143,3
131,144,5
131,145,0
131,146,3
131,147,3
131,148,0
131,149,4
131,150,4
131,151,1
131,152,4
131,153,5
131,154,5
131,155,1
131,156,5
131,157,3
131,158,2
131,159,0
131,160,3
131,161,0
131,162,2
131,163,0
131,164,0
131,165,0
131,166,0
131,167,2
131,168,4
131,169,4
131,170,0
131,171,4
131,172,2
131,173,4
131,174,2
131,175,5
131,176,5
131,177,1
131,178,5
131,179,5
131,180,2
131,181,3
131,182,2
131,183,4
131,184,1
131,185,5
131,186,1
131,187,4
131,188,3
131,189,4
131,190,0
131,191,4
131,192,3
131,193,5
131,194,0
131,195,4
131,196,0
131,197,1
131,198,5
131,199,0
131,200,2
131,201,5
131,202,3
131,203,2
131,204,2
131,205,3
131,206,0
131,207,5
131,208,4
131,209,1
131,210,4
131,211,5
131,212,5
131,213,3
131,214,2
131,215,5
131,216,3
131,217,0
131,218,4
131,219,1
131,220,1
131,221,2
131,222,3
131,223,5
131,224,0
131,225,0
131,226,2
131,227,2
131,228,3
131,229,4
131,230,3
131,231,5
131,232,5
131,233,1
131,234,2
131,235,0
131,236,0
131,237,4
131,238,1
131,239,0
131,240,3
131,241,1
131,242,4
131,243,0
131,244,0
131,245,4
131,246,5
131,247,1
131,248,5
131,249,2
131,250,5
131,251,3
131,252,1
131,253,5
131,254,4
131,255,5
131,256,3
131,257,4
131,258,1
131,259,4
131,260,3
131,261,2
131,262,1
131,263,5
131,264,4
131,265,4
131,266,2
131,267,0
131,268,4
131,269,5
131,270,4
131,271,1
131,272,5
131,273,3
131,274,1
131,275,2
131,276,2
131,277,4
131,278,2
131,279,4
131,280,2
132,1,5
132,2,4
132,3,1
132,4,0
132,5,4
132,6,5
132,7,3
132,8,1
132,9,1
132,10,0
132,11,4
132,12,2
132,13,3
132,14,0
132,15,3
132,16,3
132,17,1
132,18,5
132,19,5
132,20,2
132,21,2
132,22,0
132,23,5
132,24,3
132,25,2
132,26,1
132,27,5
132,28,3
132,29,0
132,30,2
132,31,3
132,32,0
132,33,5
132,34,5
132,35,1
132,36,3
132,37,1
132,38,2
132,39,4
132,40,0
132,41,2
132,42,4
132,43,2
132,44,2
132,45,4
132,46,0
132,47,5
132,48,2
132,49,5
132,50,0
132,51,3
132,52,1
132,53,3
132,54,5
132,55,5
132,56,2
132,57,5
132,58,0
132,59,5
132,60,0
132,61,1
132,62,4
132,63,0
132,64,3
132,65,3
132,66,5
132,67,3
132,68,3
132,69,2
132,70,2
132,71,4
132,72,4
132,73,5
132,74,3
132,75,4
132,76,5
132,77,1
132,78,4
132,79,3
132,80,4
132,81,5
132,82,3
132,83,0
132,84,0
132,85,1
132,86,5
132,87,1
132,88,0
132,89,1
132,90,0
132,91,2
132,92,3
132,93,5
132,94,4
132,95,1
132,96,3
132,97,4
132,98,2
132,99,3
132,100,0
132,101,1
132,102,3
132,103,1
132,104,3
132,105,4
132,106,1
132,107,5
132,108,3
132,109,5
132,110,1
132,111,0
132,112,5
132,113,2
132,114,3
132,115,0
132,116,0
132,117,4
132,118,5
132,119,2
132,120,1
132,121,5
132,122,3
132,123,5
132,124,0
132,125,5
132,126,1
132,127,2
132,128,2
132,129,1
132,130,2
132,131,2
132,132,5
132,133,3
132,134,5
132,135,0
132,136,5
132,137,2
132,138,3
132,139,4
132,140,1
132,141,5
132,142,1
132,143,5
132,144,0
132,145,1
132,146,5
132,147,0
132,148,1
132,149,3
132,150,0
132,151,2
132,152,5
132,153,0
132,154,4
132,155,5
132,156,2
132,157,2
132,158,4
132,159,5
132,160,5
132,161,3
132,162,2
132,163,4
132,164,5
132,165,1
132,166,5
132,167,0
132,168,0
132,169,5
132,170,3
132,171,0
132,172,2
132,173,3
132,174,3
132,175,3
132,176,5
132,177,5
132,178,4
132,179,1
132,180,5
132,181,2
132,182,5
132,183,0
133,1,4
133,2,4
133,3,0
133,4,4
133,5,3
133,6,0
133,7,3
133,8,2
133,9,5
133,10,0
133,11,2
133,12,5
133,13,0
133,14,5
133,15,5
133,16,5
133,17,3
133,18,0
133,19,0
133,20,1
133,21,0
133,22,3
133,23,2
133,24,0
133,25,5
133,26,0
133,27,4
133,28,1
133,29,0
133,30,0
133,31,1
133,32,2
133,33,0
133,34,5
133,35,0
133,36,4
133,37,3
133,38,4
133,39,0
133,40,0
133,41,2
133,42,1
133,43,5
133,44,3
133,45,4
133,46,1
133,47,5
133,48,1
133,49,0
133,50,3
133,51,2
133,52,2
133,53,4
133,54,3
133,55,4
133,56,1
133,57,5
133,58,1
133,59,5
133,60,3
133,61,1
133,62,5
133,63,1
133,64,1
133,65,5
133,66,2
133,67,5
133,68,2
133,69,1
133,70,1
133,71,2
133,72,3
133,73,1
133,74,0
133,75,1
133,76,2
133,77,5
133,78,5
133,79,4
133,80,5
133,81,4
133,82,2
133,83,0
133,84,3
133,85,5
133,86,4
133,87,3
133,88,0
133,89,0
133,90,2
133,91,4
133,92,2
133,93,1
133,94,4
133,95,2
133,96,2
133,97,1
133,98,2
133,99,4
133,100,1
133,101,4
133,102,5
133,103,1
133,104,0
133,105,5
133,106,0
133,107,0
133,108,5
133,109,2
133,110,5
133,111,2
133,112,1
133,113,4
133,114,5
133,115,4
133,116,2
133,117,3
133,118,1
133,119,0
133,120,3
133,121,1
133,122,0
133,123,5
133,124,5
133,125,2
133,126,1
133,127,0
133,128,5
133,129,2
133,130,3
133,131,5
133,132,2
133,133,2
133,134,1
133,135,0
133,136,0
133,137,0
133,138,5
133,139,0
133,140,3
133,141,5
133,142,4
133,143,5
133,144,1
133,145,3
133,146,5
133,147,5
133,148,3
133,149,1
133,150,4
133,151,4
133,152,5
133,153,2
133,154,3
133,155,2
133,156,2
133,157,2
133,158,5
133,159,5
134,1,0
134,2,1
134,3,3
134,4,5
134,5,3
134,6,5
134,7,0
134,8,1
134,9,2
134,10,5
134,11,0
134,12,1
134,13,4
134,14,0
134,15,3
134,16,2
134,17,2
134,18,2
134,19,5
134,20,2
134,21,3
134,22,5
134,23,3
134,24,1
134,25,5
134,26,0
134,27,1
134,28,3
134,29,4
134,30,4
134,31,5
134,32,3
134,33,5
134,34,3
134,35,2
134,36,1
134,37,2
134,38,5
134,39,2
134,40,1
134,41,2
134,42,4
134,43,3
134,44,2
134,45,1
134,46,5
134,47,1
134,48,2
134,49,0
134,50,3
134,51,2
134,52,0
134,53,2
134,54,4
134,55,5
134,56,2
134,57,4
134,58,4
134,59,1
134,60,5
134,61,1
134,62,0
134,63,5
134,64,5
134,65,5
134,66,4
134,67,5
134,68,4
134,69,5
134,70,1
134,71,1
134,72,2
134,73,4
134,74,1
134,75,0
134,76,3
134,77,5
134,78,2
134,79,2
134,80,1
134,81,3
134,82,1
134,83,1
134,84,4
134,85,4
134,86,4
134,87,4
134,88,2
134,89,5
134,90,5
134,91,3
134,92,3
134,93,0
134,94,5
134,95,4
134,96,5
134,97,4
134,98,0
134,99,4
134,100,5
134,101,1
134,102,5
134,103,0
134,104,3
134,105,3
134,106,5
134,107,5
134,108,5
134,109,5
134,110,0
134,111,1
134,112,3
134,113,2
134,114,3
134,115,0
134,116,0
134,117,0
134,118,3
134,119,0
134,120,2
134,121,2
134,122,1
134,123,4
134,124,1
134,125,0
134,126,5
134,127,2
134,128,3
134,129,4
134,130,0
134,131,0
134,132,0
134,133,5
134,134,5
134,135,0
134,136,0
134,137,0
134,138,5
134,139,3
134,140,2
134,141,5
134,142,4
134,143,5
134,144,5
134,145,1
134,146,0
134,147,1
134,148,5
134,149,5
134,150,2
134,151,1
134,152,2
134,153,2
134,154,5
134,155,5
134,156,5
134,157,3
134,158,5
134,159,1
134,160,5
134,161,0
134,162,4
134,163,1
134,164,3
134,165,2
134,166,5
134,167,1
134,168,4
134,169,3
134,170,5
134,171,5
134,172,2
134,173,2
134,174,1
134,175,3
134,176,1
134,177,2
134,178,5
134,179,0
134,180,1
134,181,4
134,182,3
134,183,2
134,184,1
134,185,5
134,186,4
134,187,5
134,188,0
134,189,2
134,190,5
134,191,2
134,192,2
134,193,1
134,194,5
134,195,1
134,196,5
134,197,5
134,198,2
134,199,4
134,200,1
134,201,1
134,202,5
134,203,5
134,204,4
134,205,4
134,206,2
134,207,0
134,208,1
134,209,4
134,210,4
134,211,2
134,212,3
134,213,5
134,214,0
134,215,5
134,216,1
134,217,4
134,218,2
134,219,0
134,220,3
134,221,2
134,222,1
134,223,5
134,224,4
134,225,2
134,226,1
134,227,1
134,228,5
134,229,3
134,230,4
134,231,5
134,232,4
134,233,4
134,234,5
134,235,0
134,236,2
134,237,5
134,238,4
134,239,2
134,240,2
134,241,0
134,242,4
134,243,5
134,244,5
134,245,2
134,246,5
134,247,2
135,1,1
135,2,3
135,3,3
135,4,0
135,5,1
135,6,4
135,7,4
135,8,5
135,9,3
135,10,2
135,11,4
135,12,1
135,13,4
135,14,3
135,15,5
135,16,5
135,17,2
135,18,3
135,19,0
135,20,1
135,21,5
135,22,5
135,23,5
135,24,0
135,25,5
135,26,2
135,27,0
135,28,3
135,29,0
135,30,2
135,31,0
135,32,0
135,33,1
135,34,1
135,35,5
135,36,2
135,37,2
135,38,4
135,39,3
135,40,3
135,41,5
135,42,5
135,43,2
135,44,1
135,45,2
135,46,5
135,47,3
135,48,5
135,49,0
135,50,1
135,51,5
135,52,5
135,53,0
135,54,5
135,55,2
135,56,5
135,57,5
135,58,1
135,59,4
135,60,0
135,61,5
135,62,3
135,63,5
135,64,5
135,65,2
135,66,0
135,67,2
135,68,4
135,69,0
135,70,0
135,71,5
135,72,4
135,73,5
135,74,1
135,75,1
135,76,1
135,77,3
135,78,2
135,79,1
135,80,0
135,81,5
135,82,0
135,83,0
135,84,1
135,85,3
135,86,5
135,87,0
135,88,5
135,89,1
135,90,1
135,91,0
135,92,4
135,93,4
135,94,5
135,95,1
135,96,2
135,97,3
135,98,3
135,99,5
135,100,5
135,101,4
135,102,5
135,103,5
135,104,0
135,105,2
135,106,2
135,107,2
135,108,5
135,109,5
135,110,3
135,111,0
135,112,5
135,113,1
135,114,2
135,115,5
135,116,4
135,117,3
135,118,2
135,119,5
135,120,4
135,121,4
135,122,3
135,123,0
135,124,4
135,125,3
135,126,5
135,127,2
135,128,3
135,129,0
135,130,2
135,131,4
135,132,4
135,133,3
135,134,0
135,135,4
135,136,3
135,137,2
135,138,2
135,139,0
135,140,5
135,141,2
135,142,2
135,143,1
135,144,5
135,145,5
135,146,1
135,147,1
135,148,4
135,149,4
135,150,0
135,151,3
135,152,5
135,153,0
135,154,4
135,155,4
135,156,5
135,157,5
135,158,2
135,159,5
135,160,3
135,161,0
135,162,1
135,163,3
135,164,5
135,165,3
135,166,5
135,167,1
135,168,3
135,169,5
135,170,2
135,171,4
135,172,0
135,173,4
135,174,2
135,175,0
135,176,2
135,177,5
135,178,4
135,179,1
135,180,4
135,181,5
135,182,1
135,183,3
135,184,0
135,185,1
135,186,5
135,187,5
135,188,4
135,189,4
135,190,5
135,191,3
135,192,3
135,193,5
135,194,0
135,195,5
135,196,1
135,197,5
135,198,2
135,199,0
135,200,5
135,201,1
135,202,4
135,203,4
135,204,5
135,205,4
135,206,4
135,207,5
135,208,2
135,209,5
135,210,5
135,211,5
135,212,2
135,213,2
135,214,5
135,215,1
135,216,4
135,217,0
135,218,5
135,219,4
135,220,0
135,221,1
135,222,5
135,223,3
135,224,3
135,225,0
135,226,4
135,227,3
135,228,4
135,229,5
135,230,3
135,231,4
135,232,2
135,233,5
135,234,0
135,235,1
135,236,4
135,237,5
135,238,4
135,239,4
135,240,5
135,241,1
135,242,1
135,243,0
135,244,0
135,245,1
135,246,3
135,247,4
135,248,3
135,249,3
135,250,1
135,251,1
135,252,1
135,253,1
135,254,2
135,255,5
135,256,3
135,257,1
135,258,5
135,259,0
135,260,3
135,261,4
135,262,4
135,263,4
135,264,3
135,265,1
135,266,5
135,267,2
135,268,0
135,269,5
135,270,3
135,271,2
135,272,4
135,273,4
135,274,5
135,275,5
135,276,1
135,277,3
135,278,0
135,279,5
135,280,3
135,281,5
135,282,4
135,283,4
135,284,4
135,285,2
135,286,3
135,287,5
135,288,3
135,289,1
135,290,0
135,291,5
135,292,0
135,293,5
135,294,5
136,1,4
136,2,0
136,3,3
136,4,5
136,5,2
136,6,5
136,7,1
136,8,0
136,9,3
136,10,2
136,11,4
136,12,2
136,13,2
136,14,2
136,15,1
136,16,1
136,17,2
136,18,3
136,19,1
136,20,1
136,21,5
136,22,5
136,23,0
136,24,4
136,25,0
136,26,1
136,27,0
136,28,1
136,29,2
136,30,4
136,31,5
136,32,4
136,33,4
136,34,5
136,35,1
136,36,1
136,37,1
136,38,1
136,39,2
136,40,4
136,41,2
136,42,5
136,43,1
136,44,2
136,45,5
136,46,2
136,47,0
136,48,5
136,49,4
136,50,1
136,51,0
136,52,1
136,53,2
136,54,4
136,55,5
136,56,4
136,57,2
136,58,3
136,59,2
136,60,5
136,61,2
136,62,1
136,63,1
136,64,0
136,65,3
136,66,0
136,67,1
136,68,0
136,69,0
136,70,2
136,71,5
136,72,1
136,73,0
136,74,3
136,75,5
136,76,5
136,77,5
136,78,0
136,79,0
136,80,4
136,81,0
136,82,0
136,83,4
136,84,2
136,85,0
136,86,5
136,87,0
136,88,5
136,89,2
136,90,4
136,91,4
136,92,2
136,93,2
136,94,4
136,95,5
136,96,4
136,97,1
136,98,4
136,99,2
136,100,2
136,101,3
136,102,3
136,103,5
136,104,3
136,105,1
136,106,5
136,107,5
136,108,1
136,109,1
136,110,5
136,111,3
136,112,0
136,113,5
136,114,5
136,115,1
136,116,1
136,117,5
136,118,5
136,119,4
136,120,2
136,121,4
136,122,4
136,123,1
136,124,4
136,125,5
136,126,5
136,127,2
136,128,3
136,129,3
136,130,5
136,131,2
136,132,5
136,133,5
136,134,0
136,135,0
136,136,4
136,137,4
136,138,1
136,139,4
136,140,2
136,141,0
136,142,4
136,143,5
136,144,1
136,145,3
136,146,5
136,147,1
136,148,5
136,149,4
136,150,5
136,151,5
136,152,4
136,153,3
136,154,2
136,155,4
136,156,0
136,157,5
136,158,4
136,159,5
136,160,5
137,1,5
137,2,2
137,3,2
137,4,1
137,5,0
137,6,1
137,7,0
137,8,1
137,9,4
137,10,5
137,11,2
137,12,3
137,13,5
137,14,1
137,15,3
137,16,2
137,17,5
137,18,3
137,19,3
137,20,2
137,21,4
137,22,3
137,23,0
137,24,4
137,25,3
137,26,3
137,27,4
137,28,4
137,29,1
137,30,2
137,31,5
137,32,4
137,33,2
137,34,4
137,35,4
137,36,3
137,37,4
137,38,1
137,39,2
137,40,5
137,41,0
137,42,4
137,43,0
137,44,4
137,45,2
137,46,0
137,47,5
137,48,1
137,49,5
137,50,4
137,51,5
137,52,1
137,53,2
137,54,0
137,55,2
137,56,3
137,57,3
137,58,5
137,59,0
137,60,3
137,61,5
137,62,1
137,63,0
137,64,0
137,65,3
137,66,2
137,67,5
137,68,2
137,69,5
137,70,0
137,71,1
137,72,2
137,73,5
137,74,4
137,75,0
137,76,1
137,77,2
137,78,3
137,79,4
137,80,5
137,81,5
137,82,0
137,83,1
137,84,1
137,85,1
137,86,0
137,87,1
137,88,1
137,89,4
137,90,5
137,91,0
137,92,3
137,93,3
137,94,5
137,95,5
137,96,3
137,97,1
137,98,3
137,99,1
137,100,0
137,101,0
137,102,0
137,103,2
137,104,5
137,105,5
137,106,5
137,107,0
137,108,3
137,109,4
137,110,0
137,111,1
137,112,5
137,113,5
137,114,2
137,115,4
137,116,2
137,117,5
137,118,4
137,119,5
137,120,2
137,121,2
137,122,5
137,123,4
137,124,5
137,125,4
137,126,1
137,127,5
137,128,0
137,129,3
137,130,1
137,131,1
137,132,3
137,133,1
137,134,5
137,135,2
137,136,0
137,137,2
137,138,1
137,139,5
137,140,3
137,141,5
137,142,5
137,143,5
137,144,2
137,145,3
137,146,1
137,147,4
137,148,5
138,1,5
138,2,5
138,3,4
138,4,5
138,5,5
138,6,5
138,7,0
138,8,1
138,9,1
138,10,5
138,11,2
138,12,5
138,13,2
138,14,5
138,15,5
138,16,1
138,17,3
138,18,0
138,19,3
138,20,4
138,21,5
138,22,5
138,23,5
138,24,2
138,25,3
138,26,3
138,27,5
138,28,2
138,29,5
138,30,3
138,31,0
138,32,1
138,33,1
138,34,3
138,35,2
138,36,5
138,37,0
138,38,5
138,39,5
138,40,3
138,41,3
138,42,4
138,43,4
138,44,5
138,45,0
138,46,0
138,47,3
138,48,0
138,49,2
138,50,3
138,51,0
138,52,1
138,53,3
138,54,2
138,55,5
138,56,1
138,57,3
138,58,2
138,59,4
138,60,1
138,61,1
138,62,4
138,63,3
138,64,5
138,65,4
138,66,2
138,67,1
138,68,1
138,69,0
138,70,5
138,71,0
138,72,5
138,73,4
138,74,2
138,75,4
138,76,1
138,77,0
138,78,5
138,79,5
138,80,1
138,81,0
138,82,1
138,83,5
138,84,5
138,85,5
138,86,1
138,87,4
138,88,0
138,89,4
138,90,0
138,91,3
138,92,5
138,93,0
138,94,1
138,95,4
138,96,4
138,97,4
138,98,0
138,99,5
138,100,4
138,101,1
138,102,5
138,103,5
138,104,2
138,105,1
138,106,2
138,107,4
138,108,1
138,109,5
138,110,3
138,111,5
138,112,4
138,113,3
138,114,1
138,115,4
138,116,2
138,117,0
138,118,0
138,119,4
138,120,3
138,121,4
138,122,3
138,123,5
138,124,0
138,125,0
138,126,2
138,127,5
138,128,5
138,129,5
138,130,5
138,131,2
138,132,5
138,133,3
138,134,5
138,135,1
138,136,4
138,137,1
138,138,1
138,139,0
138,140,3
138,141,1
138,142,2
138,143,1
138,144,3
138,145,5
138,146,0
138,147,4
138,148,0
138,149,2
138,150,3
138,151,2
138,152,0
138,153,5
138,154,3
138,155,4
138,156,2
138,157,5
138,158,1
138,159,1
138,160,1
138,161,1
138,162,1
138,163,4
138,164,3
138,165,4
138,166,2
138,167,5
138,168,2
138,169,2
138,170,5
138,171,5
138,172,2
138,173,2
138,174,2
138,175,5
138,176,3
138,177,1
138,178,4
138,179,4
138,180,2
138,181,5
138,182,0
138,183,5
138,184,3
138,185,4
138,186,2
138,187,3
138,188,0
138,189,4
138,190,3
138,191,5
138,192,5
138,193,5
138,194,1
138,195,0
138,196,1
138,197,2
138,198,3
138,199,0
138,200,3
139,1,2
139,2,4
139,3,1
139,4,3
139,5,3
139,6,5
139,7,2
139,8,3
139,9,1
139,10,0
139,11,5
139,12,2
139,13,1
139,14,3
139,15,1
139,16,1
139,17,5
139,18,1
139,19,5
139,20,4
139,21,1
139,22,0
139,23,2
139,24,0
139,25,1
139,26,3
139,27,1
139,28,2
139,29,5
139,30,1
139,31,5
139,32,4
139,33,3
139,34,4
139,35,5
139,36,2
139,37,0
139,38,0
139,39,4
139,40,5
139,41,0
139,42,1
139,43,5
139,44,1
139,45,2
139,46,3
139,47,2
139,48,0
139,49,4
139,50,2
139,51,5
139,52,5
139,53,5
139,54,4
139,55,5
139,56,5
139,57,0
139,58,5
139,59,1
139,60,0
139,61,3
139,62,0
139,63,3
139,64,1
139,65,2
139,66,4
139,67,4
139,68,1
139,69,5
139,70,5
139,71,4
139,72,2
139,73,3
139,74,1
139,75,4
139,76,4
139,77,2
139,78,4
139,79,3
139,80,5
139,81,0
139,82,5
139,83,5
139,84,4
139,85,1
139,86,1
139,87,5
139,88,0
139,89,1
139,90,2
139,91,1
139,92,3
139,93,4
139,94,4
139,95,3
139,96,5
139,97,5
139,98,4
139,99,0
139,100,5
139,101,2
139,102,5
139,103,0
139,104,1
139,105,0
139,106,4
139,107,2
139,108,1
139,109,5
139,110,1
139,111,4
139,112,0
139,113,0
139,114,0
139,115,1
139,116,3
139,117,1
139,118,4
139,119,0
139,120,5
139,121,2
139,122,5
139,123,4
139,124,0
139,125,4
139,126,2
139,127,5
139,128,2
139,129,0
139,130,5
139,131,4
139,132,0
139,133,2
139,134,5
139,135,3
139,136,2
139,137,0
139,138,1
139,139,5
139,140,0
139,141,4
139,142,5
139,143,3
139,144,2
139,145,3
139,146,1
139,147,5
139,148,4
139,149,2
139,150,0
139,151,3
139,152,2
139,153,2
139,154,1
139,155,3
139,156,3
139,157,2
139,158,4
139,159,0
139,160,1
139,161,5
139,162,0
139,163,2
139,164,5
139,165,3
139,166,3
139,167,2
139,168,2
139,169,5
139,170,2
139,171,1
139,172,4
139,173,5
139,174,5
139,175,1
139,176,5
139,177,2
139,178,0
139,179,5
139,180,2
139,181,4
139,182,2
139,183,5
139,184,3
139,185,4
139,186,4
139,187,5
139,188,4
139,189,4
139,190,2
139,191,2
139,192,3
139,193,4
139,194,0
140,1,3
140,2,1
140,3,2
140,4,5
140,5,5
140,6,2
140,7,5
140,8,1
140,9,5
140,10,5
140,11,3
140,12,4
140,13,5
140,14,5
140,15,4
140,16,2
140,17,5
140,18,4
140,19,0
140,20,3
140,21,3
140,22,0
140,23,5
140,24,2
140,25,5
140,26,4
140,27,2
140,28,0
140,29,5
140,30,1
140,31,5
140,32,5
140,33,4
140,34,1
140,35,5
140,36,4
140,37,0
140,38,1
140,39,0
140,40,0
140,41,5
140,42,5
140,43,2
140,44,0
140,45,2
140,46,4
140,47,5
140,48,4
140,49,4
140,50,4
140,51,0
140,52,2
140,53,3
140,54,5
140,55,1
140,56,2
140,57,1
140,58,5
140,59,3
140,60,3
140,61,3
140,62,4
140,63,5
140,64,0
140,65,2
140,66,5
140,67,0
140,68,5
140,69,5
140,70,5
140,71,5
140,72,2
140,73,0
140,74,1
140,75,3
140,76,3
140,77,2
140,78,3
140,79,5
140,80,5
140,81,1
140,82,0
140,83,4
140,84,4
140,85,2
140,86,5
140,87,0
140,88,3
140,89,0
140,90,3
140,91,1
140,92,0
140,93,2
140,94,4
140,95,2
140,96,2
140,97,0
140,98,5
140,99,3
140,100,0
140,101,5
140,102,1
140,103,3
140,104,5
140,105,4
140,106,1
140,107,0
140,108,0
140,109,4
140,110,1
140,111,5
140,112,5
140,113,1
140,114,4
140,115,1
140,116,5
140,117,1
140,118,0
140,119,5
140,120,0
140,121,4
140,122,4
140,123,0
140,124,1
140,125,0
140,126,4
140,127,4
140,128,2
140,129,4
140,130,0
140,131,3
140,132,0
140,133,3
140,134,2
140,135,5
140,136,3
140,137,3
140,138,0
140,139,1
140,140,5
140,141,5
140,142,0
140,143,2
140,144,1
140,145,0
140,146,4
140,147,5
140,148,1
140,149,1
140,150,0
140,151,2
140,152,3
140,153,5
140,154,0
140,155,5
140,156,1
140,157,5
140,158,5
140,159,5
140,160,4
140,161,5
140,162,4
140,163,1
140,164,0
140,165,0
140,166,5
140,167,0
140,168,1
140,169,4
140,170,3
140,171,1
140,172,5
140,173,4
140,174,5
140,175,4
140,176,3
140,177,4
140,178,2
140,179,0
140,180,2
140,181,5
140,182,3
140,183,5
140,184,3
140,185,2
140,186,1
140,187,2
140,188,5
140,189,0
140,190,0
140,191,3
140,192,0
140,193,4
140,194,2
140,195,5
140,196,2
140,197,1
140,198,5
140,199,4
140,200,1
140,201,5
140,202,3
140,203,2
140,204,1
140,205,5
140,206,3
140,207,3
140,208,1
140,209,0
140,210,5
140,211,5
140,212,4
140,213,2
140,214,5
141,1,2
141,2,0
141,3,2
141,4,5
141,5,5
141,6,4
141,7,4
141,8,3
141,9,1
141,10,5
141,11,0
141,12,2
141,13,1
141,14,2
141,15,1
141,16,1
141,17,3
141,18,5
141,19,5
141,20,0
141,21,4
141,22,5
141,23,1
141,24,4
141,25,3
141,26,5
141,27,0
141,28,0
141,29,1
141,30,5
141,31,1
141,32,2
141,33,0
141,34,4
141,35,5
141,36,1
141,37,4
141,38,4
141,39,0
141,40,5
141,41,2
141,42,5
141,43,4
141,44,5
141,45,4
141,46,3
141,47,5
141,48,1
141,49,1
141,50,5
141,51,1
141,52,2
141,53,1
141,54,4
141,55,5
141,56,4
141,57,0
141,58,1
141,59,2
141,60,5
141,61,5
141,62,4
141,63,5
141,64,3
141,65,0
141,66,1
141,67,2
141,68,2
141,69,1
141,70,0
141,71,0
141,72,0
141,73,1
141,74,0
141,75,4
141,76,0
141,77,5
141,78,5
141,79,5
141,80,5
141,81,0
141,82,5
141,83,1
141,84,4
141,85,5
141,86,5
141,87,3
141,88,1
141,89,0
141,90,5
141,91,1
141,92,1
141,93,5
141,94,1
141,95,0
141,96,1
141,97,1
141,98,3
141,99,5
141,100,3
141,101,0
141,102,1
141,103,3
141,104,0
141,105,0
141,106,2
141,107,2
141,108,5
141,109,2
141,110,4
141,111,3
141,112,5
141,113,5
141,114,0
141,115,0
141,116,4
141,117,0
141,118,5
141,119,1
141,120,0
141,121,3
141,122,0
141,123,4
141,124,5
141,125,4
141,126,2
141,127,4
141,128,2
141,129,4
141,130,1
141,131,5
141,132,0
141,133,3
141,134,3
141,135,0
141,136,3
141,137,2
141,138,4
141,139,1
141,140,4
141,141,5
141,142,2
141,143,2
141,144,4
141,145,0
141,146,2
141,147,3
141,148,3
141,149,4
141,150,2
141,151,4
141,152,4
141,153,3
141,154,1
141,155,3
141,156,5
141,157,0
141,158,5
141,159,4
141,160,3
141,161,2
141,162,2
141,163,0
142,1,2
142,2,5
142,3,5
142,4,0
142,5,4
142,6,5
142,7,3
142,8,2
142,9,1
142,10,4
142,11,2
142,12,5
142,13,5
142,14,5
142,15,4
142,16,4
142,17,2
142,18,1
142,19,2
142,20,5
142,21,3
142,22,0
142,23,3
142,24,3
142,25,2
142,26,0
142,27,1
142,28,2
142,29,5
142,30,2
142,31,4
142,32,1
142,33,5
142,34,3
142,35,5
142,36,0
142,37,5
142,38,4
142,39,2
142,40,0
142,41,1
142,42,0
142,43,4
142,44,3
142,45,5
142,46,5
142,47,5
142,48,4
142,49,2
142,50,3
142,51,4
142,52,0
142,53,2
142,54,2
142,55,4
142,56,2
142,57,5
142,58,3
142,59,0
142,60,1
142,61,2
142,62,2
142,63,3
142,64,1
142,65,2
142,66,3
142,67,5
142,68,5
142,69,0
142,70,3
142,71,1
142,72,2
142,73,2
142,74,4
142,75,1
142,76,0
142,77,3
142,78,0
142,79,1
142,80,2
142,81,3
142,82,3
142,83,5
142,84,3
142,85,4
142,86,2
142,87,1
142,88,2
142,89,4
142,90,1
142,91,1
142,92,4
142,93,4
142,94,5
142,95,3
142,96,5
142,97,4
142,98,5
142,99,3
142,100,5
142,101,3
142,102,4
142,103,3
142,104,4
142,105,2
142,106,2
142,107,5
142,108,1
142,109,2
142,110,1
142,111,0
142,112,5
142,113,5
142,114,5
142,115,4
142,116,2
142,117,1
142,118,2
142,119,5
142,120,4
142,121,0
142,122,1
142,123,5
142,124,0
142,125,5
142,126,2
142,127,3
142,128,0
142,129,2
142,130,1
142,131,1
142,132,2
142,133,1
142,134,1
142,135,0
142,136,1
142,137,5
142,138,5
142,139,4
142,140,5
142,141,0
142,142,3
142,143,4
142,144,2
142,145,0
142,146,5
142,147,4
142,148,2
142,149,2
142,150,3
142,151,4
142,152,5
142,153,0
142,154,3
142,155,5
142,156,1
142,157,5
142,158,1
142,159,5
142,160,4
142,161,5
142,162,1
142,163,2
142,164,5
142,165,3
142,166,5
142,167,3
142,168,4
142,169,5
142,170,0
142,171,4
142,172,5
142,173,5
142,174,5
142,175,5
142,176,4
142,177,1
142,178,5
142,179,4
142,180,2
142,181,5
142,182,5
142,183,5
142,184,5
142,185,1
142,186,5
142,187,1
142,188,5
142,189,0
142,190,1
142,191,2
142,192,1
142,193,4
142,194,5
142,195,1
142,196,2
142,197,1
142,198,4
142,199,3
142,200,3
142,201,1
142,202,2
142,203,0
142,204,1
142,205,4
142,206,0
142,207,5
142,208,5
143,1,1
143,2,2
143,3,5
143,4,4
143,5,3
143,6,4
143,7,4
143,8,2
143,9,4
143,10,2
143,11,0
143,12,5
143,13,1
143,14,3
143,15,0
143,16,1
143,17,2
143,18,5
143,19,0
143,20,2
143,21,4
143,22,3
143,23,1
143,24,3
143,25,0
143,26,5
143,27,4
143,28,0
143,29,5
143,30,5
143,31,0
143,32,2
143,33,1
143,34,2
143,35,5
143,36,2
143,37,4
143,38,3
143,39,5
143,40,0
143,41,5
143,42,1
143,43,4
143,44,2
143,45,2
143,46,5
143,47,5
143,48,0
143,49,3
143,50,3
143,51,5
143,52,2
143,53,5
143,54,0
143,55,3
143,56,3
143,57,3
143,58,2
143,59,5
143,60,5
143,61,3
143,62,2
143,63,4
143,64,3
143,65,5
143,66,1
143,67,5
143,68,3
143,69,0
143,70,5
143,71,3
143,72,4
143,73,1
143,74,5
143,75,2
143,76,5
143,77,4
143,78,2
143,79,2
143,80,5
143,81,5
143,82,0
143,83,3
143,84,5
143,85,1
143,86,3
143,87,4
143,88,0
143,89,3
143,90,4
143,91,5
143,92,1
143,93,3
143,94,1
143,95,4
143,96,1
143,97,5
143,98,4
143,99,2
143,100,1
143,101,1
143,102,0
143,103,5
143,104,1
143,105,5
143,106,4
143,107,1
143,108,0
143,109,3
143,110,2
143,111,1
143,112,4
143,113,5
143,114,5
143,115,3
143,116,3
143,117,5
143,118,2
143,119,5
143,120,2
143,121,1
143,122,5
143,123,3
143,124,4
143,125,2
143,126,5
143,127,5
143,128,5
143,129,4
143,130,0
143,131,3
143,132,4
143,133,4
143,134,3
143,135,2
143,136,0
143,137,5
143,138,2
143,139,1
143,140,1
143,141,4
143,142,0
143,143,0
143,144,1
143,145,5
143,146,1
143,147,2
143,148,5
143,149,1
143,150,5
143,151,5
143,152,1
143,153,0
143,154,2
143,155,5
143,156,5
143,157,4
143,158,0
143,159,0
143,160,5
143,161,3
143,162,5
143,163,3
143,164,4
143,165,5
143,166,0
144,1,0
144,2,2
144,3,1
144,4,0
144,5,1
144,6,1
144,7,0
144,8,3
144,9,2
144,10,0
144,11,2
144,12,2
144,13,5
144,14,1
144,15,5
144,16,3
144,17,0
144,18,4
144,19,4
144,20,1
144,21,5
144,22,4
144,23,5
144,24,1
144,25,5
144,26,0
144,27,4
144,28,2
144,29,4
144,30,5
144,31,5
144,32,5
144,33,5
144,34,5
144,35,1
144,36,5
144,37,2
144,38,5
144,39,4
144,40,4
144,41,4
144,42,4
144,43,4
144,44,2
144,45,5
144,46,3
144,47,2
144,48,1
144,49,0
144,50,5
144,51,0
144,52,1
144,53,5
144,54,2
144,55,5
144,56,5
144,57,5
144,58,1
144,59,5
144,60,0
144,61,0
144,62,5
144,63,3
144,64,3
144,65,3
144,66,4
144,67,4
144,68,1
144,69,3
144,70,5
144,71,5
144,72,5
144,73,3
144,74,2
144,75,3
144,76,2
144,77,4
144,78,1
144,79,4
144,80,4
144,81,1
144,82,1
144,83,1
144,84,5
144,85,1
144,86,3
144,87,3
144,88,3
144,89,5
144,90,5
144,91,4
144,92,0
144,93,2
144,94,0
144,95,1
144,96,1
144,97,5
144,98,1
144,99,5
144,100,2
144,101,5
144,102,5
144,103,2
144,104,5
144,105,3
144,106,3
144,107,0
144,108,0
144,109,0
144,110,4
144,111,4
144,112,4
144,113,4
144,114,0
144,115,0
144,116,3
144,117,2
144,118,5
144,119,4
144,120,4
144,121,2
144,122,3
144,123,4
144,124,1
144,125,3
144,126,3
144,127,4
144,128,3
144,129,5
144,130,0
144,131,5
144,132,4
144,133,0
144,134,1
144,135,5
144,136,5
144,137,0
144,138,1
144,139,4
144,140,1
144,141,0
144,142,3
144,143,4
144,144,3
144,145,1
144,146,5
144,147,1
144,148,3
144,149,2
144,150,1
144,151,3
144,152,1
144,153,2
144,154,5
144,155,0
144,156,0
144,157,1
144,158,0
144,159,0
144,160,2
144,161,1
144,162,5
144,163,2
144,164,5
144,165,4
144,166,3
144,167,1
144,168,0
144,169,1
144,170,1
144,171,2
144,172,5
144,173,4
144,174,4
144,175,4
144,176,2
144,177,5
144,178,4
144,179,5
144,180,3
144,181,0
144,182,1
144,183,3
144,184,5
144,185,5
144,186,5
144,187,2
144,188,2
144,189,5
144,190,0
144,191,0
144,192,2
144,193,2
144,194,0
144,195,3
144,196,2
144,197,3
144,198,4
144,199,0
144,200,1
144,201,5
144,202,5
144,203,5
144,204,4
144,205,5
144,206,3
144,207,5
144,208,2
144,209,3
144,210,5
144,211,0
144,212,5
144,213,5
144,214,5
144,215,4
144,216,4
144,217,5
144,218,0
144,219,1
144,220,5
144,221,2
144,222,3
144,223,0
144,224,5
145,1,5
145,2,3
145,3,5
145,4,2
145,5,5
145,6,0
145,7,4
145,8,0
145,9,1
145,10,2
145,11,4
145,12,3
145,13,3
145,14,4
145,15,5
145,16,5
145,17,4
145,18,5
145,19,0
145,20,0
145,21,2
145,22,3
145,23,2
145,24,0
145,25,2
145,26,0
145,27,1
145,28,5
145,29,3
145,30,2
145,31,0
145,32,1
145,33,2
145,34,3
145,35,5
145,36,0
145,37,5
145,38,0
145,39,1
145,40,4
145,41,3
145,42,4
145,43,5
145,44,4
145,45,0
145,46,3
145,47,3
145,48,3
145,49,0
145,50,4
145,51,4
145,52,3
145,53,5
145,54,4
145,55,0
145,56,2
145,57,5
145,58,1
145,59,3
145,60,5
145,61,1
145,62,5
145,63,3
145,64,1
145,65,1
145,66,2
145,67,2
145,68,2
145,69,5
145,70,0
145,71,3
145,72,0
145,73,4
145,74,5
145,75,1
145,76,4
145,77,1
145,78,5
145,79,0
145,80,4
145,81,3
145,82,2
145,83,5
145,84,2
145,85,2
145,86,5
145,87,4
145,88,5
145,89,3
145,90,5
145,91,3
145,92,3
145,93,4
145,94,2
145,95,4
145,96,0
145,97,3
145,98,1
145,99,0
145,100,0
145,101,5
145,102,0
145,103,0
145,104,3
145,105,5
145,106,2
145,107,2
145,108,0
145,109,4
145,110,2
145,111,5
145,112,4
145,113,5
145,114,5
145,115,5
145,116,1
145,117,5
145,118,0
145,119,1
145,120,5
145,121,4
145,122,3
145,123,0
145,124,2
145,125,1
145,126,5
145,127,4
145,128,2
145,129,5
145,130,1
145,131,4
145,132,3
145,133,0
145,134,2
145,135,0
145,136,0
145,137,3
145,138,2
145,139,3
145,140,3
145,141,2
145,142,2
145,143,1
145,144,0
145,145,5
145,146,5
145,147,4
145,148,3
145,149,2
145,150,0
145,151,3
145,152,5
145,153,3
145,154,5
145,155,0
145,156,5
145,157,1
145,158,5
145,159,3
145,160,1
145,161,5
145,162,2
145,163,5
145,164,4
145,165,1
145,166,1
145,167,1
145,168,1
145,169,5
145,170,2
145,171,2
145,172,5
145,173,0
145,174,5
145,175,5
145,176,4
145,177,1
145,178,3
145,179,5
145,180,3
145,181,1
145,182,5
145,183,2
145,184,2
145,185,1
145,186,2
145,187,2
145,188,3
145,189,5
145,190,1
145,191,5
145,192,1
145,193,0
145,194,4
145,195,2
145,196,1
145,197,0
145,198,5
145,199,3
145,200,5
145,201,3
145,202,4
145,203,3
145,204,3
145,205,0
145,206,5
145,207,4
145,208,3
145,209,2
145,210,5
145,211,0
145,212,3
145,213,3
145,214,4
145,215,1
145,216,5
145,217,4
145,218,5
145,219,3
145,220,4
145,221,1
145,222,3
145,223,2
145,224,5
145,225,4
145,226,3
145,227,5
145,228,2
145,229,5
145,230,0
145,231,4
145,232,2
145,233,1
145,234,5
145,235,4
145,236,0
145,237,4
145,238,0
145,239,1
145,240,0
145,241,3
145,242,4
145,243,5
145,244,4
145,245,1
145,246,5
145,247,0
145,248,1
145,249,1
145,250,2
145,251,5
146,1,3
146,2,1
146,3,4
146,4,4
146,5,4
146,6,5
146,7,2
146,8,2
146,9,0
146,10,5
146,11,5
146,12,2
146,13,5
146,14,5
146,15,0
146,16,4
146,17,3
146,18,2
146,19,1
146,20,0
146,21,0
146,22,0
146,23,3
146,24,5
146,25,2
146,26,2
146,27,4
146,28,2
146,29,1
146,30,0
146,31,3
146,32,2
146,33,4
146,34,0
146,35,5
146,36,2
146,37,0
146,38,5
146,39,1
146,40,2
146,41,3
146,42,0
146,43,4
146,44,5
146,45,3
146,46,5
146,47,1
146,48,2
146,49,1
146,50,0
146,51,5
146,52,1
146,53,3
146,54,1
146,55,1
146,56,4
146,57,0
146,58,5
146,59,4
146,60,1
146,61,2
146,62,5
146,63,2
146,64,3
146,65,1
146,66,5
146,67,4
146,68,2
146,69,4
146,70,4
146,71,3
146,72,0
146,73,1
146,74,2
146,75,5
146,76,0
146,77,4
146,78,2
146,79,1
146,80,3
146,81,1
146,82,3
146,83,3
146,84,0
146,85,4
146,86,4
146,87,2
146,88,1
146,89,4
146,90,4
146,91,2
146,92,4
146,93,2
146,94,5
146,95,0
146,96,0
146,97,5
146,98,5
146,99,4
146,100,5
146,101,5
146,102,0
146,103,4
146,104,2
146,105,0
146,106,5
146,107,2
146,108,4
146,109,2
146,110,2
146,111,5
146,112,0
146,113,5
146,114,4
146,115,1
146,116,1
146,117,5
146,118,5
146,119,1
146,120,2
146,121,0
146,122,1
146,123,1
146,124,2
146,125,5
146,126,3
146,127,4
146,128,2
146,129,0
146,130,2
146,131,3
146,132,5
146,133,4
146,134,4
146,135,5
146,136,1
146,137,2
146,138,1
146,139,4
146,140,5
146,141,0
146,142,0
146,143,5
146,144,3
146,145,3
146,146,4
146,147,5
146,148,0
146,149,5
146,150,5
146,151,4
146,152,3
146,153,4
146,154,5
146,155,0
146,156,5
146,157,5
146,158,5
146,159,5
146,160,2
146,161,5
146,162,3
146,163,0
146,164,2
146,165,0
146,166,5
146,167,1
146,168,5
146,169,3
146,170,5
146,171,5
146,172,3
146,173,1
146,174,1
146,175,5
146,176,0
146,177,2
146,178,5
146,179,3
146,180,5
146,181,5
146,182,3
146,183,0
146,184,0
146,185,2
146,186,2
146,187,4
146,188,0
146,189,4
146,190,1
146,191,4
146,192,2
146,193,0
146,194,3
146,195,5
146,196,3
146,197,5
146,198,3
146,199,1
146,200,5
146,201,5
146,202,3
146,203,2
146,204,5
146,205,5
146,206,5
146,207,0
146,208,4
146,209,5
146,210,1
146,211,3
146,212,4
146,213,1
146,214,3
146,215,1
146,216,0
146,217,4
146,218,0
146,219,3
146,220,5
146,221,3
146,222,2
146,223,4
146,224,2
146,225,1
146,226,5
146,227,3
146,228,1
146,229,4
146,230,4
146,231,0
146,232,3
146,233,1
146,234,5
146,235,5
146,236,0
146,237,3
146,238,4
146,239,5
146,240,3
146,241,0
146,242,5
146,243,3
146,244,0
146,245,0
146,246,2
146,247,5
146,248,5
146,249,4
146,250,2
146,251,1
146,252,1
146,253,5
146,254,2
146,255,1
146,256,5
146,257,0
146,258,5
146,259,5
146,260,5
146,261,0
146,262,4
146,263,1
147,1,3
147,2,1
147,3,2
147,4,5
147,5,3
147,6,2
147,7,1
147,8,5
147,9,1
147,10,5
147,11,3
147,12,5
147,13,1
147,14,4
147,15,1
147,16,2
147,17,4
147,18,3
147,19,4
147,20,1
147,21,2
147,22,2
147,23,5
147,24,5
147,25,3
147,26,3
147,27,1
147,28,5
147,29,3
147,30,2
147,31,5
147,32,0
147,33,2
147,34,5
147,35,1
147,36,0
147,37,5
147,38,4
147,39,3
147,40,1
147,41,5
147,42,2
147,43,5
147,44,5
147,45,5
147,46,0
147,47,5
147,48,5
147,49,4
147,50,3
147,51,0
147,52,3
147,53,2
147,54,3
147,55,2
147,56,5
147,57,3
147,58,1
147,59,0
147,60,5
147,61,2
147,62,0
147,63,1
147,64,0
147,65,5
147,66,4
147,67,1
147,68,0
147,69,0
147,70,5
147,71,0
147,72,2
147,73,1
147,74,4
147,75,4
147,76,3
147,77,4
147,78,2
147,79,4
147,80,4
147,81,5
147,82,0
147,83,5
147,84,5
147,85,2
147,86,0
147,87,0
147,88,5
147,89,1
147,90,2
147,91,5
147,92,3
147,93,2
147,94,4
147,95,3
147,96,2
147,97,2
147,98,5
147,99,2
147,100,5
147,101,1
147,102,2
147,103,4
147,104,4
147,105,4
147,106,2
147,107,3
147,108,5
147,109,5
147,110,3
147,111,1
147,112,1
147,113,5
147,114,4
147,115,4
147,116,5
147,117,2
147,118,1
147,119,1
147,120,5
147,121,1
147,122,4
147,123,3
147,124,5
147,125,3
147,126,2
147,127,3
147,128,5
147,129,3
147,130,5
147,131,4
147,132,5
147,133,0
147,134,0
147,135,1
147,136,1
147,137,1
147,138,5
147,139,1
147,140,1
147,141,1
147,142,2
147,143,2
147,144,2
147,145,3
147,146,0
147,147,4
147,148,3
147,149,2
147,150,5
147,151,0
147,152,5
147,153,0
147,154,3
147,155,3
147,156,4
147,157,2
147,158,0
147,159,5
147,160,4
147,161,4
147,162,1
147,163,0
147,164,0
147,165,5
147,166,5
147,167,5
147,168,0
147,169,3
147,170,2
147,171,3
147,172,2
147,173,1
147,174,5
147,175,2
147,176,1
147,177,3
147,178,2
147,179,2
147,180,4
147,181,5
147,182,4
147,183,4
147,184,4
147,185,1
147,186,5
147,187,3
147,188,5
147,189,3
147,190,1
147,191,0
147,192,4
147,193,2
147,194,2
147,195,0
147,196,0
147,197,0
147,198,1
147,199,0
147,200,5
147,201,5
147,202,2
147,203,4
147,204,2
147,205,4
147,206,2
147,207,3
148,1,1
148,2,4
148,3,5
148,4,2
148,5,1
148,6,5
148,7,4
148,8,5
148,9,4
148,10,2
148,11,5
148,12,2
148,13,1
148,14,2
148,15,4
148,16,3
148,17,2
148,18,5
148,19,4
148,20,2
148,21,4
148,22,0
148,23,5
148,24,4
148,25,2
148,26,3
148,27,1
148,28,4
148,29,1
148,30,5
148,31,3
148,32,0
148,33,2
148,34,5
148,35,3
148,36,3
148,37,5
148,38,1
148,39,0
148,40,2
148,41,3
148,42,3
148,43,3
148,44,4
148,45,4
148,46,3
148,47,5
148,48,3
148,49,5
148,50,0
148,51,1
148,52,5
148,53,3
148,54,0
148,55,0
148,56,5
148,57,4
148,58,0
148,59,5
148,60,1
148,61,4
148,62,5
148,63,5
148,64,5
148,65,5
148,66,3
148,67,0
148,68,0
148,69,1
148,70,4
148,71,0
148,72,2
148,73,5
148,74,5
148,75,1
148,76,5
148,77,4
148,78,3
148,79,3
148,80,0
148,81,1
148,82,5
148,83,5
148,84,4
148,85,3
148,86,5
148,87,5
148,88,3
148,89,5
148,90,0
148,91,5
148,92,1
148,93,5
148,94,1
148,95,4
148,96,5
148,97,5
148,98,4
148,99,4
148,100,2
148,101,5
148,102,3
148,103,5
148,104,2
148,105,3
148,106,3
148,107,0
148,108,5
148,109,3
148,110,1
148,111,3
148,112,1
148,113,2
148,114,2
148,115,3
148,116,5
148,117,4
148,118,0
148,119,5
148,120,5
148,121,2
148,122,2
148,123,2
148,124,1
148,125,3
148,126,1
148,127,5
148,128,3
148,129,2
148,130,5
148,131,4
148,132,1
148,133,1
148,134,1
148,135,3
148,136,0
148,137,1
148,138,1
148,139,0
148,140,1
148,141,2
148,142,1
148,143,1
148,144,5
148,145,2
148,146,2
148,147,1
148,148,5
148,149,4
148,150,1
148,151,5
148,152,3
148,153,1
148,154,2
148,155,3
148,156,3
148,157,3
148,158,0
148,159,0
148,160,2
148,161,3
148,162,1
148,163,5
148,164,5
148,165,5
148,166,1
148,167,2
148,168,0
148,169,2
148,170,4
148,171,2
148,172,5
148,173,5
148,174,0
148,175,3
148,176,3
148,177,5
148,178,3
148,179,5
148,180,2
148,181,2
148,182,2
148,183,3
148,184,1
148,185,2
148,186,5
148,187,5
148,188,5
148,189,4
148,190,2
148,191,4
148,192,4
148,193,1
148,194,4
148,195,1
148,196,0
148,197,0
148,198,3
148,199,4
148,200,0
148,201,3
148,202,4
148,203,4
148,204,0
148,205,5
148,206,3
148,207,5
148,208,4
148,209,0
148,210,0
148,211,1
148,212,3
148,213,0
148,214,0
148,215,0
148,216,0
148,217,3
148,218,5
148,219,3
148,220,1
148,221,5
148,222,1
148,223,0
148,224,0
148,225,1
148,226,1
148,227,5
148,228,0
148,229,0
148,230,0
148,231,5
148,232,5
148,233,0
148,234,1
148,235,1
148,236,4
148,237,1
148,238,5
148,239,1
148,240,1
148,241,2
148,242,2
148,243,1
148,244,4
148,245,0
148,246,1
148,247,0
148,248,2
148,249,2
148,250,2
148,251,1
148,252,0
148,253,4
148,254,2
148,255,4
148,256,4
148,257,5
148,258,4
148,259,5
148,260,1
148,261,5
148,262,5
148,263,1
148,264,0
148,265,3
148,266,0
148,267,4
148,268,4
148,269,4
148,270,4
148,271,4
148,272,3
148,273,3
148,274,5
148,275,2
148,276,5
148,277,2
148,278,2
148,279,5
149,1,5
149,2,4
149,3,1
149,4,0
149,5,0
149,6,1
149,7,2
149,8,4
149,9,4
149,10,0
149,11,1
149,12,1
149,13,5
149,14,3
149,15,3
149,16,4
149,17,5
149,18,3
149,19,4
149,20,2
149,21,3
149,22,4
149,23,3
149,24,0
149,25,3
149,26,5
149,27,0
149,28,5
149,29,2
149,30,3
149,31,5
149,32,3
149,33,2
149,34,3
149,35,1
149,36,5
149,37,5
149,38,5
149,39,1
149,40,1
149,41,2
149,42,2
149,43,3
149,44,4
149,45,0
149,46,5
149,47,5
149,48,5
149,49,1
149,50,2
149,51,5
149,52,5
149,53,5
149,54,0
149,55,3
149,56,3
149,57,3
149,58,0
149,59,4
149,60,1
149,61,3
149,62,0
149,63,2
149,64,3
149,65,5
149,66,5
149,67,2
149,68,5
149,69,5
149,70,1
149,71,1
149,72,1
149,73,1
149,74,4
149,75,3
149,76,2
149,77,4
149,78,4
149,79,3
149,80,3
149,81,0
149,82,0
149,83,4
149,84,1
149,85,3
149,86,5
149,87,3
149,88,1
149,89,1
149,90,0
149,91,2
149,92,0
149,93,0
149,94,0
149,95,1
149,96,5
149,97,0
149,98,1
149,99,0
149,100,2
149,101,2
149,102,2
149,103,3
149,104,1
149,105,5
149,106,0
149,107,2
149,108,4
149,109,3
149,110,0
149,111,4
149,112,4
149,113,0
149,114,5
149,115,4
149,116,5
149,117,5
149,118,2
149,119,4
149,120,5
149,121,3
149,122,5
149,123,5
149,124,2
149,125,0
149,126,5
149,127,5
149,128,5
149,129,4
149,130,0
149,131,4
149,132,0
149,133,5
149,134,1
149,135,1
149,136,1
149,137,5
149,138,4
149,139,5
149,140,4
149,141,4
149,142,5
149,143,5
149,144,1
149,145,2
149,146,5
149,147,0
149,148,5
149,149,5
149,150,2
149,151,5
149,152,5
149,153,4
149,154,4
149,155,0
149,156,5
149,157,0
149,158,5
149,159,2
149,160,1
149,161,5
149,162,5
149,163,3
149,164,2
149,165,1
149,166,3
149,167,5
149,168,1
149,169,2
149,170,5
149,171,5
149,172,5
149,173,3
149,174,3
149,175,0
149,176,3
149,177,1
149,178,5
149,179,5
149,180,3
149,181,5
149,182,2
149,183,3
149,184,1
149,185,2
149,186,1
149,187,1
149,188,1
149,189,4
149,190,5
149,191,0
149,192,4
149,193,0
149,194,4
149,195,0
149,196,5
149,197,5
149,198,3
149,199,0
149,200,1
149,201,1
149,202,2
149,203,5
149,204,1
149,205,3
149,206,2
149,207,4
149,208,0
149,209,0
149,210,5
149,211,0
149,212,1
149,213,1
149,214,2
149,215,0
149,216,5
149,217,3
149,218,3
149,219,5
149,220,4
149,221,5
149,222,3
149,223,1
149,224,3
149,225,2
149,226,2
149,227,5
149,228,5
149,229,1
149,230,5
149,231,3
149,232,5
149,233,5
149,234,1
149,235,5
149,236,4
149,237,4
149,238,1
149,239,0
149,240,1
149,241,5
149,242,4
149,243,5
149,244,5
149,245,0
149,246,1
149,247,0
149,248,3
149,249,0
149,250,4
149,251,5
149,252,1
149,253,4
149,254,3
149,255,5
149,256,1
149,257,0
149,258,1
149,259,3
149,260,4
149,261,0
149,262,5
149,263,5
149,264,5
149,265,5
149,266,0
149,267,1
149,268,5
149,269,5
149,270,2
149,271,5
149,272,5
149,273,3
149,274,2
149,275,4
149,276,4
149,277,4
149,278,3
149,279,1
149,280,5
149,281,4
149,282,4
149,283,3
149,284,3
149,285,0
149,286,1
149,287,4
149,288,4
149,289,5
150,1,1
150,2,4
150,3,4
150,4,1
150,5,0
150,6,1
150,7,3
150,8,4
150,9,3
150,10,1
150,11,4
150,12,3
150,13,3
150,14,1
150,15,5
150,16,3
150,17,5
150,18,1
150,19,5
150,20,0
150,21,5
150,22,1
150,23,5
150,24,2
150,25,0
150,26,0
150,27,5
150,28,0
150,29,3
150,30,2
150,31,5
150,32,1
150,33,2
150,34,0
150,35,3
150,36,2
150,37,5
150,38,4
150,39,1
150,40,3
150,41,1
150,42,0
150,43,2
150,44,3
150,45,1
150,46,5
150,47,1
150,48,2
150,49,4
150,50,3
150,51,0
150,52,0
150,53,5
150,54,5
150,55,1
150,56,4
150,57,2
150,58,1
150,59,5
150,60,5
150,61,5
150,62,5
150,63,5
150,64,4
150,65,0
150,66,0
150,67,2
150,68,3
150,69,2
150,70,5
150,71,5
150,72,5
150,73,3
150,74,4
150,75,2
150,76,5
150,77,0
150,78,1
150,79,5
150,80,5
150,81,0
150,82,3
150,83,2
150,84,1
150,85,3
150,86,1
150,87,5
150,88,2
150,89,2
150,90,1
150,91,4
150,92,3
150,93,3
150,94,1
150,95,3
150,96,0
150,97,4
150,98,2
150,99,2
150,100,1
150,101,5
150,102,5
150,103,5
150,104,2
150,105,5
150,106,5
150,107,4
150,108,3
150,109,5
150,110,1
150,111,1
150,112,3
150,113,1
150,114,2
150,115,0
150,116,3
150,117,1
150,118,4
150,119,1
150,120,2
150,121,2
150,122,3
150,123,4
150,124,4
150,125,5
150,126,2
150,127,3
150,128,5
150,129,2
150,130,3
150,131,5
150,132,1
150,133,1
150,134,4
150,135,2
150,136,5
150,137,0
150,138,5
150,139,4
150,140,4
150,141,4
150,142,3
150,143,5
150,144,3
150,145,5
150,146,5
150,147,3
150,148,3
150,149,5
150,150,1
150,151,0
150,152,5
150,153,1
150,154,1
150,155,0
150,156,2
150,157,3
150,158,1
150,159,1
150,160,0
150,161,2
150,162,0
150,163,0
150,164,4
150,165,5
150,166,3
150,167,1
150,168,1
150,169,5
150,170,0
150,171,0
150,172,1
150,173,5
150,174,0
150,175,1
150,176,4
150,177,4
150,178,0
150,179,4
150,180,2
150,181,2
150,182,0
150,183,1
150,184,5
150,185,3
150,186,0
150,187,4
150,188,0
150,189,1
150,190,5
150,191,0
150,192,2
150,193,2
150,194,5
150,195,0
150,196,4
150,197,1
150,198,3
150,199,5
150,200,5
150,201,0
150,202,2
150,203,4
150,204,4
150,205,5
150,206,5
150,207,4
150,208,1
150,209,5
150,210,5
150,211,5
150,212,0
150,213,0
150,214,5
150,215,1
150,216,4
150,217,2
150,218,4
150,219,4
150,220,2
150,221,3
150,222,5
151,1,3
151,2,1
151,3,4
151,4,1
151,5,0
151,6,5
151,7,5
151,8,2
151,9,5
151,10,2
151,11,1
151,12,1
151,13,1
151,14,1
151,15,0
151,16,3
151,17,4
151,18,0
151,19,1
151,20,5
151,21,0
151,22,5
151,23,5
151,24,2
151,25,2
151,26,1
151,27,5
151,28,0
151,29,5
151,30,4
151,31,3
151,32,5
151,33,3
151,34,4
151,35,3
151,36,4
151,37,0
151,38,3
151,39,2
151,40,5
151,41,0
151,42,5
151,43,1
151,44,0
151,45,3
151,46,0
151,47,0
151,48,2
151,49,3
151,50,1
151,51,5
151,52,0
151,53,2
151,54,1
151,55,1
151,56,1
151,57,4
151,58,3
151,59,5
151,60,1
151,61,5
151,62,0
151,63,5
151,64,0
151,65,3
151,66,0
151,67,0
151,68,4
151,69,5
151,70,0
151,71,3
151,72,0
151,73,5
151,74,5
151,75,4
151,76,5
151,77,2
151,78,5
151,79,4
151,80,1
151,81,5
151,82,2
151,83,0
151,84,5
151,85,5
151,86,2
151,87,5
151,88,5
151,89,1
151,90,5
151,91,1
151,92,3
151,93,1
151,94,3
151,95,1
151,96,5
151,97,5
151,98,3
151,99,0
151,100,0
151,101,5
151,102,4
151,103,3
151,104,0
151,105,2
151,106,5
151,107,1
151,108,3
151,109,3
151,110,1
151,111,0
151,112,5
151,113,3
151,114,2
151,115,0
151,116,3
151,117,0
151,118,1
151,119,1
151,120,1
151,121,4
151,122,3
151,123,2
151,124,5
151,125,3
151,126,2
151,127,4
151,128,5
151,129,2
151,130,1
151,131,1
151,132,4
151,133,2
151,134,5
151,135,0
151,136,5
151,137,5
151,138,5
151,139,5
151,140,5
151,141,5
151,142,1
151,143,2
151,144,3
151,145,4
151,146,0
151,147,5
151,148,1
151,149,1
151,150,3
151,151,1
151,152,4
151,153,0
151,154,5
151,155,0
151,156,0
151,157,1
151,158,1
151,159,2
151,160,2
151,161,0
151,162,4
151,163,4
151,164,1
151,165,1
151,166,2
151,167,2
151,168,2
151,169,5
151,170,5
151,171,4
151,172,3
151,173,4
151,174,5
151,175,4
151,176,3
151,177,4
152,1,3
152,2,0
152,3,3
152,4,5
152,5,3
152,6,5
152,7,1
152,8,3
152,9,1
152,10,0
152,11,2
152,12,1
152,13,4
152,14,4
152,15,1
152,16,1
152,17,0
152,18,4
152,19,3
152,20,0
152,21,3
152,22,3
152,23,5
152,24,4
152,25,5
152,26,5
152,27,5
152,28,0
152,29,5
152,30,1
152,31,1
152,32,0
152,33,0
152,34,1
152,35,2
152,36,1
152,37,2
152,38,5
152,39,2
152,40,5
152,41,0
152,42,3
152,43,4
152,44,5
152,45,4
152,46,4
152,47,4
152,48,3
152,49,5
152,50,5
152,51,3
152,52,4
152,53,4
152,54,4
152,55,3
152,56,3
152,57,4
152,58,2
152,59,5
152,60,0
152,61,5
152,62,4
152,63,2
152,64,0
152,65,1
152,66,5
152,67,0
152,68,0
152,69,0
152,70,4
152,71,1
152,72,0
152,73,5
152,74,0
152,75,1
152,76,0
152,77,0
152,78,1
152,79,0
152,80,3
152,81,5
152,82,5
152,83,5
152,84,5
152,85,3
152,86,5
152,87,1
152,88,1
152,89,4
152,90,1
152,91,4
152,92,5
152,93,4
152,94,1
152,95,3
152,96,2
152,97,2
152,98,2
152,99,1
152,100,5
152,101,5
152,102,2
152,103,4
152,104,5
152,105,4
152,106,1
152,107,5
152,108,1
152,109,4
152,110,5
152,111,5
152,112,2
152,113,5
152,114,2
152,115,3
152,116,2
152,117,5
152,118,5
152,119,1
152,120,0
152,121,0
152,122,5
152,123,3
152,124,4
152,125,1
152,126,0
152,127,2
152,128,1
152,129,5
152,130,4
152,131,0
152,132,4
152,133,0
152,134,5
152,135,2
152,136,4
152,137,5
152,138,4
152,139,0
152,140,4
152,141,3
152,142,5
152,143,4
152,144,2
152,145,5
152,146,4
152,147,5
152,148,5
152,149,4
152,150,1
152,151,1
152,152,2
152,153,4
152,154,3
152,155,1
152,156,5
152,157,2
152,158,2
152,159,4
152,160,5
152,161,2
152,162,4
152,163,0
152,164,5
152,165,2
152,166,5
152,167,4
152,168,1
152,169,3
152,170,2
152,171,3
152,172,2
152,173,0
152,174,0
152,175,5
152,176,5
152,177,5
152,178,2
152,179,3
152,180,4
152,181,0
152,182,3
152,183,5
152,184,0
153,1,3
153,2,4
153,3,2
153,4,3
153,5,3
153,6,3
153,7,4
153,8,3
153,9,0
153,10,3
153,11,3
153,12,4
153,13,4
153,14,1
153,15,1
153,16,0
153,17,1
153,18,5
153,19,4
153,20,2
153,21,5
153,22,2
153,23,0
153,24,0
153,25,1
153,26,5
153,27,5
153,28,5
153,29,4
153,30,1
153,31,5
153,32,3
153,33,3
153,34,5
153,35,3
153,36,3
153,37,0
153,38,4
153,39,3
153,40,0
153,41,4
153,42,4
153,43,1
153,44,3
153,45,5
153,46,1
153,47,5
153,48,5
153,49,0
153,50,1
153,51,4
153,52,5
153,53,4
153,54,1
153,55,0
153,56,2
153,57,4
153,58,2
153,59,1
153,60,2
153,61,5
153,62,3
153,63,0
153,64,4
153,65,5
153,66,0
153,67,5
153,68,4
153,69,3
153,70,4
153,71,5
153,72,4
153,73,1
153,74,1
153,75,5
153,76,1
153,77,3
153,78,1
153,79,0
153,80,2
153,81,4
153,82,4
153,83,2
153,84,2
153,85,5
153,86,3
153,87,3
153,88,5
153,89,4
153,90,5
153,91,0
153,92,1
153,93,1
153,94,5
153,95,3
153,96,1
153,97,4
153,98,0
153,99,4
153,100,2
153,101,5
153,102,1
153,103,0
153,104,5
153,105,0
153,106,0
153,107,2
153,108,2
153,109,4
153,110,5
153,111,3
153,112,4
153,113,1
153,114,4
153,115,2
153,116,1
153,117,5
153,118,0
153,119,2
153,120,3
153,121,5
153,122,1
153,123,5
153,124,5
153,125,2
153,126,2
153,127,2
153,128,2
153,129,0
153,130,5
153,131,4
153,132,1
153,133,5
153,134,2
153,135,3
153,136,5
153,137,1
153,138,4
153,139,5
153,140,2
153,141,3
153,142,0
153,143,4
153,144,5
153,145,5
153,146,0
153,147,4
153,148,5
153,149,2
153,150,3
153,151,2
153,152,0
153,153,4
153,154,1
153,155,3
153,156,5
153,157,5
153,158,4
153,159,0
153,160,3
153,161,5
153,162,2
153,163,1
153,164,3
153,165,0
153,166,3
153,167,5
153,168,1
153,169,5
153,170,4
153,171,5
153,172,5
153,173,5
153,174,3
153,175,4
153,176,5
153,177,3
153,178,0
153,179,5
153,180,5
153,181,2
153,182,0
153,183,1
153,184,2
153,185,0
153,186,3
153,187,5
153,188,0
153,189,3
153,190,5
153,191,2
153,192,2
153,193,0
153,194,5
153,195,2
153,196,5
153,197,3
153,198,4
153,199,1
153,200,1
153,201,0
153,202,3
153,203,5
153,204,0
153,205,0
153,206,4
153,207,5
153,208,2
153,209,4
153,210,4
153,211,3
153,212,2
153,213,3
153,214,5
153,215,2
153,216,3
153,217,1
153,218,1
153,219,4
153,220,5
153,221,3
153,222,1
153,223,0
153,224,0
153,225,0
153,226,1
153,227,1
153,228,5
153,229,4
153,230,3
153,231,3
153,232,3
153,233,4
153,234,3
153,235,5
153,236,4
153,237,1
153,238,5
153,239,2
153,240,2
153,241,3
153,242,5
153,243,2
153,244,4
153,245,2
153,246,2
153,247,0
153,248,5
153,249,5
153,250,3
153,251,1
153,252,4
153,253,0
153,254,4
153,255,2
153,256,4
153,257,2
153,258,0
153,259,4
153,260,0
153,261,2
153,262,4
153,263,3
153,264,0
153,265,2
153,266,2
153,267,3
153,268,0
153,269,5
153,270,1
153,271,4
153,272,5
153,273,2
153,274,4
153,275,5
153,276,2
153,277,4
153,278,3
153,279,4
153,280,4
153,281,5
153,282,2
153,283,5
153,284,4
153,285,5
153,286,3
153,287,0
153,288,5
153,289,3
153,290,1
153,291,1
153,292,1
154,1,4
154,2,1
154,3,2
154,4,0
154,5,1
154,6,4
154,7,2
154,8,5
154,9,0
154,10,3
154,11,2
154,12,4
154,13,1
154,14,4
154,15,3
154,16,3
154,17,5
154,18,0
154,19,4
154,20,1
154,21,5
154,22,5
154,23,5
154,24,5
154,25,1
154,26,1
154,27,2
154,28,1
154,29,5
154,30,4
154,31,2
154,32,2
154,33,2
154,34,1
154,35,0
154,36,0
154,37,0
154,38,5
154,39,1
154,40,1
154,41,2
154,42,3
154,43,4
154,44,4
154,45,5
154,46,5
154,47,2
154,48,2
154,49,5
154,50,3
154,51,5
154,52,1
154,53,3
154,54,1
154,55,1
154,56,5
154,57,3
154,58,1
154,59,3
154,60,1
154,61,3
154,62,1
154,63,0
154,64,1
154,65,4
154,66,0
154,67,4
154,68,5
154,69,2
154,70,1
154,71,5
154,72,4
154,73,5
154,74,1
154,75,0
154,76,5
154,77,5
154,78,0
154,79,5
154,80,5
154,81,2
154,82,5
154,83,4
154,84,2
154,85,1
154,86,4
154,87,5
154,88,1
154,89,3
154,90,5
154,91,2
154,92,1
154,93,5
154,94,1
154,95,2
154,96,0
154,97,3
154,98,5
154,99,2
154,100,3
154,101,4
154,102,1
154,103,4
154,104,3
154,105,5
154,106,3
154,107,2
154,108,2
154,109,3
154,110,1
154,111,5
154,112,1
154,113,5
154,114,4
154,115,1
154,116,2
154,117,0
154,118,4
154,119,1
154,120,4
154,121,0
154,122,5
154,123,0
154,124,5
154,125,5
154,126,4
154,127,4
154,128,2
154,129,4
154,130,3
154,131,1
154,132,1
154,133,3
154,134,5
154,135,4
154,136,3
154,137,1
154,138,4
154,139,3
154,140,4
154,141,1
154,142,4
154,143,3
154,144,3
154,145,5
154,146,2
154,147,4
154,148,2
154,149,4
154,150,2
154,151,4
154,152,2
154,153,3
154,154,0
154,155,1
154,156,4
154,157,2
154,158,5
154,159,5
154,160,1
154,161,0
154,162,5
154,163,5
154,164,1
154,165,4
154,166,2
154,167,2
154,168,2
154,169,4
154,170,4
154,171,0
154,172,4
154,173,2
154,174,3
154,175,0
154,176,3
154,177,3
154,178,5
154,179,0
154,180,4
154,181,2
154,182,3
154,183,0
154,184,3
154,185,2
154,186,5
154,187,2
154,188,2
154,189,0
154,190,0
154,191,5
154,192,5
154,193,5
155,1,4
155,2,0
155,3,0
155,4,4
155,5,5
155,6,0
155,7,4
155,8,0
155,9,1
155,10,1
155,11,0
155,12,1
155,13,1
155,14,2
155,15,0
155,16,4
155,17,5
155,18,5
155,19,4
155,20,5
155,21,4
155,22,5
155,23,0
155,24,4
155,25,1
155,26,0
155,27,4
155,28,5
155,29,5
155,30,3
155,31,5
155,32,0
155,33,1
155,34,0
155,35,4
155,36,0
155,37,5
155,38,5
155,39,0
155,40,0
155,41,1
155,42,5
155,43,4
155,44,4
155,45,2
155,46,3
155,47,1
155,48,2
155,49,1
155,50,3
155,51,5
155,52,3
155,53,5
155,54,5
155,55,5
155,56,4
155,57,3
155,58,1
155,59,5
155,60,2
155,61,1
155,62,1
155,63,0
155,64,3
155,65,4
155,66,1
155,67,2
155,68,4
155,69,1
155,70,0
155,71,0
155,72,0
155,73,2
155,74,0
155,75,4
155,76,1
155,77,1
155,78,3
155,79,2
155,80,3
155,81,4
155,82,1
155,83,2
155,84,5
155,85,5
155,86,3
155,87,4
155,88,4
155,89,5
155,90,3
155,91,4
155,92,3
155,93,5
155,94,4
155,95,2
155,96,4
155,97,3
155,98,2
155,99,5
155,100,3
155,101,0
155,102,3
155,103,2
155,104,2
155,105,1
155,106,0
155,107,2
155,108,5
155,109,5
155,110,5
155,111,5
155,112,0
155,113,2
155,114,4
155,115,5
155,116,3
155,117,4
155,118,1
155,119,4
155,120,3
155,121,1
155,122,2
155,123,4
155,124,4
155,125,5
155,126,2
155,127,5
155,128,3
155,129,5
155,130,4
155,131,3
155,132,5
155,133,0
155,134,0
155,135,5
155,136,2
155,137,2
155,138,0
155,139,5
155,140,5
155,141,5
155,142,5
155,143,3
155,144,0
155,145,3
155,146,4
155,147,2
155,148,4
155,149,5
155,150,0
155,151,5
155,152,0
155,153,2
155,154,5
155,155,0
155,156,5
155,157,0
155,158,3
155,159,0
155,160,4
155,161,4
155,162,2
155,163,4
155,164,0
155,165,1
155,166,3
155,167,4
155,168,2
155,169,4
155,170,4
155,171,5
155,172,1
155,173,3
155,174,2
155,175,4
155,176,3
155,177,4
155,178,1
155,179,3
155,180,0
155,181,1
155,182,0
155,183,5
155,184,0
155,185,2
155,186,1
155,187,3
155,188,5
155,189,4
155,190,2
155,191,2
155,192,3
155,193,4
155,194,1
155,195,3
155,196,0
155,197,2
155,198,5
155,199,0
155,200,1
155,201,4
155,202,1
155,203,5
155,204,3
155,205,5
155,206,2
155,207,5
155,208,2
155,209,0
155,210,5
155,211,5
155,212,3
155,213,2
155,214,5
155,215,1
155,216,3
155,217,4
155,218,4
155,219,0
155,220,1
155,221,0
155,222,5
155,223,5
155,224,3
155,225,1
155,226,0
156,1,3
156,2,5
156,3,3
156,4,5
156,5,2
156,6,4
156,7,3
156,8,5
156,9,0
156,10,4
156,11,2
156,12,4
156,13,2
156,14,4
156,15,5
156,16,3
156,17,2
156,18,0
156,19,5
156,20,3
156,21,5
156,22,3
156,23,1
156,24,5
156,25,0
156,26,4
156,27,2
156,28,0
156,29,1
156,30,5
156,31,3
156,32,5
156,33,5
156,34,3
156,35,4
156,36,4
156,37,0
156,38,4
156,39,2
156,40,4
156,41,3
156,42,3
156,43,3
156,44,5
156,45,5
156,46,5
156,47,2
156,48,3
156,49,2
156,50,4
156,51,5
156,52,4
156,53,4
156,54,4
156,55,0
156,56,4
156,57,5
156,58,0
156,59,0
156,60,1
156,61,5
156,62,5
156,63,5
156,64,2
156,65,1
156,66,4
156,67,1
156,68,2
156,69,5
156,70,2
156,71,3
156,72,5
156,73,1
156,74,1
156,75,0
156,76,3
156,77,0
156,78,0
156,79,4
156,80,2
156,81,4
156,82,4
156,83,2
156,84,0
156,85,2
156,86,2
156,87,5
156,88,4
156,89,1
156,90,5
156,91,5
156,92,2
156,93,0
156,94,0
156,95,1
156,96,4
156,97,2
156,98,3
156,99,0
156,100,5
156,101,1
156,102,5
156,103,0
156,104,3
156,105,5
156,106,5
156,107,2
156,108,4
156,109,5
156,110,1
156,111,2
156,112,0
156,113,1
156,114,5
156,115,3
156,116,3
156,117,5
156,118,5
156,119,1
156,120,2
156,121,5
156,122,3
156,123,0
156,124,4
156,125,4
156,126,5
156,127,3
156,128,3
156,129,3
156,130,4
156,131,2
156,132,1
156,133,2
156,134,0
156,135,1
156,136,1
156,137,0
156,138,3
156,139,1
156,140,5
156,141,1
156,142,5
156,143,3
156,144,0
156,145,0
156,146,0
156,147,2
156,148,0
156,149,1
156,150,5
156,151,2
156,152,5
156,153,4
156,154,0
156,155,2
156,156,3
156,157,0
156,158,3
156,159,1
156,160,4
156,161,4
156,162,5
156,163,5
156,164,0
156,165,5
156,166,5
156,167,4
156,168,5
156,169,0
156,170,4
156,171,5
156,172,2
156,173,1
156,174,1
156,175,1
156,176,3
156,177,0
156,178,5
156,179,1
156,180,4
156,181,3
156,182,5
156,183,5
156,184,4
156,185,3
156,186,1
156,187,3
156,188,0
156,189,2
156,190,3
156,191,0
156,192,0
156,193,2
156,194,5
156,195,5
156,196,5
156,197,3
156,198,4
156,199,1
156,200,0
156,201,4
156,202,5
156,203,2
156,204,1
156,205,1
156,206,5
156,207,5
156,208,4
156,209,1
156,210,1
156,211,4
156,212,5
156,213,5
156,214,5
156,215,1
156,216,4
156,217,1
156,218,3
156,219,1
156,220,4
156,221,1
156,222,2
156,223,1
156,224,5
156,225,5
156,226,4
156,227,3
156,228,5
156,229,1
156,230,2
156,231,0
156,232,2
156,233,3
156,234,0
156,235,4
156,236,5
156,237,2
156,238,2
156,239,0
156,240,5
156,241,5
156,242,2
156,243,1
156,244,3
156,245,2
156,246,4
156,247,0
156,248,0
156,249,2
156,250,1
156,251,5
156,252,5
156,253,0
156,254,2
156,255,0
156,256,3
156,257,3
156,258,5
156,259,0
156,260,5
156,261,3
156,262,1
156,263,4
156,264,5
156,265,3
156,266,3
156,267,2
156,268,1
156,269,2
156,270,3
156,271,3
156,272,2
156,273,5
156,274,0
156,275,5
156,276,0
156,277,5
156,278,0
156,279,5
156,280,2
156,281,4
156,282,5
156,283,0
156,284,5
156,285,2
156,286,5
156,287,3
156,288,1
156,289,1
156,290,5
156,291,2
156,292,1
156,293,4
156,294,1
156,295,1
156,296,0
156,297,0
156,298,0
156,299,5
157,1,0
157,2,3
157,3,1
157,4,0
157,5,3
157,6,5
157,7,4
157,8,3
157,9,3
157,10,4
157,11,3
157,12,5
157,13,3
157,14,1
157,15,4
157,16,5
157,17,0
157,18,5
157,19,4
157,20,3
157,21,5
157,22,1
157,23,2
157,24,2
157,25,3
157,26,1
157,27,4
157,28,1
157,29,2
157,30,5
157,31,5
157,32,4
157,33,2
157,34,0
157,35,0
157,36,3
157,37,5
157,38,2
157,39,0
157,40,5
157,41,2
157,42,3
157,43,3
157,44,1
157,45,2
157,46,3
157,47,1
157,48,1
157,49,0
157,50,5
157,51,0
157,52,1
157,53,1
157,54,3
157,55,5
157,56,5
157,57,4
157,58,1
157,59,0
157,60,3
157,61,1
157,62,3
157,63,3
157,64,4
157,65,1
157,66,4
157,67,2
157,68,2
157,69,5
157,70,3
157,71,5
157,72,5
157,73,5
157,74,3
157,75,5
157,76,5
157,77,5
157,78,1
157,79,5
157,80,5
157,81,4
157,82,5
157,83,1
157,84,3
157,85,1
157,86,0
157,87,2
157,88,2
157,89,5
157,90,3
157,91,0
157,92,5
157,93,5
157,94,5
157,95,5
157,96,2
157,97,2
157,98,3
157,99,3
157,100,2
157,101,5
157,102,1
157,103,3
157,104,5
157,105,0
157,106,2
157,107,5
157,108,5
157,109,5
157,110,2
157,111,0
157,112,2
157,113,3
157,114,3
157,115,4
157,116,3
157,117,5
157,118,0
157,119,4
157,120,5
157,121,3
157,122,2
157,123,5
157,124,4
157,125,1
157,126,4
157,127,4
157,128,1
157,129,4
157,130,5
157,131,1
157,132,0
157,133,3
157,134,0
157,135,3
157,136,5
157,137,2
157,138,3
157,139,2
157,140,2
157,141,3
157,142,5
157,143,5
157,144,3
157,145,3
157,146,5
157,147,2
157,148,4
157,149,3
157,150,2
157,151,5
157,152,5
157,153,2
157,154,0
157,155,3
157,156,2
157,157,4
157,158,4
157,159,4
157,160,5
157,161,4
157,162,3
157,163,2
157,164,5
157,165,0
157,166,4
157,167,4
157,168,4
157,169,3
157,170,5
157,171,5
157,172,4
157,173,5
157,174,2
157,175,1
157,176,5
157,177,5
157,178,1
157,179,5
157,180,2
157,181,2
157,182,4
157,183,3
157,184,5
157,185,4
157,186,4
157,187,2
157,188,2
157,189,5
157,190,3
157,191,1
157,192,5
157,193,4
157,194,0
157,195,1
157,196,2
157,197,1
157,198,5
157,199,5
157,200,0
157,201,1
157,202,3
157,203,0
157,204,1
157,205,2
157,206,3
157,207,4
157,208,3
157,209,2
157,210,3
157,211,4
157,212,0
157,213,3
157,214,1
157,215,5
157,216,5
157,217,3
157,218,2
157,219,4
157,220,5
157,221,4
157,222,1
157,223,1
157,224,0
157,225,5
157,226,2
157,227,5
157,228,0
157,229,4
157,230,2
157,231,2
157,232,1
157,233,1
157,234,2
157,235,0
157,236,1
157,237,1
158,1,5
158,2,5
158,3,0
158,4,0
158,5,2
158,6,2
158,7,0
158,8,1
158,9,5
158,10,3
158,11,5
158,12,2
158,13,2
158,14,0
158,15,2
158,16,0
158,17,1
158,18,0
158,19,1
158,20,5
158,21,5
158,22,5
158,23,1
158,24,2
158,25,4
158,26,4
158,27,5
158,28,3
158,29,0
158,30,3
158,31,1
158,32,0
158,33,2
158,34,5
158,35,0
158,36,5
158,37,5
158,38,2
158,39,1
158,40,3
158,41,5
158,42,4
158,43,1
158,44,5
158,45,5
158,46,3
158,47,2
158,48,4
158,49,0
158,50,5
158,51,1
158,52,5
158,53,0
158,54,2
158,55,2
158,56,1
158,57,5
158,58,4
158,59,2
158,60,5
158,61,3
158,62,3
158,63,3
158,64,2
158,65,1
158,66,5
158,67,5
158,68,0
158,69,0
158,70,4
158,71,5
158,72,1
158,73,4
158,74,1
158,75,4
158,76,0
158,77,0
158,78,5
158,79,5
158,80,2
158,81,5
158,82,1
158,83,3
158,84,0
158,85,2
158,86,5
158,87,3
158,88,2
158,89,1
158,90,5
158,91,4
158,92,2
158,93,5
158,94,2
158,95,1
158,96,0
158,97,3
158,98,1
158,99,5
158,100,5
158,101,3
158,102,2
158,103,0
158,104,3
158,105,2
158,106,1
158,107,0
158,108,5
158,109,5
158,110,5
158,111,4
158,112,3
158,113,0
158,114,2
158,115,1
158,116,2
158,117,2
158,118,3
158,119,1
158,120,4
158,121,3
158,122,3
158,123,5
158,124,5
158,125,5
158,126,0
158,127,3
158,128,2
158,129,5
158,130,2
158,131,5
158,132,5
158,133,5
158,134,3
158,135,2
158,136,5
158,137,3
158,138,0
158,139,4
158,140,2
158,141,3
158,142,1
158,143,3
158,144,5
158,145,0
158,146,3
158,147,3
158,148,0
158,149,4
158,150,4
158,151,1
158,152,4
158,153,5
158,154,5
158,155,1
158,156,5
158,157,3
158,158,2
158,159,0
158,160,3
158,161,0
158,162,2
158,163,0
158,164,0
158,165,0
158,166,0
158,167,2
158,168,4
158,169,4
158,170,0
158,171,4
158,172,2
158,173,4
158,174,2
158,175,5
158,176,5
158,177,1
158,178,5
158,179,5
158,180,2
158,181,3
158,182,2
158,183,4
158,184,1
158,185,5
158,186,1
158,187,4
158,188,3
158,189,4
158,190,0
158,191,4
158,192,3
158,193,5
158,194,0
158,195,4
158,196,0
158,197,1
158,198,5
158,199,0
158,200,2
158,201,5
158,202,3
158,203,2
158,204,2
158,205,3
158,206,0
158,207,5
158,208,4
158,209,1
158,210,4
158,211,5
158,212,5
158,213,3
158,214,2
158,215,5
158,216,3
158,217,0
158,218,4
158,219,1
158,220,1
158,221,2
158,222,3
158,223,5
158,224,0
158,225,0
158,226,2
158,227,2
158,228,3
158,229,4
158,230,3
158,231,5
158,232,5
158,233,1
158,234,2
158,235,0
158,236,0
158,237,4
158,238,1
158,239,0
158,240,3
158,241,1
158,242,4
158,243,0
158,244,0
158,245,4
158,246,5
158,247,1
158,248,5
158,249,2
158,250,5
158,251,3
158,252,1
158,253,5
158,254,4
158,255,5
158,256,3
158,257,4
158,258,1
158,259,4
158,260,3
158,261,2
158,262,1
158,263,5
158,264,4
158,265,4
158,266,2
158,267,0
158,268,4
158,269,5
158,270,4
158,271,1
158,272,5
158,273,3
158,274,1
158,275,2
158,276,2
158,277,4
158,278,2
158,279,4
158,280,2
158,281,3
158,282,2
158,283,2
158,284,4
158,285,5
158,286,1
158,287,3
158,288,5
158,289,5
158,290,0
158,291,4
158,292,1
158,293,4
158,294,3
158,295,5
158,296,1
158,297,0
158,298,2
158,299,3
158,300,5
158,301,0
158,302,5
158,303,2
158,304,5
158,305,3
158,306,5
158,307,1
158,308,1
159,1,3
159,2,3
159,3,3
159,4,0
159,5,4
159,6,3
159,7,2
159,8,5
159,9,0
159,10,2
159,11,2
159,12,4
159,13,5
159,14,3
159,15,0
159,16,5
159,17,5
159,18,5
159,19,4
159,20,0
159,21,2
159,22,5
159,23,1
159,24,3
159,25,5
159,26,5
159,27,1
159,28,1
159,29,0
159,30,2
159,31,3
159,32,5
159,33,0
159,34,1
159,35,5
159,36,3
159,37,2
159,38,0
159,39,4
159,40,0
159,41,5
159,42,5
159,43,4
159,44,5
159,45,5
159,46,4
159,47,2
159,48,3
159,49,1
159,50,0
159,51,4
159,52,5
159,53,3
159,54,4
159,55,5
159,56,2
159,57,1
159,58,1
159,59,2
159,60,2
159,61,0
159,62,4
159,63,2
159,64,4
159,65,5
159,66,2
159,67,0
159,68,4
159,69,5
159,70,1
159,71,5
159,72,1
159,73,1
159,74,1
159,75,4
159,76,5
159,77,3
159,78,1
159,79,0
159,80,3
159,81,2
159,82,4
159,83,5
159,84,1
159,85,4
159,86,3
159,87,3
159,88,5
159,89,5
159,90,5
159,91,3
159,92,5
159,93,1
159,94,5
159,95,3
159,96,5
159,97,5
159,98,3
159,99,2
159,100,5
159,101,0
159,102,2
159,103,5
159,104,5
159,105,0
159,106,5
159,107,5
159,108,1
159,109,0
159,110,2
159,111,2
159,112,5
159,113,2
159,114,1
159,115,1
159,116,2
159,117,1
159,118,2
159,119,0
159,120,1
159,121,5
159,122,3
159,123,5
159,124,0
159,125,1
159,126,5
159,127,4
159,128,4
159,129,1
159,130,1
159,131,3
159,132,0
159,133,0
159,134,5
159,135,2
159,136,0
159,137,0
159,138,4
159,139,5
159,140,4
159,141,1
159,142,4
159,143,2
159,144,4
159,145,0
159,146,5
159,147,2
159,148,2
159,149,2
159,150,1
159,151,1
159,152,5
159,153,2
159,154,5
159,155,0
159,156,5
159,157,4
159,158,3
159,159,0
159,160,2
159,161,1
159,162,1
159,163,3
159,164,2
159,165,2
159,166,3
159,167,5
159,168,5
159,169,0
159,170,1
159,171,4
159,172,5
159,173,5
159,174,5
159,175,1
159,176,5
159,177,0
159,178,1
159,179,5
159,180,3
159,181,5
159,182,3
159,183,0
159,184,2
159,185,4
159,186,0
159,187,4
159,188,2
159,189,1
159,190,3
159,191,5
159,192,3
159,193,5
159,194,2
159,195,4
159,196,2
159,197,5
159,198,2
159,199,5
159,200,1
159,201,3
159,202,5
159,203,3
159,204,0
159,205,3
159,206,5
159,207,4
159,208,5
159,209,5
159,210,4
159,211,2
159,212,1
159,213,5
159,214,3
159,215,3
159,216,0
159,217,2
159,218,5
159,219,0
159,220,0
159,221,4
159,222,3
159,223,5
159,224,3
159,225,4
159,226,5
159,227,4
159,228,5
159,229,3
159,230,2
159,231,3
159,232,1
159,233,2
159,234,2
159,235,0
159,236,3
159,237,2
159,238,4
159,239,0
159,240,1
159,241,5
160,1,2
160,2,3
160,3,5
160,4,5
160,5,3
160,6,5
160,7,3
160,8,3
160,9,5
160,10,1
160,11,2
160,12,4
160,13,5
160,14,3
160,15,0
160,16,5
160,17,5
160,18,3
160,19,0
160,20,5
160,21,5
160,22,3
160,23,1
160,24,2
160,25,4
160,26,5
160,27,4
160,28,4
160,29,5
160,30,4
160,31,4
160,32,4
160,33,3
160,34,3
160,35,3
160,36,3
160,37,5
160,38,2
160,39,5
160,40,1
160,41,3
160,42,0
160,43,3
160,44,2
160,45,3
160,46,0
160,47,1
160,48,0
160,49,5
160,50,5
160,51,4
160,52,5
160,53,3
160,54,5
160,55,5
160,56,4
160,57,4
160,58,2
160,59,2
160,60,0
160,61,1
160,62,3
160,63,2
160,64,5
160,65,5
160,66,4
160,67,3
160,68,1
160,69,2
160,70,0
160,71,1
160,72,1
160,73,0
160,74,1
160,75,4
160,76,0
160,77,5
160,78,1
160,79,0
160,80,0
160,81,1
160,82,5
160,83,2
160,84,2
160,85,5
160,86,0
160,87,5
160,88,2
160,89,2
160,90,1
160,91,4
160,92,0
160,93,5
160,94,0
160,95,3
160,96,5
160,97,0
160,98,0
160,99,4
160,100,5
160,101,0
160,102,4
160,103,2
160,104,3
160,105,5
160,106,3
160,107,4
160,108,4
160,109,3
160,110,4
160,111,5
160,112,0
160,113,5
160,114,3
160,115,3
160,116,2
160,117,2
160,118,4
160,119,3
160,120,5
160,121,0
160,122,5
160,123,4
160,124,3
160,125,2
160,126,4
160,127,4
160,128,1
160,129,5
160,130,0
160,131,5
160,132,1
160,133,5
160,134,2
160,135,4
160,136,3
160,137,1
160,138,3
160,139,3
160,140,1
160,141,5
160,142,3
160,143,5
160,144,0
160,145,4
160,146,1
160,147,3
160,148,3
160,149,3
160,150,5
160,151,5
160,152,5
160,153,2
160,154,3
160,155,4
160,156,5
160,157,2
160,158,2
160,159,4
160,160,4
160,161,2
160,162,3
160,163,3
160,164,5
160,165,0
160,166,3
160,167,3
160,168,0
160,169,1
160,170,5
160,171,5
160,172,3
160,173,5
160,174,0
160,175,4
160,176,4
160,177,5
160,178,0
160,179,5
160,180,1
160,181,4
160,182,4
160,183,5
160,184,5
160,185,5
160,186,1
160,187,1
160,188,2
160,189,4
160,190,1
160,191,0
160,192,0
160,193,0
160,194,5
160,195,2
160,196,1
160,197,1
160,198,2
160,199,4
160,200,4
160,201,1
160,202,5
160,203,0
160,204,1
160,205,2
160,206,1
160,207,2
160,208,3
160,209,3
160,210,3
160,211,0
160,212,5
161,1,0
161,2,2
161,3,1
161,4,0
161,5,1
161,6,1
161,7,0
161,8,3
161,9,2
161,10,0
161,11,2
161,12,2
161,13,5
161,14,1
161,15,5
161,16,3
161,17,0
161,18,4
161,19,4
161,20,1
161,21,5
161,22,4
161,23,5
161,24,1
161,25,5
161,26,0
161,27,4
161,28,2
161,29,4
161,30,5
161,31,5
161,32,5
161,33,5
161,34,5
161,35,1
161,36,5
161,37,2
161,38,5
161,39,4
161,40,4
161,41,4
161,42,4
161,43,4
161,44,2
161,45,5
161,46,3
161,47,2
161,48,1
161,49,0
161,50,5
161,51,0
161,52,1
161,53,5
161,54,2
161,55,5
161,56,5
161,57,5
161,58,1
161,59,5
161,60,0
161,61,0
161,62,5
161,63,3
161,64,3
161,65,3
161,66,4
161,67,4
161,68,1
161,69,3
161,70,5
161,71,5
161,72,5
161,73,3
161,74,2
161,75,3
161,76,2
161,77,4
161,78,1
161,79,4
161,80,4
161,81,1
161,82,1
161,83,1
161,84,5
161,85,1
161,86,3
161,87,3
161,88,3
161,89,5
161,90,5
161,91,4
161,92,0
161,93,2
161,94,0
161,95,1
161,96,1
161,97,5
161,98,1
161,99,5
161,100,2
161,101,5
161,102,5
161,103,2
161,104,5
161,105,3
161,106,3
161,107,0
161,108,0
161,109,0
161,110,4
161,111,4
161,112,4
161,113,4
161,114,0
161,115,0
161,116,3
161,117,2
161,118,5
161,119,4
161,120,4
161,121,2
161,122,3
161,123,4
161,124,1
161,125,3
161,126,3
161,127,4
161,128,3
161,129,5
161,130,0
161,131,5
161,132,4
161,133,0
161,134,1
161,135,5
161,136,5
161,137,0
161,138,1
161,139,4
161,140,1
161,141,0
161,142,3
161,143,4
161,144,3
161,145,1
161,146,5
161,147,1
161,148,3
161,149,2
161,150,1
161,151,3
161,152,1
161,153,2
161,154,5
161,155,0
161,156,0
161,157,1
161,158,0
161,159,0
161,160,2
161,161,1
161,162,5
161,163,2
161,164,5
161,165,4
161,166,3
161,167,1
161,168,0
161,169,1
161,170,1
161,171,2
161,172,5
161,173,4
161,174,4
161,175,4
161,176,2
161,177,5
161,178,4
161,179,5
161,180,3
161,181,0
161,182,1
161,183,3
161,184,5
161,185,5
161,186,5
161,187,2
161,188,2
161,189,5
161,190,0
161,191,0
161,192,2
161,193,2
161,194,0
161,195,3
161,196,2
161,197,3
161,198,4
161,199,0
161,200,1
161,201,5
161,202,5
161,203,5
161,204,4
161,205,5
161,206,3
161,207,5
161,208,2
161,209,3
161,210,5
161,211,0
161,212,5
161,213,5
161,214,5
161,215,4
161,216,4
161,217,5
161,218,0
161,219,1
161,220,5
161,221,2
161,222,3
161,223,0
161,224,5
162,1,5
162,2,0
162,3,5
162,4,3
162,5,2
162,6,4
162,7,1
162,8,5
162,9,5
162,10,4
162,11,2
162,12,3
162,13,5
162,14,2
162,15,0
162,16,0
162,17,0
162,18,5
162,19,3
162,20,5
162,21,1
162,22,3
162,23,5
162,24,2
162,25,5
162,26,2
162,27,4
162,28,1
162,29,2
162,30,4
162,31,5
162,32,2
162,33,0
162,34,5
162,35,5
162,36,0
162,37,3
162,38,2
162,39,4
162,40,4
162,41,0
162,42,5
162,43,1
162,44,0
162,45,2
162,46,2
162,47,1
162,48,4
162,49,3
162,50,5
162,51,5
162,52,2
162,53,4
162,54,4
162,55,5
162,56,0
162,57,3
162,58,0
162,59,2
162,60,5
162,61,2
162,62,5
162,63,2
162,64,1
162,65,4
162,66,2
162,67,4
162,68,4
162,69,2
162,70,3
162,71,5
162,72,5
162,73,3
162,74,1
162,75,1
162,76,3
162,77,3
162,78,4
162,79,4
162,80,3
162,81,3
162,82,2
162,83,4
162,84,3
162,85,3
162,86,2
162,87,4
162,88,0
162,89,5
162,90,2
162,91,1
162,92,1
162,93,2
162,94,4
162,95,0
162,96,3
162,97,1
162,98,0
162,99,1
162,100,5
162,101,0
162,102,5
162,103,5
162,104,2
162,105,4
162,106,4
162,107,1
162,108,5
162,109,5
162,110,1
162,111,2
162,112,2
162,113,2
162,114,4
162,115,0
162,116,1
162,117,5
162,118,2
162,119,0
162,120,2
162,121,2
162,122,1
162,123,5
162,124,3
162,125,0
162,126,3
162,127,1
162,128,3
162,129,5
162,130,0
162,131,3
162,132,0
162,133,5
162,134,4
162,135,1
162,136,3
162,137,4
162,138,2
162,139,0
162,140,4
162,141,1
162,142,4
162,143,2
162,144,2
162,145,4
162,146,3
162,147,3
162,148,2
162,149,5
162,150,2
162,151,3
162,152,2
162,153,2
162,154,2
162,155,3
162,156,1
162,157,5
162,158,5
162,159,5
162,160,0
162,161,5
162,162,2
162,163,5
162,164,4
162,165,1
162,166,3
162,167,5
162,168,4
162,169,1
162,170,2
162,171,5
162,172,0
162,173,0
162,174,0
162,175,5
162,176,5
162,177,4
162,178,5
162,179,4
162,180,4
162,181,1
162,182,1
162,183,5
162,184,2
162,185,0
162,186,4
162,187,4
162,188,3
162,189,5
162,190,0
162,191,3
162,192,4
162,193,0
162,194,1
163,1,3
163,2,0
163,3,1
163,4,0
163,5,3
163,6,5
163,7,5
163,8,1
163,9,5
163,10,2
163,11,2
163,12,5
163,13,3
163,14,0
163,15,3
163,16,2
163,17,2
163,18,4
163,19,3
163,20,0
163,21,4
163,22,4
163,23,4
163,24,5
163,25,0
163,26,1
163,27,1
163,28,0
163,29,4
163,30,3
163,31,1
163,32,1
163,33,5
163,34,1
163,35,0
163,36,5
163,37,5
163,38,0
163,39,5
163,40,0
163,41,1
163,42,2
163,43,4
163,44,3
163,45,4
163,46,5
163,47,4
163,48,1
163,49,1
163,50,4
163,51,2
163,52,5
163,53,0
163,54,2
163,55,5
163,56,0
163,57,0
163,58,5
163,59,2
163,60,0
163,61,5
163,62,2
163,63,0
163,64,2
163,65,0
163,66,0
163,67,3
163,68,5
163,69,3
163,70,4
163,71,1
163,72,0
163,73,5
163,74,3
163,75,4
163,76,0
163,77,4
163,78,5
163,79,5
163,80,0
163,81,4
163,82,5
163,83,1
163,84,4
163,85,3
163,86,1
163,87,0
163,88,3
163,89,5
163,90,5
163,91,0
163,92,2
163,93,5
163,94,1
163,95,0
163,96,5
163,97,0
163,98,1
163,99,5
163,100,2
163,101,4
163,102,1
163,103,2
163,104,3
163,105,0
163,106,3
163,107,2
163,108,5
163,109,5
163,110,5
163,111,2
163,112,1
163,113,1
163,114,2
163,115,0
163,116,4
163,117,0
163,118,4
163,119,3
163,120,1
163,121,1
163,122,5
163,123,4
163,124,0
163,125,3
163,126,5
163,127,5
163,128,4
163,129,5
163,130,3
163,131,3
163,132,1
163,133,3
163,134,5
163,135,2
163,136,0
163,137,0
163,138,2
163,139,4
163,140,3
163,141,2
163,142,0
163,143,3
163,144,2
163,145,3
163,146,5
163,147,0
163,148,4
163,149,2
163,150,2
163,151,5
163,152,1
163,153,3
163,154,1
163,155,3
163,156,1
163,157,3
163,158,1
163,159,2
163,160,0
163,161,3
163,162,1
163,163,5
163,164,5
163,165,4
163,166,1
163,167,5
163,168,4
163,169,4
163,170,5
163,171,0
163,172,3
163,173,1
163,174,1
163,175,5
163,176,2
163,177,3
163,178,3
163,179,5
163,180,3
163,181,1
163,182,2
163,183,2
163,184,3
163,185,5
163,186,5
163,187,4
163,188,1
163,189,2
163,190,5
163,191,2
163,192,1
163,193,5
163,194,1
163,195,1
163,196,4
163,197,5
163,198,5
163,199,5
163,200,1
163,201,5
163,202,3
163,203,5
164,1,0
164,2,3
164,3,5
164,4,3
164,5,3
164,6,0
164,7,4
164,8,1
164,9,5
164,10,5
164,11,3
164,12,2
164,13,5
164,14,4
164,15,4
164,16,4
164,17,0
164,18,5
164,19,4
164,20,0
164,21,0
164,22,2
164,23,1
164,24,2
164,25,0
164,26,3
164,27,2
164,28,5
164,29,2
164,30,3
164,31,0
164,32,4
164,33,0
164,34,1
164,35,0
164,36,1
164,37,4
164,38,1
164,39,0
164,40,4
164,41,4
164,42,5
164,43,5
164,44,0
164,45,3
164,46,3
164,47,1
164,48,4
164,49,2
164,50,3
164,51,0
164,52,5
164,53,3
164,54,4
164,55,1
164,56,5
164,57,0
164,58,2
164,59,4
164,60,5
164,61,3
164,62,4
164,63,0
164,64,5
164,65,3
164,66,0
164,67,4
164,68,4
164,69,3
164,70,0
164,71,1
164,72,1
164,73,5
164,74,3
164,75,5
164,76,2
164,77,1
164,78,1
164,79,1
164,80,2
164,81,5
164,82,1
164,83,5
164,84,2
164,85,4
164,86,2
164,87,0
164,88,2
164,89,4
164,90,5
164,91,4
164,92,5
164,93,5
164,94,4
164,95,5
164,96,5
164,97,3
164,98,3
164,99,2
164,100,5
164,101,4
164,102,5
164,103,1
164,104,3
164,105,0
164,106,3
164,107,3
164,108,2
164,109,3
164,110,2
164,111,2
164,112,2
164,113,2
164,114,0
164,115,1
164,116,3
164,117,5
164,118,5
164,119,5
164,120,5
164,121,4
164,122,4
164,123,3
164,124,4
164,125,1
164,126,3
164,127,3
164,128,2
164,129,5
164,130,0
164,131,3
164,132,2
164,133,3
164,134,5
164,135,0
164,136,2
164,137,2
164,138,4
164,139,3
164,140,5
164,141,0
164,142,5
164,143,1
164,144,1
164,145,5
164,146,5
164,147,4
164,148,0
164,149,5
164,150,4
164,151,0
164,152,1
164,153,3
164,154,2
164,155,5
164,156,0
164,157,5
164,158,1
164,159,5
164,160,2
164,161,3
164,162,5
164,163,2
164,164,2
164,165,5
164,166,0
164,167,1
164,168,4
164,169,0
164,170,5
164,171,4
164,172,0
164,173,2
164,174,3
164,175,4
164,176,4
164,177,4
164,178,1
164,179,2
164,180,2
164,181,5
164,182,2
164,183,5
164,184,2
164,185,2
164,186,0
164,187,2
164,188,0
164,189,0
164,190,1
164,191,5
164,192,5
164,193,5
164,194,0
164,195,5
164,196,3
164,197,1
164,198,2
164,199,0
164,200,5
164,201,5
164,202,0
164,203,1
164,204,1
164,205,5
164,206,4
164,207,2
164,208,0
164,209,4
164,210,4
164,211,1
164,212,0
164,213,1
164,214,4
164,215,2
164,216,3
164,217,5
164,218,5
164,219,5
164,220,2
164,221,3
164,222,1
164,223,5
164,224,3
164,225,3
164,226,0
164,227,3
164,228,4
164,229,2
164,230,0
164,231,1
164,232,0
164,233,5
164,234,3
164,235,4
164,236,3
164,237,5
164,238,5
164,239,2
164,240,2
164,241,4
164,242,2
164,243,1
164,244,4
164,245,1
164,246,1
164,247,4
164,248,2
164,249,5
165,1,0
165,2,5
165,3,4
165,4,0
165,5,2
165,6,0
165,7,5
165,8,5
165,9,3
165,10,4
165,11,5
165,12,5
165,13,2
165,14,2
165,15,0
165,16,3
165,17,5
165,18,5
165,19,5
165,20,2
165,21,1
165,22,5
165,23,0
165,24,1
165,25,1
165,26,1
165,27,5
165,28,1
165,29,5
165,30,0
165,31,5
165,32,0
165,33,5
165,34,5
165,35,4
165,36,4
165,37,2
165,38,5
165,39,2
165,40,2
165,41,3
165,42,2
165,43,3
165,44,5
165,45,1
165,46,4
165,47,5
165,48,5
165,49,4
165,50,4
165,51,0
165,52,3
165,53,4
165,54,1
165,55,3
165,56,1
165,57,1
165,58,4
165,59,5
165,60,4
165,61,2
165,62,1
165,63,0
165,64,4
165,65,1
165,66,2
165,67,5
165,68,2
165,69,5
165,70,4
165,71,0
165,72,0
165,73,1
165,74,3
165,75,1
165,76,5
165,77,4
165,78,4
165,79,1
165,80,1
165,81,2
165,82,4
165,83,0
165,84,0
165,85,1
165,86,4
165,87,1
165,88,5
165,89,4
165,90,0
165,91,2
165,92,5
165,93,2
165,94,3
165,95,2
165,96,1
165,97,0
165,98,0
165,99,1
165,100,2
165,101,5
165,102,1
165,103,2
165,104,2
165,105,2
165,106,0
165,107,1
165,108,5
165,109,3
165,110,5
165,111,1
165,112,1
165,113,2
165,114,1
165,115,5
165,116,5
165,117,2
165,118,1
165,119,1
165,120,0
165,121,0
165,122,5
165,123,5
165,124,5
165,125,5
165,126,3
165,127,1
165,128,3
165,129,4
165,130,4
165,131,3
165,132,1
165,133,5
165,134,0
165,135,3
165,136,0
165,137,5
165,138,5
165,139,4
165,140,5
165,141,5
165,142,3
165,143,0
165,144,5
165,145,3
165,146,5
165,147,2
165,148,0
165,149,1
165,150,3
165,151,0
165,152,2
165,153,0
165,154,1
165,155,3
165,156,5
165,157,3
165,158,2
165,159,5
165,160,1
165,161,5
165,162,2
165,163,4
165,164,2
165,165,4
166,1,5
166,2,0
166,3,0
166,4,0
166,5,1
166,6,5
166,7,0
166,8,4
166,9,1
166,10,0
166,11,1
166,12,3
166,13,2
166,14,4
166,15,2
166,16,0
166,17,2
166,18,1
166,19,3
166,20,5
166,21,5
166,22,3
166,23,5
166,24,0
166,25,4
166,26,5
166,27,4
166,28,2
166,29,5
166,30,5
166,31,5
166,32,4
166,33,0
166,34,1
166,35,2
166,36,4
166,37,5
166,38,1
166,39,5
166,40,5
166,41,3
166,42,2
166,43,3
166,44,3
166,45,4
166,46,5
166,47,2
166,48,0
166,49,5
166,50,5
166,51,4
166,52,2
166,53,5
166,54,5
166,55,1
166,56,3
166,57,2
166,58,1
166,59,5
166,60,5
166,61,4
166,62,3
166,63,3
166,64,4
166,65,1
166,66,2
166,67,1
166,68,1
166,69,1
166,70,1
166,71,4
166,72,0
166,73,5
166,74,4
166,75,2
166,76,0
166,77,5
166,78,5
166,79,0
166,80,3
166,81,2
166,82,1
166,83,4
166,84,5
166,85,2
166,86,5
166,87,0
166,88,2
166,89,3
166,90,2
166,91,4
166,92,2
166,93,5
166,94,5
166,95,5
166,96,0
166,97,0
166,98,1
166,99,5
166,100,0
166,101,5
166,102,3
166,103,2
166,104,0
166,105,0
166,106,1
166,107,4
166,108,0
166,109,4
166,110,1
166,111,5
166,112,0
166,113,4
166,114,0
166,115,5
166,116,3
166,117,1
166,118,4
166,119,4
166,120,5
166,121,1
166,122,3
166,123,2
166,124,2
166,125,5
166,126,0
166,127,5
166,128,0
166,129,3
166,130,1
166,131,5
166,132,5
166,133,3
166,134,1
166,135,1
166,136,1
166,137,5
166,138,2
166,139,2
166,140,4
166,141,3
166,142,3
166,143,5
166,144,2
166,145,1
166,146,4
166,147,1
166,148,1
166,149,4
166,150,5
166,151,2
166,152,1
166,153,5
166,154,1
166,155,1
166,156,3
166,157,2
166,158,0
166,159,5
166,160,5
166,161,4
166,162,0
166,163,3
166,164,3
166,165,3
166,166,1
166,167,2
166,168,4
166,169,0
166,170,5
166,171,3
166,172,5
166,173,4
166,174,5
166,175,2
166,176,0
166,177,0
166,178,1
166,179,5
166,180,3
166,181,1
166,182,2
166,183,1
166,184,4
166,185,2
166,186,5
166,187,5
166,188,5
166,189,3
166,190,2
166,191,4
166,192,5
166,193,1
166,194,5
166,195,1
166,196,5
166,197,0
166,198,5
166,199,5
166,200,5
166,201,0
166,202,5
166,203,3
166,204,5
167,1,5
167,2,0
167,3,2
167,4,2
167,5,4
167,6,2
167,7,1
167,8,0
167,9,5
167,10,3
167,11,4
167,12,5
167,13,4
167,14,3
167,15,1
167,16,3
167,17,3
167,18,2
167,19,0
167,20,1
167,21,3
167,22,5
167,23,3
167,24,2
167,25,3
167,26,5
167,27,0
167,28,5
167,29,4
167,30,1
167,31,4
167,32,2
167,33,4
167,34,2
167,35,0
167,36,3
167,37,5
167,38,1
167,39,3
167,40,3
167,41,2
167,42,5
167,43,1
167,44,2
167,45,5
167,46,2
167,47,4
167,48,5
167,49,0
167,50,5
167,51,4
167,52,5
167,53,4
167,54,2
167,55,2
167,56,4
167,57,1
167,58,3
167,59,0
167,60,5
167,61,2
167,62,2
167,63,2
167,64,1
167,65,0
167,66,5
167,67,0
167,68,5
167,69,5
167,70,4
167,71,5
167,72,0
167,73,1
167,74,3
167,75,0
167,76,5
167,77,5
167,78,4
167,79,3
167,80,2
167,81,2
167,82,5
167,83,0
167,84,4
167,85,2
167,86,3
167,87,1
167,88,3
167,89,1
167,90,4
167,91,5
167,92,0
167,93,2
167,94,4
167,95,2
167,96,1
167,97,3
167,98,1
167,99,4
167,100,1
167,101,5
167,102,4
167,103,1
167,104,2
167,105,5
167,106,0
167,107,0
167,108,5
167,109,5
167,110,1
167,111,0
167,112,1
167,113,1
167,114,3
167,115,0
167,116,5
167,117,0
167,118,4
167,119,3
167,120,2
167,121,5
167,122,2
167,123,4
167,124,0
167,125,2
167,126,3
167,127,5
167,128,1
167,129,1
167,130,1
167,131,5
167,132,2
167,133,0
167,134,5
167,135,2
167,136,2
167,137,3
167,138,2
167,139,5
167,140,4
167,141,3
167,142,5
167,143,2
167,144,5
167,145,2
167,146,0
167,147,1
167,148,2
167,149,1
167,150,4
167,151,0
167,152,4
167,153,2
167,154,2
167,155,1
167,156,0
167,157,4
167,158,1
167,159,5
167,160,4
167,161,5
167,162,3
167,163,0
167,164,3
167,165,0
167,166,5
167,167,5
167,168,2
167,169,5
167,170,0
167,171,0
167,172,0
167,173,5
167,174,2
167,175,4
167,176,2
167,177,1
167,178,2
167,179,1
167,180,4
167,181,1
167,182,5
167,183,0
167,184,4
167,185,2
167,186,2
167,187,4
167,188,5
167,189,0
167,190,5
167,191,5
167,192,5
167,193,4
167,194,2
167,195,0
167,196,1
167,197,3
167,198,5
167,199,2
167,200,5
167,201,4
167,202,1
167,203,2
167,204,3
167,205,0
167,206,0
167,207,2
167,208,2
167,209,0
167,210,4
167,211,1
167,212,3
167,213,1
167,214,4
167,215,1
167,216,5
167,217,1
167,218,3
167,219,4
167,220,5
167,221,3
167,222,4
167,223,3
167,224,2
167,225,4
167,226,4
167,227,0
167,228,3
167,229,5
167,230,0
167,231,2
167,232,1
168,1,2
168,2,0
168,3,1
168,4,0
168,5,3
168,6,5
168,7,0
168,8,1
168,9,2
168,10,2
168,11,1
168,12,0
168,13,2
168,14,5
168,15,5
168,16,5
168,17,5
168,18,3
168,19,3
168,20,5
168,21,3
168,22,5
168,23,4
168,24,3
168,25,5
168,26,0
168,27,4
168,28,3
168,29,4
168,30,3
168,31,4
168,32,2
168,33,4
168,34,2
168,35,0
168,36,0
168,37,5
168,38,3
168,39,5
168,40,3
168,41,4
168,42,0
168,43,1
168,44,2
168,45,2
168,46,5
168,47,3
168,48,2
168,49,4
168,50,4
168,51,2
168,52,3
168,53,5
168,54,0
168,55,5
168,56,5
168,57,4
168,58,1
168,59,0
168,60,4
168,61,5
168,62,5
168,63,3
168,64,4
168,65,0
168,66,1
168,67,1
168,68,2
168,69,4
168,70,0
168,71,1
168,72,5
168,73,0
168,74,0
168,75,0
168,76,2
168,77,5
168,78,5
168,79,0
168,80,5
168,81,0
168,82,5
168,83,0
168,84,2
168,85,3
168,86,0
168,87,5
168,88,2
168,89,5
168,90,4
168,91,5
168,92,5
168,93,5
168,94,2
168,95,4
168,96,5
168,97,0
168,98,3
168,99,4
168,100,5
168,101,0
168,102,5
168,103,5
168,104,4
168,105,1
168,106,5
168,107,3
168,108,1
168,109,3
168,110,5
168,111,2
168,112,5
168,113,5
168,114,1
168,115,1
168,116,4
168,117,1
168,118,1
168,119,0
168,120,1
168,121,5
168,122,5
168,123,1
168,124,1
168,125,1
168,126,4
168,127,1
168,128,0
168,129,1
168,130,5
168,131,0
168,132,4
168,133,3
168,134,4
168,135,5
168,136,3
168,137,3
168,138,3
168,139,3
168,140,3
168,141,2
168,142,0
168,143,3
168,144,5
168,145,5
168,146,2
168,147,0
168,148,1
168,149,4
168,150,5
168,151,2
168,152,5
168,153,0
168,154,4
168,155,3
168,156,5
168,157,4
168,158,1
168,159,3
168,160,3
168,161,2
168,162,5
168,163,3
168,164,5
168,165,0
168,166,0
168,167,1
168,168,0
168,169,4
168,170,3
168,171,5
168,172,4
168,173,2
168,174,0
168,175,4
168,176,2
168,177,5
168,178,5
168,179,1
168,180,2
168,181,5
168,182,0
168,183,0
168,184,0
168,185,2
168,186,4
168,187,4
168,188,1
168,189,3
168,190,2
168,191,3
168,192,0
168,193,5
168,194,1
168,195,3
168,196,4
168,197,2
168,198,4
168,199,2
168,200,0
168,201,1
168,202,4
168,203,4
168,204,1
168,205,5
168,206,2
168,207,0
168,208,2
168,209,1
168,210,4
168,211,2
168,212,5
168,213,1
168,214,2
168,215,2
168,216,2
168,217,5
169,1,1
169,2,5
169,3,3
169,4,0
169,5,4
169,6,4
169,7,2
169,8,3
169,9,2
169,10,2
169,11,1
169,12,4
169,13,1
169,14,4
169,15,0
169,16,3
169,17,1
169,18,3
169,19,2
169,20,0
169,21,5
169,22,3
169,23,3
169,24,5
169,25,3
169,26,3
169,27,4
169,28,1
169,29,3
169,30,2
169,31,3
169,32,5
169,33,2
169,34,5
169,35,3
169,36,5
169,37,4
169,38,4
169,39,0
169,40,5
169,41,5
169,42,4
169,43,3
169,44,1
169,45,2
169,46,0
169,47,2
169,48,5
169,49,0
169,50,5
169,51,0
169,52,4
169,53,5
169,54,5
169,55,3
169,56,2
169,57,3
169,58,4
169,59,2
169,60,2
169,61,5
169,62,4
169,63,2
169,64,3
169,65,5
169,66,5
169,67,2
169,68,2
169,69,5
169,70,4
169,71,1
169,72,4
169,73,4
169,74,2
169,75,5
169,76,2
169,77,2
169,78,4
169,79,5
169,80,1
169,81,4
169,82,0
169,83,1
169,84,5
169,85,5
169,86,5
169,87,0
169,88,3
169,89,3
169,90,1
169,91,3
169,92,5
169,93,0
169,94,4
169,95,3
169,96,0
169,97,1
169,98,2
169,99,0
169,100,5
169,101,3
169,102,2
169,103,5
169,104,1
169,105,2
169,106,4
169,107,2
169,108,4
169,109,5
169,110,1
169,111,5
169,112,4
169,113,0
169,114,5
169,115,5
169,116,0
169,117,0
169,118,2
169,119,3
169,120,0
169,121,3
169,122,1
169,123,5
169,124,1
169,125,5
169,126,0
169,127,1
169,128,4
169,129,4
169,130,0
169,131,3
169,132,1
169,133,2
169,134,2
169,135,1
169,136,4
169,137,1
169,138,5
169,139,5
169,140,5
169,141,4
169,142,4
169,143,0
169,144,0
169,145,5
169,146,3
169,147,5
169,148,3
169,149,5
169,150,4
169,151,1
169,152,2
169,153,0
169,154,5
169,155,4
169,156,3
169,157,5
169,158,0
169,159,1
169,160,5
169,161,4
169,162,0
169,163,0
169,164,5
169,165,0
169,166,4
169,167,0
169,168,5
169,169,3
169,170,0
169,171,3
169,172,0
169,173,5
169,174,1
169,175,2
169,176,5
169,177,0
169,178,5
169,179,0
169,180,1
169,181,5
169,182,1
169,183,2
169,184,1
169,185,5
170,1,2
170,2,0
170,3,3
170,4,2
170,5,3
170,6,4
170,7,1
170,8,1
170,9,4
170,10,5
170,11,4
170,12,1
170,13,4
170,14,5
170,15,5
170,16,3
170,17,2
170,18,1
170,19,0
170,20,5
170,21,2
170,22,5
170,23,4
170,24,1
170,25,0
170,26,3
170,27,0
170,28,0
170,29,2
170,30,1
170,31,3
170,32,5
170,33,1
170,34,4
170,35,0
170,36,5
170,37,1
170,38,2
170,39,3
170,40,4
170,41,2
170,42,4
170,43,5
170,44,5
170,45,0
170,46,1
170,47,5
170,48,0
170,49,3
170,50,0
170,51,2
170,52,5
170,53,5
170,54,0
170,55,0
170,56,3
170,57,4
170,58,3
170,59,5
170,60,0
170,61,0
170,62,4
170,63,1
170,64,5
170,65,1
170,66,0
170,67,5
170,68,3
170,69,5
170,70,1
170,71,3
170,72,3
170,73,1
170,74,0
170,75,5
170,76,0
170,77,5
170,78,2
170,79,1
170,80,0
170,81,2
170,82,0
170,83,5
170,84,2
170,85,2
170,86,3
170,87,3
170,88,1
170,89,0
170,90,5
170,91,2
170,92,3
170,93,1
170,94,3
170,95,1
170,96,4
170,97,3
170,98,5
170,99,4
170,100,3
170,101,3
170,102,3
170,103,5
170,104,3
170,105,1
170,106,4
170,107,1
170,108,3
170,109,1
170,110,1
170,111,4
170,112,5
170,113,5
170,114,3
170,115,0
170,116,0
170,117,4
170,118,4
170,119,0
170,120,1
170,121,0
170,122,0
170,123,5
170,124,2
170,125,5
170,126,3
170,127,1
170,128,1
170,129,2
170,130,5
170,131,3
170,132,3
170,133,5
170,134,5
170,135,0
170,136,1
170,137,0
170,138,2
170,139,4
170,140,5
170,141,3
170,142,2
170,143,2
170,144,3
170,145,5
170,146,5
170,147,5
170,148,5
170,149,2
170,150,1
170,151,3
170,152,4
170,153,4
170,154,5
170,155,5
170,156,5
170,157,5
170,158,4
170,159,5
170,160,1
170,161,4
170,162,5
170,163,2
170,164,1
170,165,5
170,166,5
170,167,0
170,168,5
170,169,4
170,170,5
170,171,2
170,172,5
170,173,4
170,174,1
170,175,5
170,176,0
170,177,0
170,178,4
170,179,5
171,1,4
171,2,0
171,3,0
171,4,5
171,5,2
171,6,2
171,7,5
171,8,2
171,9,3
171,10,5
171,11,3
171,12,5
171,13,4
171,14,5
171,15,2
171,16,2
171,17,0
171,18,4
171,19,5
171,20,3
171,21,3
171,22,1
171,23,2
171,24,3
171,25,0
171,26,1
171,27,3
171,28,1
171,29,5
171,30,0
171,31,5
171,32,1
171,33,4
171,34,0
171,35,5
171,36,4
171,37,5
171,38,5
171,39,5
171,40,1
171,41,4
171,42,4
171,43,5
171,44,5
171,45,4
171,46,4
171,47,4
171,48,4
171,49,2
171,50,3
171,51,5
171,52,4
171,53,0
171,54,5
171,55,5
171,56,5
171,57,0
171,58,0
171,59,0
171,60,2
171,61,3
171,62,3
171,63,0
171,64,2
171,65,3
171,66,5
171,67,4
171,68,3
171,69,0
171,70,0
171,71,1
171,72,3
171,73,2
171,74,5
171,75,1
171,76,3
171,77,1
171,78,0
171,79,3
171,80,2
171,81,4
171,82,5
171,83,0
171,84,4
171,85,1
171,86,5
171,87,3
171,88,2
171,89,2
171,90,4
171,91,5
171,92,1
171,93,4
171,94,5
171,95,4
171,96,1
171,97,5
171,98,3
171,99,4
171,100,5
171,101,4
171,102,3
171,103,5
171,104,1
171,105,4
171,106,1
171,107,4
171,108,5
171,109,3
171,110,5
171,111,5
171,112,2
171,113,0
171,114,5
171,115,0
171,116,2
171,117,4
171,118,5
171,119,5
171,120,5
171,121,0
171,122,0
171,123,1
171,124,5
171,125,5
171,126,1
171,127,1
171,128,5
171,129,2
171,130,3
171,131,5
171,132,0
171,133,5
171,134,5
171,135,0
171,136,0
171,137,0
171,138,5
171,139,1
171,140,1
171,141,5
171,142,5
171,143,1
171,144,2
171,145,1
171,146,2
171,147,1
171,148,2
171,149,1
171,150,1
171,151,3
171,152,0
171,153,4
171,154,1
171,155,3
171,156,2
171,157,3
171,158,4
171,159,0
171,160,2
171,161,3
171,162,3
171,163,0
171,164,4
171,165,5
171,166,3
171,167,5
171,168,0
171,169,1
171,170,5
171,171,0
171,172,5
171,173,2
171,174,4
171,175,2
171,176,1
171,177,5
171,178,2
171,179,5
171,180,1
171,181,3
171,182,4
171,183,2
171,184,3
171,185,0
171,186,5
171,187,2
171,188,3
171,189,0
171,190,1
171,191,5
171,192,3
171,193,0
171,194,5
171,195,3
171,196,1
171,197,0
171,198,4
171,199,1
171,200,5
171,201,5
171,202,3
171,203,4
171,204,3
171,205,0
171,206,2
171,207,4
171,208,5
171,209,5
171,210,1
171,211,1
171,212,3
171,213,3
171,214,5
171,215,2
171,216,5
171,217,1
171,218,0
171,219,2
171,220,5
171,221,5
171,222,3
171,223,5
171,224,4
171,225,1
171,226,2
171,227,0
171,228,3
171,229,2
171,230,3
171,231,5
171,232,2
171,233,2
171,234,2
171,235,5
171,236,1
171,237,2
171,238,3
171,239,4
171,240,3
171,241,5
171,242,1
171,243,4
171,244,0
171,245,3
171,246,4
171,247,1
171,248,5
171,249,3
171,250,5
171,251,4
171,252,1
171,253,4
171,254,5
171,255,4
171,256,4
171,257,3
171,258,5
172,1,1
172,2,5
172,3,1
172,4,4
172,5,0
172,6,5
172,7,3
172,8,2
172,9,1
172,10,1
172,11,1
172,12,5
172,13,5
172,14,0
172,15,1
172,16,3
172,17,3
172,18,5
172,19,2
172,20,5
172,21,5
172,22,0
172,23,1
172,24,1
172,25,5
172,26,5
172,27,2
172,28,4
172,29,4
172,30,2
172,31,1
172,32,3
172,33,4
172,34,5
172,35,4
172,36,5
172,37,4
172,38,0
172,39,0
172,40,0
172,41,1
172,42,0
172,43,5
172,44,0
172,45,5
172,46,4
172,47,1
172,48,0
172,49,5
172,50,3
172,51,5
172,52,2
172,53,4
172,54,5
172,55,0
172,56,5
172,57,3
172,58,5
172,59,3
172,60,5
172,61,0
172,62,3
172,63,2
172,64,4
172,65,4
172,66,0
172,67,0
172,68,1
172,69,4
172,70,2
172,71,3
172,72,5
172,73,3
172,74,3
172,75,0
172,76,3
172,77,1
172,78,4
172,79,5
172,80,3
172,81,5
172,82,3
172,83,5
172,84,5
172,85,5
172,86,2
172,87,2
172,88,4
172,89,4
172,90,5
172,91,5
172,92,0
172,93,1
172,94,0
172,95,3
172,96,0
172,97,0
172,98,3
172,99,4
172,100,4
172,101,0
172,102,5
172,103,2
172,104,5
172,105,5
172,106,2
172,107,2
172,108,0
172,109,1
172,110,5
172,111,3
172,112,1
172,113,4
172,114,5
172,115,4
172,116,5
172,117,1
172,118,3
172,119,5
172,120,1
172,121,3
172,122,1
172,123,2
172,124,3
172,125,0
172,126,4
172,127,4
172,128,0
172,129,4
172,130,0
172,131,5
172,132,1
172,133,4
172,134,1
172,135,2
172,136,2
172,137,0
172,138,4
172,139,2
172,140,2
172,141,4
172,142,1
172,143,2
172,144,5
172,145,4
172,146,2
172,147,1
172,148,5
172,149,4
172,150,3
172,151,3
172,152,1
172,153,4
172,154,1
172,155,2
172,156,0
172,157,5
172,158,3
172,159,0
172,160,4
172,161,2
172,162,5
172,163,0
172,164,4
172,165,1
172,166,1
172,167,5
172,168,3
172,169,0
172,170,5
172,171,1
172,172,3
172,173,4
172,174,5
173,1,3
173,2,1
173,3,4
173,4,3
173,5,3
173,6,1
173,7,3
173,8,2
173,9,0
173,10,5
173,11,4
173,12,1
173,13,5
173,14,2
173,15,2
173,16,1
173,17,3
173,18,0
173,19,1
173,20,5
173,21,2
173,22,2
173,23,0
173,24,5
173,25,0
173,26,2
173,27,2
173,28,5
173,29,4
173,30,0
173,31,5
173,32,5
173,33,5
173,34,0
173,35,2
173,36,4
173,37,3
173,38,4
173,39,3
173,40,1
173,41,0
173,42,2
173,43,4
173,44,5
173,45,4
173,46,3
173,47,4
173,48,4
173,49,3
173,50,5
173,51,1
173,52,4
173,53,2
173,54,0
173,55,1
173,56,3
173,57,0
173,58,2
173,59,5
173,60,1
173,61,0
173,62,5
173,63,5
173,64,3
173,65,2
173,66,5
173,67,5
173,68,4
173,69,4
173,70,2
173,71,5
173,72,2
173,73,4
173,74,5
173,75,2
173,76,0
173,77,3
173,78,2
173,79,5
173,80,1
173,81,5
173,82,4
173,83,0
173,84,0
173,85,4
173,86,4
173,87,1
173,88,1
173,89,4
173,90,5
173,91,3
173,92,2
173,93,1
173,94,5
173,95,0
173,96,1
173,97,5
173,98,1
173,99,5
173,100,4
173,101,3
173,102,0
173,103,1
173,104,3
173,105,4
173,106,5
173,107,4
173,108,5
173,109,4
173,110,5
173,111,3
173,112,5
173,113,3
173,114,4
173,115,2
173,116,5
173,117,2
173,118,5
173,119,0
173,120,5
173,121,4
173,122,3
173,123,1
173,124,0
173,125,4
173,126,3
173,127,5
173,128,5
173,129,5
173,130,3
173,131,2
173,132,4
173,133,2
173,134,0
173,135,5
173,136,2
173,137,1
173,138,3
173,139,0
173,140,1
173,141,4
173,142,1
173,143,2
173,144,1
173,145,4
173,146,2
173,147,2
173,148,2
173,149,4
173,150,5
173,151,0
174,1,1
174,2,4
174,3,5
174,4,3
174,5,3
174,6,5
174,7,5
174,8,2
174,9,4
174,10,4
174,11,5
174,12,1
174,13,0
174,14,5
174,15,3
174,16,0
174,17,5
174,18,2
174,19,1
174,20,3
174,21,0
174,22,4
174,23,4
174,24,4
174,25,1
174,26,1
174,27,1
174,28,2
174,29,5
174,30,1
174,31,0
174,32,0
174,33,3
174,34,1
174,35,0
174,36,5
174,37,2
174,38,0
174,39,0
174,40,4
174,41,5
174,42,1
174,43,3
174,44,4
174,45,0
174,46,1
174,47,2
174,48,3
174,49,3
174,50,1
174,51,4
174,52,2
174,53,2
174,54,0
174,55,1
174,56,3
174,57,3
174,58,2
174,59,2
174,60,0
174,61,1
174,62,3
174,63,5
174,64,1
174,65,0
174,66,1
174,67,4
174,68,5
174,69,5
174,70,5
174,71,2
174,72,4
174,73,3
174,74,1
174,75,3
174,76,3
174,77,5
174,78,1
174,79,3
174,80,0
174,81,1
174,82,2
174,83,5
174,84,5
174,85,5
174,86,1
174,87,4
174,88,1
174,89,4
174,90,3
174,91,0
174,92,0
174,93,2
174,94,1
174,95,0
174,96,4
174,97,2
174,98,1
174,99,2
174,100,5
174,101,3
174,102,1
174,103,3
174,104,0
174,105,1
174,106,5
174,107,4
174,108,5
174,109,5
174,110,1
174,111,0
174,112,4
174,113,2
174,114,3
174,115,3
174,116,3
174,117,5
174,118,5
174,119,0
174,120,3
174,121,4
174,122,0
174,123,5
174,124,5
174,125,5
174,126,0
174,127,1
174,128,5
174,129,0
174,130,4
174,131,2
174,132,0
174,133,5
174,134,0
174,135,4
174,136,0
174,137,2
174,138,5
174,139,3
174,140,5
174,141,5
174,142,0
174,143,4
174,144,2
174,145,3
174,146,3
174,147,1
174,148,5
174,149,5
174,150,2
174,151,1
174,152,5
174,153,0
174,154,5
174,155,4
174,156,5
174,157,5
174,158,2
174,159,5
174,160,5
174,161,2
174,162,1
174,163,5
174,164,2
174,165,2
174,166,0
174,167,3
174,168,5
174,169,1
174,170,0
174,171,4
174,172,2
174,173,2
174,174,5
174,175,2
174,176,1
174,177,3
174,178,5
174,179,0
174,180,3
174,181,0
174,182,2
174,183,0
174,184,5
174,185,4
174,186,5
174,187,1
174,188,4
174,189,5
174,190,3
174,191,4
174,192,4
174,193,5
175,1,2
175,2,5
175,3,4
175,4,1
175,5,1
175,6,1
175,7,4
175,8,0
175,9,2
175,10,5
175,11,4
175,12,1
175,13,3
175,14,1
175,15,5
175,16,3
175,17,5
175,18,4
175,19,3
175,20,3
175,21,0
175,22,2
175,23,0
175,24,0
175,25,3
175,26,2
175,27,3
175,28,3
175,29,3
175,30,4
175,31,0
175,32,5
175,33,0
175,34,1
175,35,5
175,36,5
175,37,1
175,38,5
175,39,5
175,40,0
175,41,3
175,42,5
175,43,4
175,44,4
175,45,0
175,46,4
175,47,0
175,48,5
175,49,0
175,50,2
175,51,1
175,52,5
175,53,3
175,54,5
175,55,3
175,56,0
175,57,3
175,58,4
175,59,0
175,60,4
175,61,0
175,62,1
175,63,1
175,64,5
175,65,5
175,66,5
175,67,5
175,68,4
175,69,0
175,70,1
175,71,3
175,72,4
175,73,2
175,74,2
175,75,5
175,76,0
175,77,2
175,78,3
175,79,1
175,80,2
175,81,2
175,82,3
175,83,0
175,84,2
175,85,4
175,86,0
175,87,1
175,88,1
175,89,0
175,90,5
175,91,5
175,92,2
175,93,2
175,94,2
175,95,1
175,96,0
175,97,1
175,98,5
175,99,4
175,100,3
175,101,3
175,102,5
175,103,4
175,104,5
175,105,1
175,106,1
175,107,1
175,108,5
175,109,1
175,110,4
175,111,4
175,112,4
175,113,3
175,114,4
175,115,4
175,116,4
175,117,4
175,118,2
175,119,3
175,120,0
175,121,1
175,122,2
175,123,0
175,124,5
175,125,1
175,126,1
175,127,1
175,128,5
175,129,2
175,130,2
175,131,4
175,132,5
175,133,3
175,134,5
175,135,0
175,136,4
175,137,2
175,138,5
175,139,2
175,140,5
175,141,2
175,142,3
175,143,4
175,144,5
175,145,5
175,146,3
175,147,3
175,148,5
175,149,2
175,150,2
175,151,3
175,152,2
175,153,2
175,154,1
175,155,0
175,156,5
175,157,5
175,158,4
175,159,2
175,160,1
175,161,1
175,162,5
175,163,0
175,164,2
175,165,2
175,166,2
175,167,5
175,168,4
175,169,5
175,170,1
175,171,1
175,172,4
175,173,4
175,174,0
175,175,1
175,176,5
175,177,4
175,178,2
175,179,4
175,180,2
175,181,3
175,182,0
175,183,4
175,184,4
175,185,2
175,186,2
175,187,4
175,188,4
175,189,3
175,190,0
175,191,1
175,192,5
175,193,0
175,194,3
175,195,3
175,196,5
175,197,2
175,198,2
175,199,2
175,200,3
175,201,1
175,202,1
176,1,5
176,2,0
176,3,3
176,4,5
176,5,4
176,6,0
176,7,5
176,8,0
176,9,3
176,10,5
176,11,5
176,12,1
176,13,3
176,14,0
176,15,1
176,16,5
176,17,5
176,18,3
176,19,1
176,20,4
176,21,4
176,22,5
176,23,3
176,24,0
176,25,5
176,26,3
176,27,5
176,28,5
176,29,5
176,30,2
176,31,1
176,32,3
176,33,4
176,34,2
176,35,5
176,36,1
176,37,1
176,38,1
176,39,2
176,40,3
176,41,5
176,42,5
176,43,0
176,44,1
176,45,5
176,46,5
176,47,0
176,48,1
176,49,5
176,50,4
176,51,3
176,52,5
176,53,4
176,54,1
176,55,0
176,56,2
176,57,0
176,58,4
176,59,4
176,60,5
176,61,5
176,62,4
176,63,0
176,64,3
176,65,5
176,66,1
176,67,5
176,68,5
176,69,2
176,70,4
176,71,5
176,72,5
176,73,0
176,74,3
176,75,5
176,76,0
176,77,3
176,78,2
176,79,5
176,80,1
176,81,3
176,82,1
176,83,2
176,84,5
176,85,4
176,86,4
176,87,5
176,88,0
176,89,5
176,90,4
176,91,3
176,92,1
176,93,1
176,94,3
176,95,0
176,96,2
176,97,5
176,98,5
176,99,4
176,100,4
176,101,4
176,102,3
176,103,1
176,104,5
176,105,5
176,106,2
176,107,5
176,108,3
176,109,4
176,110,5
176,111,2
176,112,3
176,113,0
176,114,1
176,115,1
176,116,2
176,117,4
176,118,3
176,119,0
176,120,3
176,121,5
176,122,2
176,123,0
176,124,1
176,125,1
176,126,0
176,127,5
176,128,5
176,129,1
176,130,1
176,131,2
176,132,5
176,133,2
176,134,5
176,135,4
176,136,4
176,137,5
176,138,0
176,139,5
176,140,5
176,141,4
176,142,4
176,143,2
176,144,2
176,145,3
176,146,2
176,147,1
176,148,0
176,149,2
176,150,0
176,151,0
176,152,4
176,153,2
176,154,2
176,155,1
176,156,2
176,157,5
176,158,1
176,159,1
176,160,3
176,161,4
176,162,5
176,163,4
176,164,2
177,1,1
177,2,3
177,3,4
177,4,5
177,5,1
177,6,0
177,7,0
177,8,2
177,9,1
177,10,1
177,11,0
177,12,0
177,13,5
177,14,2
177,15,0
177,16,1
177,17,5
177,18,1
177,19,2
177,20,4
177,21,5
177,22,4
177,23,2
177,24,1
177,25,1
177,26,4
177,27,5
177,28,2
177,29,1
177,30,2
177,31,2
177,32,3
177,33,2
177,34,3
177,35,0
177,36,3
177,37,5
177,38,2
177,39,5
177,40,1
177,41,2
177,42,5
177,43,1
177,44,0
177,45,3
177,46,4
177,47,5
177,48,0
177,49,0
177,50,5
177,51,0
177,52,2
177,53,3
177,54,5
177,55,5
177,56,3
177,57,5
177,58,4
177,59,4
177,60,4
177,61,2
177,62,0
177,63,3
177,64,1
177,65,5
177,66,2
177,67,1
177,68,3
177,69,2
177,70,1
177,71,2
177,72,5
177,73,1
177,74,4
177,75,5
177,76,5
177,77,1
177,78,4
177,79,3
177,80,0
177,81,1
177,82,3
177,83,4
177,84,0
177,85,2
177,86,1
177,87,1
177,88,3
177,89,5
177,90,1
177,91,0
177,92,4
177,93,3
177,94,2
177,95,0
177,96,2
177,97,5
177,98,0
177,99,5
177,100,2
177,101,3
177,102,5
177,103,4
177,104,1
177,105,5
177,106,1
177,107,5
177,108,5
177,109,1
177,110,1
177,111,5
177,112,4
177,113,0
177,114,2
177,115,5
177,116,1
177,117,1
177,118,2
177,119,2
177,120,4
177,121,0
177,122,1
177,123,2
177,124,5
177,125,4
177,126,4
177,127,4
177,128,0
177,129,3
177,130,5
177,131,5
177,132,1
177,133,2
177,134,0
177,135,5
177,136,5
177,137,0
177,138,2
177,139,0
177,140,5
177,141,1
177,142,0
177,143,3
177,144,1
177,145,1
177,146,4
177,147,2
177,148,4
177,149,4
177,150,3
177,151,5
177,152,5
177,153,1
177,154,5
177,155,2
177,156,5
177,157,3
177,158,4
177,159,3
177,160,4
177,161,0
177,162,5
177,163,4
177,164,4
177,165,1
177,166,1
177,167,5
177,168,4
177,169,1
177,170,3
177,171,4
177,172,4
177,173,5
177,174,0
177,175,0
177,176,5
177,177,3
177,178,1
177,179,4
177,180,1
177,181,5
178,1,5
178,2,2
178,3,5
178,4,5
178,5,3
178,6,4
178,7,0
178,8,5
178,9,5
178,10,3
178,11,2
178,12,4
178,13,3
178,14,2
178,15,3
178,16,2
178,17,1
178,18,5
178,19,2
178,20,2
178,21,0
178,22,2
178,23,0
178,24,3
178,25,5
178,26,2
178,27,1
178,28,0
178,29,3
178,30,2
178,31,2
178,32,4
178,33,5
178,34,4
178,35,1
178,36,5
178,37,4
178,38,0
178,39,4
178,40,4
178,41,3
178,42,3
178,43,3
178,44,3
178,45,3
178,46,0
178,47,3
178,48,5
178,49,2
178,50,4
178,51,1
178,52,5
178,53,2
178,54,5
178,55,5
178,56,2
178,57,0
178,58,5
178,59,3
178,60,2
178,61,4
178,62,5
178,63,0
178,64,1
178,65,0
178,66,5
178,67,4
178,68,0
178,69,0
178,70,5
178,71,1
178,72,5
178,73,4
178,74,2
178,75,1
178,76,2
178,77,5
178,78,5
178,79,5
178,80,1
178,81,2
178,82,4
178,83,3
178,84,2
178,85,5
178,86,0
178,87,4
178,88,5
178,89,2
178,90,0
178,91,1
178,92,3
178,93,2
178,94,1
178,95,3
178,96,5
178,97,1
178,98,1
178,99,5
178,100,4
178,101,4
178,102,5
178,103,5
178,104,4
178,105,1
178,106,2
178,107,3
178,108,4
178,109,1
178,110,3
178,111,5
178,112,1
178,113,0
178,114,1
178,115,2
178,116,0
178,117,0
178,118,1
178,119,4
178,120,2
178,121,4
178,122,3
178,123,1
178,124,3
178,125,4
178,126,5
178,127,0
178,128,1
178,129,5
178,130,5
178,131,5
178,132,4
178,133,2
178,134,5
178,135,4
178,136,2
178,137,5
178,138,3
178,139,4
178,140,0
178,141,5
178,142,3
178,143,1
178,144,5
178,145,1
178,146,3
178,147,2
178,148,1
179,1,4
179,2,2
179,3,4
179,4,5
179,5,3
179,6,4
179,7,5
179,8,3
179,9,5
179,10,3
179,11,0
179,12,5
179,13,1
179,14,4
179,15,1
179,16,2
179,17,5
179,18,5
179,19,1
179,20,0
179,21,0
179,22,5
179,23,0
179,24,5
179,25,4
179,26,3
179,27,5
179,28,4
179,29,5
179,30,4
179,31,0
179,32,2
179,33,0
179,34,0
179,35,0
179,36,5
179,37,0
179,38,4
179,39,4
179,40,0
179,41,4
179,42,0
179,43,2
179,44,3
179,45,4
179,46,1
179,47,0
179,48,3
179,49,1
179,50,2
179,51,4
179,52,5
179,53,2
179,54,1
179,55,3
179,56,2
179,57,3
179,58,1
179,59,5
179,60,1
179,61,3
179,62,1
179,63,5
179,64,2
179,65,5
179,66,1
179,67,5
179,68,0
179,69,5
179,70,0
179,71,4
179,72,1
179,73,5
179,74,2
179,75,5
179,76,5
179,77,3
179,78,0
179,79,5
179,80,5
179,81,3
179,82,1
179,83,1
179,84,2
179,85,0
179,86,0
179,87,5
179,88,3
179,89,0
179,90,1
179,91,3
179,92,4
179,93,5
179,94,4
179,95,3
179,96,2
179,97,2
179,98,5
179,99,1
179,100,5
179,101,5
179,102,5
179,103,5
179,104,1
179,105,0
179,106,1
179,107,1
179,108,3
179,109,1
179,110,2
179,111,5
179,112,3
179,113,3
179,114,4
179,115,5
179,116,5
179,117,0
179,118,0
179,119,2
179,120,2
179,121,2
179,122,4
179,123,5
179,124,0
179,125,1
179,126,4
179,127,2
179,128,0
179,129,5
179,130,1
179,131,5
179,132,0
179,133,5
179,134,1
179,135,1
179,136,3
179,137,5
179,138,4
179,139,5
179,140,1
179,141,0
179,142,4
179,143,5
179,144,0
179,145,1
179,146,4
179,147,1
179,148,4
179,149,5
179,150,0
179,151,5
179,152,2
179,153,4
179,154,0
179,155,4
179,156,4
179,157,4
179,158,1
179,159,5
179,160,3
179,161,4
179,162,1
179,163,1
179,164,2
179,165,5
179,166,1
179,167,3
179,168,1
179,169,3
179,170,5
179,171,2
179,172,2
179,173,0
179,174,5
179,175,4
179,176,2
179,177,1
179,178,5
179,179,5
179,180,1
179,181,1
180,1,0
180,2,1
180,3,5
180,4,5
180,5,2
180,6,2
180,7,5
180,8,3
180,9,5
180,10,5
180,11,5
180,12,4
180,13,2
180,14,1
180,15,1
180,16,5
180,17,0
180,18,2
180,19,0
180,20,5
180,21,3
180,22,5
180,23,5
180,24,3
180,25,5
180,26,5
180,27,4
180,28,2
180,29,0
180,30,3
180,31,4
180,32,5
180,33,3
180,34,4
180,35,1
180,36,0
180,37,2
180,38,3
180,39,5
180,40,0
180,41,5
180,42,2
180,43,2
180,44,1
180,45,5
180,46,2
180,47,0
180,48,5
180,49,1
180,50,5
180,51,0
180,52,4
180,53,4
180,54,2
180,55,0
180,56,3
180,57,1
180,58,3
180,59,4
180,60,3
180,61,4
180,62,5
180,63,0
180,64,0
180,65,5
180,66,5
180,67,5
180,68,5
180,69,3
180,70,4
180,71,0
180,72,5
180,73,5
180,74,4
180,75,3
180,76,1
180,77,2
180,78,4
180,79,0
180,80,1
180,81,5
180,82,5
180,83,1
180,84,4
180,85,4
180,86,5
180,87,5
180,88,4
180,89,5
180,90,0
180,91,5
180,92,0
180,93,3
180,94,3
180,95,2
180,96,3
180,97,2
180,98,3
180,99,4
180,100,4
180,101,3
180,102,2
180,103,5
180,104,5
180,105,1
180,106,5
180,107,3
180,108,5
180,109,3
180,110,3
180,111,3
180,112,3
180,113,2
180,114,1
180,115,2
180,116,5
180,117,3
180,118,3
180,119,2
180,120,3
180,121,3
180,122,5
180,123,1
180,124,4
180,125,5
180,126,0
180,127,0
180,128,0
180,129,5
180,130,4
180,131,3
180,132,0
180,133,2
180,134,4
180,135,4
180,136,3
180,137,0
180,138,0
180,139,3
180,140,0
180,141,3
180,142,2
180,143,0
180,144,1
180,145,5
180,146,0
180,147,4
180,148,2
180,149,4
180,150,1
180,151,4
180,152,2
180,153,1
180,154,4
180,155,0
180,156,5
180,157,5
180,158,5
180,159,5
180,160,5
180,161,2
180,162,5
180,163,5
180,164,0
180,165,1
180,166,2
180,167,0
180,168,4
180,169,5
180,170,1
180,171,1
180,172,2
180,173,4
180,174,5
180,175,2
180,176,1
180,177,1
180,178,5
180,179,1
180,180,5
180,181,2
180,182,4
180,183,0
180,184,5
180,185,1
180,186,4
180,187,3
180,188,5
180,189,0
180,190,0
180,191,5
180,192,2
180,193,4
180,194,1
180,195,2
180,196,4
180,197,5
180,198,1
180,199,1
180,200,1
180,201,5
180,202,2
180,203,5
180,204,5
180,205,1
180,206,2
180,207,2
180,208,2
180,209,0
180,210,4
180,211,3
180,212,5
180,213,1
180,214,4
180,215,2
180,216,4
180,217,1
180,218,1
180,219,4
180,220,2
180,221,0
180,222,1
180,223,1
180,224,2
180,225,3
180,226,1
180,227,3
180,228,0
180,229,2
180,230,1
180,231,4
180,232,4
180,233,2
180,234,3
180,235,1
180,236,4
180,237,2
180,238,5
180,239,5
180,240,2
180,241,2
180,242,0
180,243,2
180,244,2
180,245,2
180,246,3
180,247,0
180,248,4
180,249,4
180,250,4
180,251,2
180,252,4
180,253,5
180,254,5
180,255,4
180,256,5
180,257,3
180,258,1
180,259,5
180,260,3
180,261,1
180,262,2
180,263,3
180,264,5
180,265,5
180,266,4
180,267,2
180,268,4
180,269,0
180,270,4
180,271,2
180,272,2
180,273,1
180,274,5
180,275,4
180,276,0
180,277,0
180,278,5
180,279,1
180,280,4
180,281,4
180,282,5
180,283,4
180,284,5
180,285,5
180,286,1
180,287,5
180,288,2
180,289,0
180,290,5
180,291,4
180,292,0
180,293,2
180,294,1
180,295,4
180,296,5
180,297,5
181,1,1
181,2,1
181,3,0
181,4,3
181,5,5
181,6,5
181,7,4
181,8,1
181,9,2
181,10,3
181,11,5
181,12,1
181,13,3
181,14,0
181,15,5
181,16,3
181,17,3
181,18,3
181,19,3
181,20,4
181,21,2
181,22,2
181,23,2
181,24,5
181,25,1
181,26,5
181,27,4
181,28,2
181,29,0
181,30,5
181,31,4
181,32,2
181,33,3
181,34,2
181,35,4
181,36,5
181,37,4
181,38,5
181,39,0
181,40,4
181,41,3
181,42,2
181,43,0
181,44,1
181,45,5
181,46,0
181,47,1
181,48,5
181,49,5
181,50,3
181,51,5
181,52,0
181,53,1
181,54,5
181,55,4
181,56,4
181,57,4
181,58,3
181,59,1
181,60,5
181,61,0
181,62,3
181,63,4
181,64,5
181,65,2
181,66,2
181,67,2
181,68,0
181,69,2
181,70,0
181,71,4
181,72,0
181,73,0
181,74,5
181,75,0
181,76,4
181,77,4
181,78,1
181,79,1
181,80,1
181,81,2
181,82,2
181,83,1
181,84,0
181,85,3
181,86,1
181,87,5
181,88,2
181,89,5
181,90,5
181,91,3
181,92,1
181,93,4
181,94,4
181,95,5
181,96,4
181,97,0
181,98,3
181,99,1
181,100,3
181,101,1
181,102,0
181,103,5
181,104,1
181,105,0
181,106,0
181,107,3
181,108,3
181,109,4
181,110,3
181,111,1
181,112,3
181,113,5
181,114,5
181,115,4
181,116,2
181,117,5
181,118,4
181,119,1
181,120,4
181,121,3
181,122,2
181,123,0
181,124,3
181,125,3
181,126,5
181,127,4
181,128,5
181,129,2
181,130,5
181,131,0
181,132,4
181,133,4
181,134,3
181,135,3
181,136,0
181,137,3
181,138,4
181,139,2
181,140,0
181,141,5
181,142,1
181,143,5
181,144,4
181,145,5
181,146,1
181,147,5
181,148,2
181,149,2
181,150,3
181,151,5
181,152,0
181,153,5
181,154,2
181,155,0
181,156,3
181,157,5
181,158,0
181,159,5
181,160,2
181,161,3
181,162,4
181,163,5
181,164,5
181,165,4
181,166,0
181,167,5
181,168,3
181,169,3
181,170,2
181,171,1
181,172,1
181,173,2
181,174,4
181,175,3
181,176,5
181,177,1
181,178,5
181,179,5
181,180,1
181,181,5
181,182,4
181,183,5
181,184,3
181,185,5
181,186,5
181,187,0
181,188,4
181,189,5
181,190,5
181,191,4
181,192,5
181,193,3
181,194,0
181,195,5
181,196,1
181,197,0
181,198,5
181,199,0
181,200,1
181,201,1
181,202,1
181,203,0
181,204,0
181,205,1
181,206,2
181,207,2
181,208,2
181,209,5
181,210,3
181,211,1
181,212,4
181,213,5
181,214,5
181,215,0
181,216,1
181,217,5
181,218,2
181,219,0
181,220,4
181,221,3
181,222,4
181,223,5
181,224,5
181,225,1
181,226,3
181,227,5
181,228,3
181,229,1
181,230,3
181,231,4
181,232,5
181,233,0
181,234,1
181,235,5
181,236,2
181,237,5
181,238,1
181,239,5
181,240,2
181,241,3
181,242,5
181,243,4
181,244,0
181,245,0
181,246,5
181,247,3
181,248,3
181,249,0
181,250,0
181,251,1
181,252,2
181,253,4
181,254,2
181,255,0
182,1,3
182,2,2
182,3,5
182,4,1
182,5,3
182,6,4
182,7,1
182,8,5
182,9,5
182,10,1
182,11,2
182,12,4
182,13,3
182,14,0
182,15,2
182,16,5
182,17,5
182,18,1
182,19,2
182,20,3
182,21,4
182,22,1
182,23,4
182,24,3
182,25,4
182,26,1
182,27,3
182,28,1
182,29,5
182,30,2
182,31,0
182,32,4
182,33,4
182,34,3
182,35,5
182,36,4
182,37,1
182,38,0
182,39,3
182,40,2
182,41,5
182,42,4
182,43,4
182,44,1
182,45,3
182,46,0
182,47,2
182,48,2
182,49,4
182,50,0
182,51,0
182,52,2
182,53,1
182,54,2
182,55,5
182,56,0
182,57,5
182,58,5
182,59,5
182,60,3
182,61,4
182,62,0
182,63,3
182,64,3
182,65,4
182,66,5
182,67,5
182,68,0
182,69,5
182,70,4
182,71,1
182,72,2
182,73,0
182,74,5
182,75,5
182,76,1
182,77,2
182,78,0
182,79,0
182,80,2
182,81,4
182,82,0
182,83,0
182,84,5
182,85,5
182,86,1
182,87,5
182,88,2
182,89,3
182,90,1
182,91,5
182,92,4
182,93,0
182,94,1
182,95,4
182,96,0
182,97,4
182,98,0
182,99,1
182,100,1
182,101,5
182,102,1
182,103,1
182,104,2
182,105,0
182,106,4
182,107,4
182,108,5
182,109,2
182,110,5
182,111,2
182,112,4
182,113,5
182,114,1
182,115,2
182,116,2
182,117,2
182,118,2
182,119,1
182,120,1
182,121,3
182,122,0
182,123,0
182,124,5
182,125,5
182,126,0
182,127,4
182,128,0
182,129,5
182,130,0
182,131,5
182,132,5
182,133,2
182,134,4
182,135,1
182,136,5
182,137,2
182,138,0
182,139,5
182,140,5
182,141,1
182,142,5
182,143,5
182,144,0
182,145,2
182,146,1
182,147,3
182,148,5
182,149,2
182,150,2
182,151,5
182,152,5
182,153,4
182,154,5
182,155,5
182,156,4
182,157,3
182,158,3
182,159,5
182,160,2
182,161,3
182,162,3
182,163,3
182,164,5
182,165,0
182,166,1
182,167,0
182,168,1
182,169,5
182,170,1
182,171,1
182,172,4
182,173,5
182,174,0
182,175,5
182,176,4
182,177,1
182,178,0
182,179,1
182,180,1
182,181,1
182,182,0
182,183,3
182,184,3
182,185,2
182,186,5
182,187,5
182,188,5
182,189,5
182,190,4
182,191,2
182,192,2
182,193,1
182,194,5
182,195,2
182,196,2
182,197,5
182,198,2
182,199,2
182,200,1
183,1,0
183,2,2
183,3,5
183,4,0
183,5,2
183,6,3
183,7,2
183,8,0
183,9,2
183,10,3
183,11,1
183,12,5
183,13,5
183,14,4
183,15,1
183,16,3
183,17,5
183,18,5
183,19,0
183,20,3
183,21,5
183,22,5
183,23,1
183,24,5
183,25,1
183,26,1
183,27,5
183,28,2
183,29,2
183,30,4
183,31,4
183,32,3
183,33,3
183,34,2
183,35,5
183,36,5
183,37,2
183,38,0
183,39,2
183,40,2
183,41,4
183,42,2
183,43,2
183,44,5
183,45,2
183,46,4
183,47,3
183,48,4
183,49,1
183,50,0
183,51,5
183,52,5
183,53,4
183,54,0
183,55,3
183,56,1
183,57,2
183,58,1
183,59,4
183,60,0
183,61,5
183,62,2
183,63,1
183,64,5
183,65,1
183,66,1
183,67,3
183,68,2
183,69,1
183,70,2
183,71,4
183,72,0
183,73,2
183,74,5
183,75,3
183,76,3
183,77,4
183,78,5
183,79,1
183,80,2
183,81,3
183,82,1
183,83,5
183,84,3
183,85,5
183,86,5
183,87,3
183,88,3
183,89,5
183,90,5
183,91,3
183,92,4
183,93,2
183,94,2
183,95,0
183,96,5
183,97,0
183,98,5
183,99,0
183,100,5
183,101,2
183,102,0
183,103,2
183,104,4
183,105,1
183,106,3
183,107,0
183,108,2
183,109,3
183,110,3
183,111,1
183,112,5
183,113,0
183,114,3
183,115,0
183,116,5
183,117,5
183,118,5
183,119,1
183,120,2
183,121,4
183,122,2
183,123,3
183,124,5
183,125,2
183,126,2
183,127,5
183,128,5
183,129,2
183,130,5
183,131,4
183,132,5
183,133,2
183,134,2
183,135,5
183,136,5
183,137,1
183,138,0
183,139,0
183,140,3
183,141,5
183,142,4
183,143,0
183,144,5
183,145,1
183,146,1
183,147,2
183,148,0
183,149,5
183,150,4
183,151,1
183,152,3
183,153,5
183,154,5
183,155,3
183,156,1
183,157,4
183,158,4
183,159,2
183,160,3
183,161,0
183,162,0
183,163,5
183,164,0
183,165,3
183,166,1
183,167,1
183,168,1
183,169,5
183,170,4
183,171,0
183,172,2
183,173,3
183,174,4
183,175,3
183,176,1
183,177,0
183,178,0
183,179,1
183,180,5
183,181,1
183,182,3
183,183,1
183,184,1
183,185,3
183,186,3
183,187,5
183,188,3
183,189,4
183,190,5
183,191,1
183,192,4
183,193,4
183,194,1
183,195,1
183,196,4
183,197,2
183,198,5
183,199,2
183,200,4
183,201,5
183,202,1
183,203,5
183,204,3
183,205,3
183,206,4
183,207,5
184,1,4
184,2,5
184,3,0
184,4,5
184,5,1
184,6,5
184,7,5
184,8,0
184,9,4
184,10,5
184,11,5
184,12,5
184,13,5
184,14,5
184,15,4
184,16,2
184,17,4
184,18,4
184,19,5
184,20,2
184,21,2
184,22,5
184,23,4
184,24,3
184,25,5
184,26,0
184,27,5
184,28,5
184,29,5
184,30,3
184,31,2
184,32,5
184,33,3
184,34,5
184,35,4
184,36,2
184,37,0
184,38,1
184,39,5
184,40,5
184,41,1
184,42,1
184,43,4
184,44,5
184,45,4
184,46,1
184,47,1
184,48,4
184,49,2
184,50,1
184,51,5
184,52,4
184,53,1
184,54,5
184,55,1
184,56,5
184,57,5
184,58,2
184,59,2
184,60,4
184,61,1
184,62,3
184,63,2
184,64,0
184,65,5
184,66,0
184,67,5
184,68,4
184,69,5
184,70,1
184,71,2
184,72,5
184,73,4
184,74,5
184,75,5
184,76,0
184,77,2
184,78,4
184,79,0
184,80,4
184,81,2
184,82,0
184,83,0
184,84,2
184,85,5
184,86,3
184,87,5
184,88,0
184,89,0
184,90,0
184,91,4
184,92,3
184,93,0
184,94,5
184,95,3
184,96,5
184,97,4
184,98,3
184,99,0
184,100,2
184,101,0
184,102,2
184,103,5
184,104,5
184,105,4
184,106,5
184,107,4
184,108,2
184,109,5
184,110,3
184,111,3
184,112,2
184,113,0
184,114,2
184,115,5
184,116,4
184,117,2
184,118,4
184,119,1
184,120,4
184,121,1
184,122,2
184,123,2
184,124,3
184,125,0
184,126,5
184,127,2
184,128,0
184,129,5
184,130,2
184,131,0
184,132,5
184,133,2
184,134,2
184,135,2
184,136,2
184,137,2
184,138,4
184,139,5
184,140,2
184,141,4
184,142,0
184,143,2
184,144,1
184,145,2
184,146,1
184,147,5
184,148,5
184,149,0
184,150,3
184,151,1
184,152,0
184,153,4
184,154,4
184,155,3
184,156,5
184,157,1
184,158,0
184,159,0
184,160,5
184,161,3
184,162,3
184,163,5
184,164,1
184,165,1
184,166,5
184,167,4
184,168,5
184,169,2
184,170,3
184,171,5
185,1,4
185,2,5
185,3,5
185,4,2
185,5,2
185,6,2
185,7,5
185,8,3
185,9,4
185,10,3
185,11,1
185,12,5
185,13,2
185,14,4
185,15,5
185,16,4
185,17,2
185,18,1
185,19,1
185,20,3
185,21,3
185,22,1
185,23,5
185,24,3
185,25,2
185,26,3
185,27,5
185,28,0
185,29,3
185,30,5
185,31,2
185,32,1
185,33,2
185,34,0
185,35,0
185,36,5
185,37,4
185,38,0
185,39,4
185,40,1
185,41,4
185,42,5
185,43,4
185,44,3
185,45,5
185,46,5
185,47,4
185,48,2
185,49,2
185,50,1
185,51,2
185,52,3
185,53,0
185,54,5
185,55,0
185,56,5
185,57,2
185,58,0
185,59,0
185,60,5
185,61,2
185,62,4
185,63,1
185,64,4
185,65,5
185,66,3
185,67,3
185,68,4
185,69,4
185,70,5
185,71,4
185,72,2
185,73,3
185,74,2
185,75,3
185,76,4
185,77,0
185,78,5
185,79,5
185,80,5
185,81,1
185,82,4
185,83,2
185,84,0
185,85,3
185,86,4
185,87,3
185,88,3
185,89,0
185,90,0
185,91,1
185,92,3
185,93,5
185,94,2
185,95,5
185,96,5
185,97,2
185,98,0
185,99,2
185,100,2
185,101,0
185,102,3
185,103,4
185,104,0
185,105,1
185,106,2
185,107,0
185,108,0
185,109,3
185,110,5
185,111,5
185,112,5
185,113,5
185,114,5
185,115,4
185,116,2
185,117,4
185,118,5
185,119,4
185,120,3
185,121,3
185,122,5
185,123,3
185,124,3
185,125,5
185,126,2
185,127,1
185,128,2
185,129,3
185,130,4
185,131,0
185,132,4
185,133,3
185,134,0
185,135,2
185,136,4
185,137,0
185,138,1
185,139,5
185,140,5
185,141,1
185,142,2
185,143,0
185,144,1
185,145,3
185,146,1
185,147,2
185,148,1
185,149,2
185,150,5
185,151,2
185,152,2
185,153,5
185,154,2
185,155,5
185,156,5
185,157,4
185,158,5
185,159,5
185,160,0
185,161,2
185,162,4
186,1,2
186,2,5
186,3,0
186,4,5
186,5,2
186,6,1
186,7,2
186,8,0
186,9,2
186,10,2
186,11,1
186,12,3
186,13,5
186,14,4
186,15,0
186,16,1
186,17,5
186,18,3
186,19,5
186,20,4
186,21,2
186,22,0
186,23,5
186,24,2
186,25,1
186,26,0
186,27,1
186,28,5
186,29,3
186,30,4
186,31,0
186,32,4
186,33,4
186,34,1
186,35,2
186,36,4
186,37,2
186,38,5
186,39,3
186,40,3
186,41,1
186,42,4
186,43,5
186,44,3
186,45,1
186,46,0
186,47,2
186,48,0
186,49,3
186,50,0
186,51,5
186,52,5
186,53,4
186,54,1
186,55,3
186,56,3
186,57,5
186,58,4
186,59,0
186,60,3
186,61,1
186,62,1
186,63,4
186,64,4
186,65,2
186,66,1
186,67,5
186,68,5
186,69,1
186,70,0
186,71,3
186,72,1
186,73,3
186,74,3
186,75,5
186,76,0
186,77,2
186,78,3
186,79,3
186,80,3
186,81,5
186,82,4
186,83,5
186,84,1
186,85,5
186,86,1
186,87,2
186,88,5
186,89,0
186,90,1
186,91,2
186,92,5
186,93,2
186,94,2
186,95,2
186,96,4
186,97,1
186,98,5
186,99,5
186,100,5
186,101,4
186,102,4
186,103,3
186,104,5
186,105,0
186,106,0
186,107,2
186,108,2
186,109,5
186,110,0
186,111,5
186,112,2
186,113,3
186,114,0
186,115,3
186,116,5
186,117,3
186,118,0
186,119,1
186,120,0
186,121,1
186,122,4
186,123,4
186,124,5
186,125,3
186,126,3
186,127,1
186,128,3
186,129,2
186,130,0
186,131,5
186,132,1
186,133,4
186,134,0
186,135,2
186,136,1
186,137,3
186,138,4
186,139,0
186,140,3
186,141,1
186,142,5
186,143,5
186,144,5
186,145,5
186,146,5
186,147,0
186,148,1
186,149,0
186,150,4
186,151,0
186,152,2
186,153,4
186,154,0
186,155,4
186,156,0
186,157,3
186,158,2
186,159,2
186,160,1
186,161,0
186,162,5
186,163,5
186,164,0
186,165,4
186,166,3
186,167,1
186,168,4
186,169,1
186,170,3
186,171,5
186,172,3
186,173,0
186,174,1
186,175,0
186,176,3
186,177,2
186,178,3
186,179,0
186,180,4
186,181,5
186,182,1
186,183,3
186,184,5
186,185,3
186,186,4
186,187,1
186,188,0
186,189,5
186,190,1
186,191,3
186,192,0
186,193,4
186,194,5
187,1,5
187,2,0
187,3,2
187,4,0
187,5,3
187,6,5
187,7,5
187,8,0
187,9,5
187,10,0
187,11,5
187,12,5
187,13,1
187,14,3
187,15,3
187,16,1
187,17,2
187,18,1
187,19,3
187,20,2
187,21,4
187,22,5
187,23,1
187,24,5
187,25,4
187,26,1
187,27,0
187,28,0
187,29,3
187,30,5
187,31,5
187,32,5
187,33,0
187,34,5
187,35,0
187,36,4
187,37,0
187,38,3
187,39,3
187,40,1
187,41,4
187,42,5
187,43,0
187,44,0
187,45,5
187,46,0
187,47,0
187,48,5
187,49,1
187,50,3
187,51,3
187,52,1
187,53,0
187,54,3
187,55,3
187,56,4
187,57,3
187,58,2
187,59,2
187,60,5
187,61,0
187,62,5
187,63,2
187,64,2
187,65,5
187,66,5
187,67,5
187,68,1
187,69,2
187,70,2
187,71,3
187,72,1
187,73,2
187,74,0
187,75,4
187,76,5
187,77,1
187,78,4
187,79,4
187,80,2
187,81,3
187,82,1
187,83,4
187,84,0
187,85,4
187,86,5
187,87,4
187,88,1
187,89,0
187,90,2
187,91,4
187,92,2
187,93,5
187,94,5
187,95,5
187,96,5
187,97,4
187,98,1
187,99,2
187,100,1
187,101,4
187,102,1
187,103,1
187,104,1
187,105,1
187,106,0
187,107,5
187,108,4
187,109,3
187,110,2
187,111,5
187,112,5
187,113,4
187,114,2
187,115,4
187,116,4
187,117,3
187,118,4
187,119,1
187,120,3
187,121,4
187,122,5
187,123,5
187,124,5
187,125,0
187,126,5
187,127,3
187,128,2
187,129,5
187,130,0
187,131,5
187,132,3
187,133,5
187,134,3
187,135,0
187,136,1
187,137,5
187,138,3
187,139,1
187,140,3
187,141,4
187,142,3
187,143,4
187,144,0
187,145,2
187,146,4
187,147,1
187,148,2
187,149,0
187,150,3
187,151,1
187,152,1
187,153,5
187,154,0
187,155,2
187,156,3
187,157,0
187,158,5
187,159,4
187,160,2
187,161,1
187,162,1
187,163,0
187,164,3
187,165,4
187,166,4
187,167,1
187,168,5
188,1,5
188,2,0
188,3,3
188,4,0
188,5,1
188,6,2
188,7,1
188,8,1
188,9,3
188,10,5
188,11,4
188,12,0
188,13,2
188,14,1
188,15,5
188,16,0
188,17,5
188,18,1
188,19,4
188,20,1
188,21,0
188,22,5
188,23,5
188,24,0
188,25,2
188,26,3
188,27,1
188,28,1
188,29,4
188,30,5
188,31,5
188,32,5
188,33,1
188,34,5
188,35,5
188,36,1
188,37,0
188,38,5
188,39,3
188,40,0
188,41,0
188,42,0
188,43,2
188,44,4
188,45,5
188,46,3
188,47,1
188,48,1
188,49,5
188,50,0
188,51,1
188,52,1
188,53,4
188,54,5
188,55,3
188,56,0
188,57,5
188,58,3
188,59,5
188,60,5
188,61,3
188,62,0
188,63,5
188,64,2
188,65,3
188,66,1
188,67,0
188,68,2
188,69,3
188,70,2
188,71,0
188,72,0
188,73,4
188,74,2
188,75,0
188,76,0
188,77,5
188,78,5
188,79,4
188,80,2
188,81,1
188,82,1
188,83,0
188,84,3
188,85,3
188,86,1
188,87,1
188,88,5
188,89,5
188,90,4
188,91,5
188,92,3
188,93,2
188,94,5
188,95,3
188,96,3
188,97,0
188,98,0
188,99,2
188,100,0
188,101,2
188,102,4
188,103,4
188,104,0
188,105,5
188,106,5
188,107,5
188,108,5
188,109,4
188,110,5
188,111,3
188,112,3
188,113,5
188,114,3
188,115,5
188,116,1
188,117,2
188,118,0
188,119,2
188,120,2
188,121,2
188,122,3
188,123,2
188,124,1
188,125,5
188,126,4
188,127,3
188,128,4
188,129,3
188,130,0
188,131,0
188,132,2
188,133,1
188,134,4
188,135,5
188,136,1
188,137,5
188,138,4
188,139,5
188,140,2
188,141,0
188,142,1
188,143,1
188,144,3
188,145,3
188,146,5
188,147,0
188,148,2
189,1,2
189,2,3
189,3,0
189,4,5
189,5,4
189,6,5
189,7,5
189,8,5
189,9,0
189,10,1
189,11,5
189,12,0
189,13,2
189,14,4
189,15,3
189,16,0
189,17,0
189,18,1
189,19,1
189,20,3
189,21,2
189,22,1
189,23,5
189,24,3
189,25,4
189,26,3
189,27,4
189,28,1
189,29,2
189,30,4
189,31,1
189,32,4
189,33,5
189,34,0
189,35,3
189,36,4
189,37,2
189,38,2
189,39,4
189,40,4
189,41,2
189,42,5
189,43,0
189,44,2
189,45,5
189,46,2
189,47,5
189,48,4
189,49,1
189,50,5
189,51,5
189,52,2
189,53,1
189,54,5
189,55,2
189,56,4
189,57,4
189,58,5
189,59,4
189,60,1
189,61,1
189,62,1
189,63,2
189,64,2
189,65,5
189,66,3
189,67,2
189,68,5
189,69,5
189,70,5
189,71,1
189,72,3
189,73,3
189,74,4
189,75,0
189,76,2
189,77,2
189,78,5
189,79,1
189,80,0
189,81,3
189,82,5
189,83,1
189,84,4
189,85,5
189,86,0
189,87,4
189,88,5
189,89,3
189,90,1
189,91,1
189,92,5
189,93,0
189,94,0
189,95,1
189,96,3
189,97,1
189,98,2
189,99,3
189,100,5
189,101,5
189,102,3
189,103,3
189,104,2
189,105,5
189,106,1
189,107,4
189,108,1
189,109,0
189,110,1
189,111,5
189,112,5
189,113,2
189,114,2
189,115,2
189,116,2
189,117,1
189,118,1
189,119,1
189,120,5
189,121,4
189,122,2
189,123,1
189,124,0
189,125,5
189,126,0
189,127,4
189,128,1
189,129,5
189,130,2
189,131,5
189,132,2
189,133,5
189,134,2
189,135,4
189,136,1
189,137,4
189,138,4
189,139,0
189,140,5
189,141,4
189,142,0
189,143,5
189,144,2
189,145,5
189,146,5
189,147,4
189,148,3
189,149,5
189,150,1
189,151,5
189,152,5
189,153,4
189,154,5
189,155,3
189,156,5
189,157,3
189,158,1
189,159,5
189,160,3
189,161,5
189,162,3
189,163,0
189,164,1
189,165,1
189,166,0
189,167,0
189,168,0
189,169,5
189,170,5
189,171,5
189,172,4
189,173,4
189,174,0
189,175,3
189,176,2
189,177,1
189,178,3
189,179,1
189,180,5
189,181,2
189,182,3
189,183,1
189,184,0
189,185,5
189,186,5
189,187,0
189,188,5
189,189,4
189,190,3
189,191,1
189,192,3
189,193,3
189,194,5
189,195,4
189,196,2
189,197,5
189,198,2
189,199,0
189,200,1
189,201,5
189,202,3
189,203,1
189,204,5
189,205,4
189,206,2
189,207,3
189,208,5
189,209,1
190,1,5
190,2,1
190,3,3
190,4,5
190,5,5
190,6,3
190,7,0
190,8,5
190,9,0
190,10,5
190,11,5
190,12,4
190,13,5
190,14,5
190,15,5
190,16,0
190,17,1
190,18,2
190,19,4
190,20,3
190,21,3
190,22,5
190,23,2
190,24,5
190,25,4
190,26,1
190,27,4
190,28,4
190,29,5
190,30,0
190,31,5
190,32,3
190,33,4
190,34,4
190,35,2
190,36,4
190,37,4
190,38,5
190,39,0
190,40,5
190,41,4
190,42,5
190,43,5
190,44,5
190,45,2
190,46,5
190,47,1
190,48,1
190,49,3
190,50,1
190,51,5
190,52,0
190,53,5
190,54,2
190,55,3
190,56,1
190,57,5
190,58,5
190,59,1
190,60,2
190,61,2
190,62,2
190,63,3
190,64,5
190,65,2
190,66,2
190,67,5
190,68,3
190,69,1
190,70,1
190,71,5
190,72,2
190,73,0
190,74,1
190,75,3
190,76,0
190,77,0
190,78,3
190,79,3
190,80,2
190,81,5
190,82,1
190,83,3
190,84,5
190,85,0
190,86,0
190,87,4
190,88,1
190,89,2
190,90,0
190,91,5
190,92,4
190,93,3
190,94,4
190,95,1
190,96,5
190,97,4
190,98,4
190,99,5
190,100,2
190,101,0
190,102,5
190,103,1
190,104,0
190,105,5
190,106,0
190,107,1
190,108,2
190,109,5
190,110,3
190,111,3
190,112,2
190,113,5
190,114,2
190,115,3
190,116,5
190,117,2
190,118,5
190,119,5
190,120,1
190,121,1
190,122,1
190,123,0
190,124,2
190,125,0
190,126,1
190,127,5
190,128,2
190,129,3
190,130,4
190,131,5
190,132,1
190,133,0
190,134,4
190,135,5
190,136,2
190,137,2
190,138,5
190,139,3
190,140,4
190,141,1
190,142,2
190,143,3
190,144,2
190,145,0
190,146,5
190,147,1
190,148,1
190,149,5
190,150,4
190,151,5
190,152,0
190,153,1
190,154,5
190,155,0
190,156,0
190,157,2
190,158,1
190,159,1
190,160,3
190,161,5
190,162,0
190,163,5
190,164,5
190,165,5
190,166,2
190,167,3
190,168,1
190,169,5
190,170,1
190,171,0
190,172,3
190,173,5
190,174,4
190,175,2
190,176,5
190,177,5
190,178,5
190,179,0
190,180,0
190,181,3
190,182,5
190,183,1
190,184,5
190,185,1
190,186,1
190,187,0
190,188,5
190,189,5
190,190,5
190,191,2
190,192,3
190,193,5
190,194,2
190,195,4
190,196,5
190,197,0
190,198,3
190,199,4
190,200,2
190,201,5
190,202,4
190,203,0
190,204,1
190,205,3
190,206,1
190,207,5
190,208,5
190,209,5
190,210,1
190,211,2
190,212,4
190,213,0
190,214,5
190,215,2
190,216,5
190,217,5
190,218,5
190,219,4
190,220,5
190,221,2
190,222,2
190,223,5
190,224,5
190,225,1
190,226,2
190,227,4
190,228,1
190,229,0
190,230,2
190,231,4
190,232,4
190,233,2
190,234,1
190,235,1
190,236,5
190,237,3
190,238,5
190,239,5
190,240,0
190,241,5
190,242,0
190,243,5
190,244,1
190,245,5
190,246,5
190,247,0
190,248,2
190,249,1
190,250,3
190,251,2
190,252,0
190,253,1
190,254,0
190,255,4
190,256,0
190,257,1
191,1,3
191,2,2
191,3,1
191,4,1
191,5,0
191,6,0
191,7,5
191,8,0
191,9,3
191,10,4
191,11,5
191,12,5
191,13,0
191,14,3
191,15,5
191,16,5
191,17,0
191,18,3
191,19,5
191,20,4
191,21,3
191,22,1
191,23,0
191,24,1
191,25,0
191,26,3
191,27,4
191,28,5
191,29,5
191,30,4
191,31,5
191,32,3
191,33,3
191,34,1
191,35,0
191,36,1
191,37,0
191,38,1
191,39,5
191,40,2
191,41,1
191,42,1
191,43,4
191,44,0
191,45,3
191,46,0
191,47,4
191,48,0
191,49,0
191,50,5
191,51,5
191,52,5
191,53,1
191,54,5
191,55,4
191,56,2
191,57,2
191,58,1
191,59,0
191,60,3
191,61,5
191,62,5
191,63,3
191,64,1
191,65,0
191,66,4
191,67,3
191,68,3
191,69,0
191,70,5
191,71,5
191,72,1
191,73,5
191,74,3
191,75,1
191,76,2
191,77,1
191,78,3
191,79,2
191,80,4
191,81,4
191,82,2
191,83,5
191,84,4
191,85,2
191,86,1
191,87,2
191,88,1
191,89,2
191,90,5
191,91,4
191,92,5
191,93,2
191,94,3
191,95,2
191,96,4
191,97,2
191,98,0
191,99,1
191,100,3
191,101,1
191,102,5
191,103,1
191,104,4
191,105,2
191,106,4
191,107,2
191,108,3
191,109,4
191,110,2
191,111,5
191,112,0
191,113,5
191,114,2
191,115,5
191,116,4
191,117,0
191,118,4
191,119,5
191,120,0
191,121,5
191,122,0
191,123,1
191,124,1
191,125,3
191,126,1
191,127,0
191,128,3
191,129,5
191,130,3
191,131,0
191,132,0
191,133,2
191,134,5
191,135,3
191,136,1
191,137,5
191,138,4
191,139,4
191,140,2
191,141,5
191,142,2
191,143,3
191,144,4
191,145,5
191,146,2
191,147,1
191,148,2
191,149,5
191,150,5
191,151,3
191,152,2
191,153,3
191,154,3
191,155,0
191,156,5
191,157,3
191,158,4
191,159,1
191,160,5
191,161,1
191,162,4
191,163,4
191,164,5
191,165,5
191,166,4
191,167,1
191,168,3
191,169,2
191,170,3
191,171,3
191,172,0
191,173,2
191,174,5
191,175,1
191,176,2
191,177,0
191,178,1
191,179,4
191,180,5
191,181,1
191,182,2
191,183,3
191,184,2
191,185,5
191,186,0
191,187,5
191,188,3
191,189,0
191,190,4
191,191,5
191,192,5
191,193,2
191,194,3
191,195,5
191,196,5
191,197,3
191,198,2
191,199,5
191,200,5
191,201,0
191,202,2
191,203,1
191,204,0
191,205,5
191,206,5
191,207,2
191,208,5
191,209,4
191,210,3
191,211,1
191,212,2
191,213,5
191,214,5
191,215,5
191,216,5
191,217,5
191,218,0
191,219,5
192,1,0
192,2,4
192,3,1
192,4,2
192,5,1
192,6,0
192,7,4
192,8,4
192,9,3
192,10,5
192,11,3
192,12,2
192,13,1
192,14,0
192,15,4
192,16,5
192,17,5
192,18,3
192,19,1
192,20,0
192,21,5
192,22,2
192,23,4
192,24,4
192,25,3
192,26,5
192,27,2
192,28,5
192,29,0
192,30,4
192,31,1
192,32,4
192,33,4
192,34,3
192,35,1
192,36,5
192,37,4
192,38,5
192,39,3
192,40,0
192,41,5
192,42,0
192,43,4
192,44,5
192,45,2
192,46,4
192,47,4
192,48,1
192,49,3
192,50,0
192,51,2
192,52,2
192,53,1
192,54,5
192,55,3
192,56,5
192,57,0
192,58,3
192,59,1
192,60,0
192,61,5
192,62,0
192,63,4
192,64,1
192,65,3
192,66,4
192,67,1
192,68,5
192,69,4
192,70,2
192,71,5
192,72,0
192,73,5
192,74,2
192,75,2
192,76,4
192,77,1
192,78,3
192,79,3
192,80,5
192,81,3
192,82,0
192,83,4
192,84,3
192,85,5
192,86,0
192,87,3
192,88,0
192,89,0
192,90,4
192,91,5
192,92,5
192,93,5
192,94,1
192,95,5
192,96,1
192,97,4
192,98,0
192,99,5
192,100,2
192,101,1
192,102,3
192,103,1
192,104,5
192,105,4
192,106,0
192,107,4
192,108,5
192,109,1
192,110,3
192,111,5
192,112,0
192,113,0
192,114,4
192,115,4
192,116,5
192,117,5
192,118,1
192,119,3
192,120,0
192,121,1
192,122,4
192,123,1
192,124,1
192,125,2
192,126,3
192,127,3
192,128,5
192,129,5
192,130,5
192,131,0
192,132,3
192,133,1
193,1,3
193,2,5
193,3,1
193,4,0
193,5,1
193,6,2
193,7,0
193,8,4
193,9,4
193,10,4
193,11,0
193,12,0
193,13,4
193,14,5
193,15,3
193,16,3
193,17,4
193,18,4
193,19,3
193,20,1
193,21,4
193,22,5
193,23,2
193,24,4
193,25,5
193,26,4
193,27,5
193,28,1
193,29,5
193,30,1
193,31,4
193,32,1
193,33,5
193,34,5
193,35,1
193,36,0
193,37,3
193,38,5
193,39,4
193,40,5
193,41,3
193,42,1
193,43,1
193,44,5
193,45,3
193,46,5
193,47,2
193,48,2
193,49,0
193,50,2
193,51,1
193,52,0
193,53,1
193,54,4
193,55,1
193,56,4
193,57,4
193,58,3
193,59,2
193,60,5
193,61,2
193,62,4
193,63,2
193,64,5
193,65,1
193,66,2
193,67,5
193,68,2
193,69,5
193,70,2
193,71,5
193,72,1
193,73,3
193,74,1
193,75,0
193,76,2
193,77,5
193,78,0
193,79,3
193,80,5
193,81,2
193,82,1
193,83,4
193,84,2
193,85,2
193,86,5
193,87,2
193,88,5
193,89,0
193,90,4
193,91,0
193,92,2
193,93,2
193,94,5
193,95,1
193,96,3
193,97,0
193,98,5
193,99,5
193,100,3
193,101,1
193,102,0
193,103,3
193,104,5
193,105,2
193,106,5
193,107,0
193,108,0
193,109,3
193,110,5
193,111,3
193,112,4
193,113,5
193,114,2
193,115,2
193,116,2
193,117,5
193,118,2
193,119,0
193,120,4
193,121,0
193,122,5
193,123,1
193,124,2
193,125,5
193,126,2
193,127,1
193,128,5
193,129,4
193,130,5
193,131,2
193,132,1
193,133,3
193,134,4
193,135,1
193,136,5
193,137,5
193,138,3
193,139,3
193,140,2
193,141,4
193,142,5
193,143,3
193,144,1
193,145,5
193,146,5
193,147,3
193,148,3
193,149,4
193,150,3
193,151,2
193,152,3
193,153,1
193,154,1
193,155,5
193,156,4
193,157,3
193,158,2
193,159,4
193,160,5
193,161,1
193,162,5
193,163,0
193,164,4
193,165,5
193,166,0
193,167,1
193,168,0
193,169,1
193,170,5
193,171,2
193,172,5
194,1,5
194,2,2
194,3,5
194,4,5
194,5,3
194,6,4
194,7,0
194,8,5
194,9,5
194,10,3
194,11,2
194,12,4
194,13,3
194,14,2
194,15,3
194,16,2
194,17,1
194,18,5
194,19,2
194,20,2
194,21,0
194,22,2
194,23,0
194,24,3
194,25,5
194,26,2
194,27,1
194,28,0
194,29,3
194,30,2
194,31,2
194,32,4
194,33,5
194,34,4
194,35,1
194,36,5
194,37,4
194,38,0
194,39,4
194,40,4
194,41,3
194,42,3
194,43,3
194,44,3
194,45,3
194,46,0
194,47,3
194,48,5
194,49,2
194,50,4
194,51,1
194,52,5
194,53,2
194,54,5
194,55,5
194,56,2
194,57,0
194,58,5
194,59,3
194,60,2
194,61,4
194,62,5
194,63,0
194,64,1
194,65,0
194,66,5
194,67,4
194,68,0
194,69,0
194,70,5
194,71,1
194,72,5
194,73,4
194,74,2
194,75,1
194,76,2
194,77,5
194,78,5
194,79,5
194,80,1
194,81,2
194,82,4
194,83,3
194,84,2
194,85,5
194,86,0
194,87,4
194,88,5
194,89,2
194,90,0
194,91,1
194,92,3
194,93,2
194,94,1
194,95,3
194,96,5
194,97,1
194,98,1
194,99,5
194,100,4
194,101,4
194,102,5
194,103,5
194,104,4
194,105,1
194,106,2
194,107,3
194,108,4
194,109,1
194,110,3
194,111,5
194,112,1
194,113,0
194,114,1
194,115,2
194,116,0
194,117,0
194,118,1
194,119,4
194,120,2
194,121,4
194,122,3
194,123,1
194,124,3
194,125,4
194,126,5
194,127,0
194,128,1
194,129,5
194,130,5
194,131,5
194,132,4
194,133,2
194,134,5
194,135,4
194,136,2
194,137,5
194,138,3
194,139,4
194,140,0
194,141,5
194,142,3
194,143,1
194,144,5
194,145,1
194,146,3
194,147,2
194,148,1
195,1,1
195,2,5
195,3,5
195,4,0
195,5,5
195,6,0
195,7,2
195,8,1
195,9,5
195,10,2
195,11,0
195,12,0
195,13,5
195,14,0
195,15,3
195,16,1
195,17,1
195,18,5
195,19,4
195,20,4
195,21,5
195,22,5
195,23,5
195,24,5
195,25,0
195,26,4
195,27,3
195,28,3
195,29,4
195,30,1
195,31,4
195,32,5
195,33,1
195,34,3
195,35,0
195,36,1
195,37,0
195,38,3
195,39,1
195,40,0
195,41,0
195,42,5
195,43,5
195,44,4
195,45,0
195,46,1
195,47,2
195,48,3
195,49,0
195,50,0
195,51,3
195,52,1
195,53,3
195,54,1
195,55,2
195,56,2
195,57,4
195,58,4
195,59,4
195,60,2
195,61,2
195,62,5
195,63,3
195,64,3
195,65,2
195,66,3
195,67,0
195,68,3
195,69,2
195,70,1
195,71,3
195,72,2
195,73,5
195,74,0
195,75,4
195,76,4
195,77,2
195,78,3
195,79,4
195,80,5
195,81,2
195,82,3
195,83,0
195,84,1
195,85,3
195,86,0
195,87,3
195,88,4
195,89,5
195,90,5
195,91,4
195,92,5
195,93,3
195,94,0
195,95,0
195,96,3
195,97,4
195,98,0
195,99,5
195,100,1
195,101,0
195,102,3
195,103,3
195,104,2
195,105,2
195,106,3
195,107,0
195,108,5
195,109,1
195,110,1
195,111,4
195,112,0
195,113,1
195,114,4
195,115,2
195,116,5
195,117,4
195,118,4
195,119,0
195,120,5
195,121,2
195,122,5
195,123,2
195,124,5
195,125,4
195,126,5
195,127,3
195,128,5
195,129,0
195,130,3
195,131,4
195,132,4
195,133,0
195,134,3
195,135,5
195,136,5
195,137,0
195,138,5
195,139,5
195,140,5
195,141,0
195,142,2
195,143,5
195,144,2
195,145,3
195,146,4
195,147,0
195,148,3
195,149,5
195,150,3
195,151,3
195,152,0
195,153,5
195,154,5
195,155,4
195,156,3
195,157,4
195,158,5
195,159,5
195,160,5
195,161,3
195,162,5
195,163,2
195,164,5
195,165,5
195,166,1
195,167,5
195,168,5
195,169,5
195,170,2
195,171,2
195,172,4
195,173,3
195,174,0
195,175,1
195,176,1
195,177,2
195,178,0
195,179,2
195,180,0
195,181,5
195,182,5
195,183,3
195,184,5
195,185,2
195,186,1
195,187,3
195,188,5
195,189,5
195,190,5
196,1,5
196,2,5
196,3,0
196,4,5
196,5,5
196,6,5
196,7,4
196,8,1
196,9,1
196,10,4
196,11,5
196,12,2
196,13,5
196,14,5
196,15,5
196,16,3
196,17,1
196,18,0
196,19,0
196,20,4
196,21,1
196,22,4
196,23,2
196,24,5
196,25,4
196,26,5
196,27,2
196,28,4
196,29,5
196,30,4
196,31,5
196,32,1
196,33,5
196,34,2
196,35,3
196,36,5
196,37,2
196,38,3
196,39,0
196,40,1
196,41,2
196,42,4
196,43,5
196,44,4
196,45,1
196,46,5
196,47,5
196,48,5
196,49,1
196,50,0
196,51,5
196,52,5
196,53,1
196,54,4
196,55,0
196,56,4
196,57,3
196,58,3
196,59,1
196,60,5
196,61,2
196,62,0
196,63,2
196,64,4
196,65,2
196,66,5
196,67,5
196,68,3
196,69,4
196,70,4
196,71,5
196,72,4
196,73,4
196,74,2
196,75,5
196,76,3
196,77,5
196,78,4
196,79,3
196,80,2
196,81,0
196,82,1
196,83,5
196,84,5
196,85,5
196,86,4
196,87,0
196,88,5
196,89,4
196,90,5
196,91,0
196,92,3
196,93,3
196,94,5
196,95,5
196,96,3
196,97,5
196,98,4
196,99,2
196,100,2
196,101,1
196,102,3
196,103,2
196,104,2
196,105,4
196,106,4
196,107,2
196,108,1
196,109,4
196,110,4
196,111,0
196,112,5
196,113,2
196,114,4
196,115,5
196,116,3
196,117,2
196,118,2
196,119,2
196,120,1
196,121,0
196,122,1
196,123,5
196,124,4
196,125,2
196,126,2
196,127,1
196,128,2
196,129,2
196,130,5
196,131,0
196,132,3
196,133,4
196,134,4
196,135,3
196,136,2
196,137,1
196,138,3
196,139,3
196,140,2
196,141,0
196,142,2
196,143,2
196,144,5
196,145,2
196,146,0
196,147,5
196,148,5
196,149,0
196,150,3
196,151,1
196,152,3
196,153,1
196,154,3
196,155,1
196,156,0
196,157,4
196,158,5
196,159,4
196,160,4
196,161,4
196,162,5
196,163,1
196,164,5
196,165,4
196,166,0
196,167,5
196,168,1
196,169,5
196,170,3
196,171,5
196,172,0
196,173,0
196,174,1
196,175,3
196,176,5
196,177,1
196,178,0
196,179,0
196,180,5
196,181,0
196,182,4
196,183,5
196,184,1
196,185,3
196,186,4
196,187,0
196,188,3
196,189,2
196,190,4
196,191,4
196,192,1
196,193,3
196,194,0
196,195,1
196,196,3
196,197,5
196,198,5
196,199,4
196,200,0
196,201,0
196,202,0
196,203,4
196,204,1
196,205,5
196,206,4
196,207,5
196,208,0
196,209,1
196,210,1
196,211,1
196,212,3
196,213,2
196,214,4
196,215,0
196,216,3
196,217,1
196,218,3
196,219,1
196,220,0
196,221,3
196,222,2
196,223,5
196,224,0
196,225,0
196,226,1
196,227,2
196,228,0
196,229,2
196,230,1
196,231,0
196,232,3
196,233,3
196,234,1
196,235,2
196,236,0
196,237,3
196,238,5
196,239,1
197,1,0
197,2,2
197,3,3
197,4,5
197,5,5
197,6,4
197,7,5
197,8,5
197,9,1
197,10,0
197,11,5
197,12,4
197,13,3
197,14,5
197,15,0
197,16,2
197,17,3
197,18,0
197,19,0
197,20,3
197,21,5
197,22,2
197,23,4
197,24,1
197,25,2
197,26,5
197,27,1
197,28,3
197,29,3
197,30,5
197,31,5
197,32,3
197,33,0
197,34,4
197,35,0
197,36,5
197,37,1
197,38,4
197,39,5
197,40,5
197,41,2
197,42,2
197,43,3
197,44,3
197,45,5
197,46,2
197,47,4
197,48,3
197,49,4
197,50,4
197,51,4
197,52,3
197,53,5
197,54,5
197,55,5
197,56,5
197,57,3
197,58,5
197,59,5
197,60,1
197,61,1
197,62,1
197,63,2
197,64,4
197,65,5
197,66,1
197,67,5
197,68,4
197,69,5
197,70,5
197,71,5
197,72,2
197,73,5
197,74,1
197,75,5
197,76,4
197,77,0
197,78,3
197,79,5
197,80,0
197,81,2
197,82,2
197,83,2
197,84,4
197,85,4
197,86,3
197,87,2
197,88,0
197,89,0
197,90,0
197,91,5
197,92,0
197,93,0
197,94,2
197,95,2
197,96,5
197,97,5
197,98,3
197,99,3
197,100,3
197,101,5
197,102,2
197,103,0
197,104,2
197,105,2
197,106,2
197,107,0
197,108,4
197,109,5
197,110,0
197,111,1
197,112,3
197,113,2
197,114,3
197,115,1
197,116,5
197,117,2
197,118,4
197,119,1
197,120,1
197,121,1
197,122,4
197,123,2
197,124,1
197,125,3
197,126,4
197,127,5
197,128,0
197,129,0
197,130,0
197,131,4
197,132,2
197,133,2
197,134,1
197,135,5
197,136,4
197,137,5
197,138,3
197,139,1
197,140,1
197,141,5
197,142,2
197,143,4
197,144,0
197,145,1
197,146,5
197,147,3
197,148,1
197,149,0
197,150,5
197,151,2
197,152,3
197,153,1
197,154,1
198,1,5
198,2,5
198,3,1
198,4,2
198,5,2
198,6,2
198,7,4
198,8,2
198,9,2
198,10,5
198,11,2
198,12,2
198,13,5
198,14,3
198,15,1
198,16,4
198,17,0
198,18,3
198,19,0
198,20,5
198,21,0
198,22,1
198,23,4
198,24,5
198,25,5
198,26,3
198,27,2
198,28,5
198,29,5
198,30,5
198,31,4
198,32,3
198,33,5
198,34,2
198,35,0
198,36,0
198,37,5
198,38,1
198,39,5
198,40,2
198,41,2
198,42,0
198,43,3
198,44,1
198,45,2
198,46,1
198,47,0
198,48,1
198,49,5
198,50,2
198,51,5
198,52,4
198,53,1
198,54,0
198,55,2
198,56,3
198,57,3
198,58,0
198,59,2
198,60,4
198,61,2
198,62,2
198,63,5
198,64,0
198,65,0
198,66,0
198,67,5
198,68,2
198,69,2
198,70,4
198,71,2
198,72,2
198,73,5
198,74,0
198,75,4
198,76,3
198,77,2
198,78,0
198,79,4
198,80,2
198,81,5
198,82,1
198,83,5
198,84,1
198,85,3
198,86,4
198,87,1
198,88,4
198,89,1
198,90,5
198,91,1
198,92,0
198,93,2
198,94,5
198,95,1
198,96,5
198,97,0
198,98,2
198,99,1
198,100,1
198,101,5
198,102,2
198,103,5
198,104,1
198,105,5
198,106,5
198,107,5
198,108,3
198,109,1
198,110,5
198,111,0
198,112,5
198,113,3
198,114,5
198,115,5
198,116,3
198,117,3
198,118,4
198,119,5
198,120,5
198,121,5
198,122,3
198,123,0
198,124,2
198,125,1
198,126,5
198,127,1
198,128,2
198,129,4
198,130,3
198,131,0
198,132,0
198,133,0
198,134,3
198,135,2
198,136,3
198,137,0
198,138,2
198,139,4
198,140,4
198,141,5
198,142,1
198,143,4
198,144,4
198,145,1
198,146,3
198,147,5
198,148,0
198,149,5
198,150,3
198,151,2
198,152,0
198,153,3
198,154,5
198,155,1
198,156,0
198,157,1
198,158,1
198,159,5
198,160,1
198,161,1
198,162,0
198,163,3
198,164,3
198,165,5
198,166,0
198,167,5
198,168,3
198,169,5
198,170,2
198,171,5
198,172,0
198,173,5
198,174,2
198,175,4
198,176,3
198,177,1
198,178,4
198,179,5
198,180,5
198,181,0
198,182,3
198,183,5
198,184,5
198,185,3
198,186,4
198,187,3
198,188,3
198,189,5
198,190,1
198,191,2
198,192,5
198,193,3
198,194,3
198,195,1
198,196,4
198,197,2
198,198,5
198,199,3
198,200,4
198,201,3
198,202,3
198,203,0
198,204,4
198,205,5
199,1,1
199,2,4
199,3,5
199,4,0
199,5,3
199,6,5
199,7,4
199,8,0
199,9,4
199,10,5
199,11,2
199,12,0
199,13,3
199,14,0
199,15,0
199,16,0
199,17,1
199,18,0
199,19,2
199,20,4
199,21,5
199,22,4
199,23,3
199,24,5
199,25,1
199,26,5
199,27,4
199,28,4
199,29,1
199,30,5
199,31,2
199,32,3
199,33,1
199,34,2
199,35,5
199,36,5
199,37,5
199,38,1
199,39,2
199,40,1
199,41,1
199,42,2
199,43,4
199,44,3
199,45,3
199,46,5
199,47,4
199,48,0
199,49,5
199,50,1
199,51,5
199,52,3
199,53,2
199,54,5
199,55,0
199,56,2
199,57,5
199,58,2
199,59,5
199,60,4
199,61,1
199,62,2
199,63,4
199,64,1
199,65,4
199,66,1
199,67,0
199,68,2
199,69,2
199,70,3
199,71,5
199,72,1
199,73,3
199,74,3
199,75,0
199,76,0
199,77,4
199,78,5
199,79,5
199,80,5
199,81,0
199,82,5
199,83,0
199,84,1
199,85,4
199,86,0
199,87,4
199,88,5
199,89,4
199,90,5
199,91,4
199,92,4
199,93,4
199,94,1
199,95,4
199,96,3
199,97,1
199,98,5
199,99,4
199,100,3
199,101,4
199,102,4
199,103,4
199,104,1
199,105,1
199,106,5
199,107,2
199,108,2
199,109,5
199,110,5
199,111,3
199,112,4
199,113,3
199,114,5
199,115,2
199,116,0
199,117,4
199,118,0
199,119,4
199,120,1
199,121,4
199,122,5
199,123,0
199,124,3
199,125,3
199,126,5
199,127,0
199,128,5
199,129,2
199,130,3
199,131,4
199,132,5
199,133,3
199,134,1
199,135,3
199,136,0
199,137,1
199,138,4
199,139,3
199,140,2
199,141,2
199,142,0
199,143,2
199,144,4
199,145,1
199,146,4
199,147,5
199,148,2
199,149,3
199,150,1
199,151,3
199,152,0
199,153,5
199,154,5
199,155,0
199,156,3
199,157,3
199,158,1
199,159,3
199,160,5
199,161,4
199,162,4
199,163,2
199,164,1
199,165,4
199,166,0
199,167,4
199,168,2
199,169,1
199,170,1
199,171,4
199,172,5
199,173,0
199,174,0
199,175,0
199,176,5
199,177,5
199,178,4
199,179,3
199,180,5
199,181,2
199,182,5
199,183,2
199,184,1
199,185,5
199,186,5
199,187,4
199,188,1
199,189,1
199,190,5
199,191,5
199,192,5
199,193,0
199,194,1
199,195,4
199,196,1
199,197,4
199,198,3
199,199,0
199,200,5
199,201,2
199,202,2
199,203,1
199,204,1
199,205,5
199,206,5
199,207,0
199,208,0
199,209,5
199,210,3
199,211,1
199,212,4
199,213,2
199,214,4
199,215,5
199,216,2
199,217,3
199,218,4
199,219,1
200,1,0
200,2,0
200,3,4
200,4,2
200,5,1
200,6,1
200,7,4
200,8,5
200,9,0
200,10,0
200,11,5
200,12,5
200,13,5
200,14,2
200,15,0
200,16,3
200,17,0
200,18,5
200,19,5
200,20,2
200,21,5
200,22,5
200,23,0
200,24,1
200,25,4
200,26,4
200,27,0
200,28,0
200,29,3
200,30,5
200,31,1
200,32,0
200,33,5
200,34,5
200,35,1
200,36,4
200,37,1
200,38,3
200,39,1
200,40,4
200,41,1
200,42,4
200,43,5
200,44,5
200,45,0
200,46,5
200,47,2
200,48,1
200,49,5
200,50,2
200,51,4
200,52,4
200,53,4
200,54,2
200,55,3
200,56,3
200,57,3
200,58,5
200,59,4
200,60,1
200,61,5
200,62,1
200,63,3
200,64,4
200,65,0
200,66,3
200,67,2
200,68,3
200,69,2
200,70,0
200,71,0
200,72,5
200,73,0
200,74,4
200,75,4
200,76,0
200,77,1
200,78,3
200,79,0
200,80,0
200,81,4
200,82,0
200,83,3
200,84,5
200,85,4
200,86,5
200,87,4
200,88,5
200,89,3
200,90,4
200,91,5
200,92,3
200,93,3
200,94,0
200,95,2
200,96,1
200,97,3
200,98,0
200,99,5
200,100,0
200,101,3
200,102,3
200,103,5
200,104,1
200,105,5
200,106,5
200,107,2
200,108,0
200,109,2
200,110,5
200,111,5
200,112,5
200,113,2
200,114,5
200,115,1
200,116,3
200,117,2
200,118,1
200,119,5
200,120,1
200,121,3
200,122,5
200,123,4
200,124,5
200,125,3
200,126,3
200,127,2
200,128,2
200,129,3
200,130,5
200,131,1
200,132,5
200,133,2
200,134,5
200,135,1
200,136,0
200,137,1
200,138,5
200,139,0
200,140,0
200,141,0
200,142,2
200,143,3
200,144,3
200,145,0
200,146,2
200,147,3
200,148,5
200,149,2
200,150,2
200,151,5
200,152,5
200,153,4
200,154,5
200,155,1
200,156,4
200,157,4
200,158,3
200,159,3
200,160,0
200,161,2
200,162,4
200,163,1
200,164,5
200,165,5
200,166,3
200,167,5
200,168,0
200,169,0
200,170,4
200,171,5
200,172,5
200,173,5
200,174,5
200,175,4
200,176,4
200,177,3
200,178,1
200,179,4
200,180,5
200,181,0
200,182,0
200,183,0
200,184,5
200,185,0
200,186,5
200,187,1
200,188,4
200,189,2
200,190,0
200,191,5
200,192,5
200,193,1
200,194,4
200,195,5
200,196,1
200,197,2
200,198,1
200,199,5
200,200,3
200,201,3
200,202,2
200,203,2
200,204,3
200,205,2
200,206,1
200,207,0
200,208,1
200,209,3
200,210,4
200,211,4
200,212,3
200,213,1
200,214,3
200,215,4
200,216,2
200,217,3
200,218,0
200,219,5
200,220,1
200,221,1
200,222,1
200,223,5
200,224,2
200,225,1
200,226,2
200,227,5
201,1,3
201,2,5
201,3,5
201,4,2
201,5,4
201,6,2
201,7,4
201,8,0
201,9,5
201,10,5
201,11,0
201,12,0
201,13,1
201,14,0
201,15,4
201,16,5
201,17,4
201,18,1
201,19,5
201,20,5
201,21,5
201,22,5
201,23,5
201,24,2
201,25,0
201,26,2
201,27,5
201,28,2
201,29,1
201,30,2
201,31,2
201,32,2
201,33,5
201,34,5
201,35,2
201,36,4
201,37,2
201,38,0
201,39,5
201,40,5
201,41,4
201,42,1
201,43,1
201,44,0
201,45,3
201,46,4
201,47,1
201,48,3
201,49,3
201,50,1
201,51,1
201,52,5
201,53,5
201,54,3
201,55,0
201,56,3
201,57,0
201,58,3
201,59,3
201,60,5
201,61,3
201,62,0
201,63,1
201,64,5
201,65,3
201,66,0
201,67,0
201,68,5
201,69,2
201,70,2
201,71,2
201,72,0
201,73,1
201,74,4
201,75,1
201,76,1
201,77,3
201,78,2
201,79,5
201,80,0
201,81,1
201,82,0
201,83,4
201,84,3
201,85,5
201,86,5
201,87,1
201,88,3
201,89,5
201,90,0
201,91,5
201,92,0
201,93,5
201,94,4
201,95,5
201,96,5
201,97,3
201,98,5
201,99,3
201,100,0
201,101,0
201,102,2
201,103,2
201,104,3
201,105,5
201,106,4
201,107,4
201,108,2
201,109,5
201,110,1
201,111,3
201,112,3
201,113,5
201,114,0
201,115,4
201,116,5
201,117,1
201,118,3
201,119,4
201,120,1
201,121,4
201,122,3
201,123,5
201,124,3
201,125,1
201,126,1
201,127,5
201,128,1
201,129,5
201,130,2
201,131,2
201,132,0
201,133,2
201,134,3
201,135,0
201,136,5
201,137,3
201,138,0
201,139,4
201,140,5
201,141,2
201,142,5
201,143,1
201,144,5
201,145,4
201,146,1
201,147,3
201,148,2
201,149,4
201,150,4
201,151,4
201,152,5
201,153,5
201,154,0
201,155,5
201,156,0
201,157,2
201,158,2
201,159,0
201,160,5
201,161,2
201,162,5
201,163,2
201,164,1
201,165,5
201,166,5
201,167,5
201,168,2
201,169,2
201,170,0
201,171,3
201,172,5
201,173,3
201,174,1
201,175,5
201,176,0
201,177,2
201,178,2
201,179,4
201,180,2
201,181,3
201,182,3
201,183,0
201,184,0
201,185,4
201,186,0
201,187,1
201,188,2
201,189,1
201,190,3
201,191,4
202,1,4
202,2,4
202,3,0
202,4,5
202,5,2
202,6,3
202,7,4
202,8,2
202,9,5
202,10,5
202,11,3
202,12,1
202,13,5
202,14,2
202,15,4
202,16,4
202,17,0
202,18,5
202,19,5
202,20,5
202,21,3
202,22,2
202,23,5
202,24,1
202,25,5
202,26,5
202,27,0
202,28,3
202,29,2
202,30,2
202,31,0
202,32,3
202,33,5
202,34,0
202,35,3
202,36,4
202,37,2
202,38,5
202,39,2
202,40,0
202,41,1
202,42,5
202,43,1
202,44,3
202,45,0
202,46,5
202,47,3
202,48,3
202,49,2
202,50,4
202,51,3
202,52,2
202,53,2
202,54,1
202,55,0
202,56,2
202,57,5
202,58,3
202,59,2
202,60,4
202,61,0
202,62,2
202,63,0
202,64,1
202,65,0
202,66,2
202,67,3
202,68,2
202,69,5
202,70,3
202,71,0
202,72,3
202,73,1
202,74,2
202,75,5
202,76,1
202,77,1
202,78,4
202,79,5
202,80,2
202,81,0
202,82,4
202,83,4
202,84,4
202,85,2
202,86,3
202,87,5
202,88,5
202,89,3
202,90,0
202,91,3
202,92,1
202,93,5
202,94,4
202,95,3
202,96,0
202,97,2
202,98,4
202,99,1
202,100,4
202,101,0
202,102,4
202,103,3
202,104,5
202,105,3
202,106,0
202,107,5
202,108,1
202,109,2
202,110,4
202,111,5
202,112,2
202,113,1
202,114,4
202,115,3
202,116,2
202,117,4
202,118,2
202,119,2
202,120,5
202,121,1
202,122,5
202,123,4
202,124,4
202,125,5
202,126,1
202,127,0
202,128,0
202,129,3
202,130,3
202,131,0
202,132,1
202,133,0
202,134,5
202,135,3
202,136,5
202,137,4
202,138,4
202,139,0
202,140,1
202,141,3
202,142,1
202,143,2
202,144,0
202,145,0
202,146,5
202,147,3
202,148,1
202,149,5
202,150,3
202,151,5
202,152,4
202,153,5
202,154,3
202,155,0
202,156,4
202,157,5
202,158,4
202,159,1
202,160,3
202,161,1
202,162,3
202,163,5
202,164,5
202,165,2
202,166,3
202,167,5
202,168,3
202,169,2
202,170,4
202,171,0
202,172,5
202,173,3
202,174,5
202,175,0
202,176,1
202,177,0
202,178,0
202,179,5
202,180,0
202,181,5
202,182,0
202,183,2
202,184,2
202,185,5
202,186,5
202,187,5
202,188,0
202,189,3
202,190,1
202,191,1
202,192,5
202,193,2
202,194,4
202,195,3
202,196,4
202,197,2
203,1,3
203,2,2
203,3,5
203,4,5
203,5,0
203,6,1
203,7,2
203,8,2
203,9,1
203,10,5
203,11,5
203,12,4
203,13,5
203,14,3
203,15,5
203,16,0
203,17,2
203,18,3
203,19,4
203,20,5
203,21,1
203,22,1
203,23,5
203,24,2
203,25,5
203,26,5
203,27,4
203,28,5
203,29,5
203,30,0
203,31,3
203,32,0
203,33,5
203,34,3
203,35,4
203,36,5
203,37,0
203,38,5
203,39,5
203,40,0
203,41,0
203,42,5
203,43,3
203,44,0
203,45,3
203,46,5
203,47,2
203,48,5
203,49,2
203,50,4
203,51,1
203,52,1
203,53,0
203,54,4
203,55,1
203,56,0
203,57,3
203,58,5
203,59,2
203,60,1
203,61,2
203,62,3
203,63,3
203,64,2
203,65,3
203,66,1
203,67,5
203,68,5
203,69,0
203,70,4
203,71,0
203,72,5
203,73,4
203,74,0
203,75,0
203,76,1
203,77,5
203,78,2
203,79,5
203,80,4
203,81,5
203,82,5
203,83,3
203,84,4
203,85,2
203,86,0
203,87,0
203,88,3
203,89,3
203,90,1
203,91,3
203,92,1
203,93,5
203,94,2
203,95,0
203,96,2
203,97,1
203,98,0
203,99,5
203,100,5
203,101,0
203,102,5
203,103,2
203,104,1
203,105,3
203,106,5
203,107,2
203,108,0
203,109,0
203,110,5
203,111,1
203,112,0
203,113,5
203,114,1
203,115,2
203,116,3
203,117,1
203,118,5
203,119,5
203,120,4
203,121,4
203,122,4
203,123,5
203,124,4
203,125,5
203,126,3
203,127,3
203,128,2
203,129,2
203,130,4
203,131,5
203,132,5
203,133,5
203,134,0
203,135,0
203,136,5
203,137,2
203,138,2
203,139,2
203,140,1
203,141,5
203,142,1
203,143,2
203,144,1
203,145,5
203,146,5
203,147,5
203,148,5
203,149,5
203,150,4
203,151,0
203,152,0
203,153,3
203,154,1
203,155,5
203,156,3
203,157,5
203,158,0
203,159,1
203,160,1
203,161,4
203,162,0
203,163,0
203,164,4
203,165,0
203,166,0
203,167,3
203,168,5
203,169,4
203,170,4
203,171,1
203,172,2
203,173,1
203,174,4
203,175,0
203,176,5
203,177,0
203,178,3
203,179,3
203,180,0
203,181,3
203,182,0
203,183,5
203,184,1
203,185,3
203,186,2
203,187,4
203,188,4
203,189,4
203,190,2
203,191,5
203,192,3
203,193,3
203,194,3
203,195,2
203,196,1
203,197,0
203,198,3
203,199,1
203,200,5
203,201,4
203,202,0
203,203,4
203,204,4
203,205,5
203,206,2
203,207,2
203,208,5
203,209,5
203,210,2
203,211,2
203,212,2
203,213,3
203,214,1
203,215,3
203,216,3
203,217,4
203,218,5
203,219,4
203,220,0
203,221,5
203,222,3
203,223,2
203,224,4
203,225,1
203,226,3
203,227,3
203,228,0
203,229,4
203,230,5
203,231,3
203,232,1
203,233,0
203,234,2
203,235,5
203,236,5
203,237,4
203,238,2
203,239,2
203,240,1
203,241,1
203,242,4
203,243,1
203,244,3
203,245,4
203,246,5
203,247,0
203,248,1
203,249,0
203,250,2
203,251,2
203,252,1
203,253,1
203,254,0
203,255,1
203,256,0
203,257,5
203,258,0
203,259,5
203,260,1
203,261,2
203,262,4
203,263,5
203,264,4
203,265,5
203,266,2
203,267,5
203,268,5
203,269,5
204,1,5
204,2,3
204,3,3
204,4,2
204,5,5
204,6,3
204,7,1
204,8,5
204,9,0
204,10,0
204,11,5
204,12,0
204,13,3
204,14,1
204,15,5
204,16,2
204,17,4
204,18,2
204,19,3
204,20,0
204,21,3
204,22,0
204,23,5
204,24,4
204,25,2
204,26,2
204,27,1
204,28,0
204,29,2
204,30,0
204,31,1
204,32,2
204,33,0
204,34,0
204,35,4
204,36,5
204,37,0
204,38,5
204,39,2
204,40,3
204,41,3
204,42,0
204,43,2
204,44,1
204,45,5
204,46,5
204,47,1
204,48,3
204,49,0
204,50,3
204,51,3
204,52,5
204,53,3
204,54,4
204,55,1
204,56,3
204,57,2
204,58,2
204,59,1
204,60,3
204,61,0
204,62,0
204,63,2
204,64,3
204,65,4
204,66,4
204,67,5
204,68,3
204,69,4
204,70,5
204,71,1
204,72,1
204,73,4
204,74,2
204,75,4
204,76,0
204,77,0
204,78,3
204,79,3
204,80,5
204,81,2
204,82,4
204,83,3
204,84,0
204,85,4
204,86,2
204,87,1
204,88,2
204,89,4
204,90,5
204,91,2
204,92,5
204,93,2
204,94,2
204,95,4
204,96,1
204,97,3
204,98,0
204,99,3
204,100,5
204,101,1
204,102,2
204,103,2
204,104,1
204,105,4
204,106,3
204,107,0
204,108,2
204,109,3
204,110,1
204,111,2
204,112,2
204,113,1
204,114,2
204,115,5
204,116,4
204,117,1
204,118,3
204,119,5
204,120,1
204,121,2
204,122,5
204,123,5
204,124,5
204,125,0
204,126,1
204,127,5
204,128,0
204,129,4
204,130,1
204,131,5
204,132,4
204,133,3
204,134,5
204,135,3
204,136,3
204,137,4
204,138,5
204,139,4
204,140,2
204,141,5
204,142,2
204,143,5
204,144,4
204,145,5
204,146,2
204,147,5
204,148,2
204,149,1
204,150,3
204,151,1
204,152,3
204,153,2
204,154,2
204,155,1
204,156,2
204,157,2
204,158,0
204,159,1
204,160,5
204,161,2
204,162,5
204,163,2
204,164,0
204,165,0
204,166,2
204,167,1
204,168,1
204,169,5
204,170,3
204,171,5
204,172,4
204,173,1
204,174,2
204,175,5
204,176,5
204,177,0
204,178,5
204,179,3
204,180,2
204,181,2
204,182,5
204,183,5
204,184,2
204,185,4
204,186,5
204,187,4
204,188,5
204,189,2
204,190,5
204,191,1
204,192,4
204,193,5
204,194,3
204,195,1
204,196,1
204,197,5
204,198,0
204,199,2
204,200,5
204,201,4
204,202,3
204,203,0
204,204,5
204,205,1
204,206,0
204,207,3
204,208,0
204,209,1
204,210,2
204,211,5
204,212,5
204,213,2
204,214,0
204,215,5
204,216,0
204,217,5
204,218,5
204,219,2
204,220,3
204,221,4
204,222,2
204,223,1
204,224,0
204,225,3
204,226,4
204,227,1
204,228,1
204,229,5
204,230,3
204,231,3
204,232,2
204,233,2
204,234,3
204,235,3
204,236,1
204,237,5
205,1,2
205,2,1
205,3,2
205,4,3
205,5,5
205,6,0
205,7,5
205,8,0
205,9,1
205,10,0
205,11,5
205,12,5
205,13,3
205,14,3
205,15,5
205,16,0
205,17,4
205,18,3
205,19,4
205,20,1
205,21,0
205,22,2
205,23,5
205,24,5
205,25,0
205,26,2
205,27,5
205,28,1
205,29,1
205,30,2
205,31,5
205,32,0
205,33,5
205,34,4
205,35,4
205,36,3
205,37,3
205,38,3
205,39,2
205,40,3
205,41,5
205,42,5
205,43,3
205,44,3
205,45,5
205,46,3
205,47,1
205,48,5
205,49,0
205,50,0
205,51,2
205,52,4
205,53,5
205,54,4
205,55,4
205,56,1
205,57,4
205,58,0
205,59,3
205,60,3
205,61,5
205,62,1
205,63,0
205,64,3
205,65,0
205,66,2
205,67,0
205,68,5
205,69,4
205,70,4
205,71,1
205,72,1
205,73,4
205,74,3
205,75,4
205,76,0
205,77,2
205,78,2
205,79,2
205,80,5
205,81,5
205,82,1
205,83,4
205,84,0
205,85,5
205,86,3
205,87,5
205,88,3
205,89,0
205,90,1
205,91,0
205,92,0
205,93,0
205,94,2
205,95,4
205,96,2
205,97,2
205,98,3
205,99,5
205,100,2
205,101,5
205,102,2
205,103,5
205,104,3
205,105,2
205,106,0
205,107,2
205,108,4
205,109,3
205,110,5
205,111,0
205,112,4
205,113,3
205,114,2
205,115,0
205,116,3
205,117,5
205,118,0
205,119,1
205,120,4
205,121,3
205,122,5
205,123,2
205,124,3
205,125,5
205,126,4
205,127,2
205,128,1
205,129,1
205,130,0
205,131,0
205,132,0
205,133,1
205,134,2
205,135,5
205,136,2
205,137,1
205,138,4
205,139,2
205,140,5
205,141,0
205,142,0
205,143,0
205,144,5
205,145,2
205,146,0
205,147,2
205,148,1
205,149,3
205,150,5
205,151,5
205,152,3
205,153,1
205,154,5
205,155,3
205,156,5
205,157,2
205,158,1
205,159,0
205,160,5
205,161,1
205,162,1
205,163,3
205,164,1
205,165,1
205,166,5
205,167,5
205,168,4
205,169,4
205,170,3
205,171,5
205,172,2
205,173,1
205,174,0
205,175,5
205,176,3
205,177,2
205,178,4
205,179,4
205,180,0
205,181,0
205,182,4
205,183,5
205,184,3
205,185,5
205,186,1
205,187,3
205,188,5
205,189,5
205,190,2
205,191,5
205,192,5
205,193,5
205,194,0
205,195,3
205,196,0
205,197,2
205,198,4
206,1,3
206,2,0
206,3,0
206,4,5
206,5,0
206,6,5
206,7,0
206,8,1
206,9,5
206,10,5
206,11,0
206,12,1
206,13,5
206,14,5
206,15,5
206,16,0
206,17,1
206,18,5
206,19,1
206,20,4
206,21,1
206,22,3
206,23,2
206,24,4
206,25,1
206,26,5
206,27,3
206,28,1
206,29,5
206,30,1
206,31,5
206,32,5
206,33,3
206,34,4
206,35,2
206,36,5
206,37,1
206,38,2
206,39,0
206,40,3
206,41,3
206,42,5
206,43,5
206,44,1
206,45,2
206,46,1
206,47,5
206,48,5
206,49,0
206,50,0
206,51,5
206,52,3
206,53,1
206,54,5
206,55,1
206,56,2
206,57,0
206,58,3
206,59,3
206,60,3
206,61,0
206,62,2
206,63,3
206,64,0
206,65,5
206,66,5
206,67,0
206,68,2
206,69,5
206,70,3
206,71,4
206,72,0
206,73,0
206,74,0
206,75,0
206,76,2
206,77,1
206,78,5
206,79,5
206,80,5
206,81,3
206,82,4
206,83,5
206,84,0
206,85,2
206,86,5
206,87,5
206,88,3
206,89,1
206,90,2
206,91,4
206,92,0
206,93,0
206,94,2
206,95,4
206,96,5
206,97,2
206,98,3
206,99,5
206,100,4
206,101,0
206,102,3
206,103,5
206,104,2
206,105,2
206,106,4
206,107,1
206,108,5
206,109,0
206,110,5
206,111,4
206,112,1
206,113,4
206,114,3
206,115,3
206,116,5
206,117,2
206,118,5
206,119,4
206,120,2
206,121,5
206,122,0
206,123,5
206,124,0
206,125,5
206,126,3
206,127,3
206,128,2
206,129,5
206,130,3
206,131,5
206,132,0
206,133,4
206,134,4
206,135,4
206,136,0
206,137,0
206,138,4
206,139,4
206,140,2
206,141,2
206,142,2
206,143,5
206,144,4
206,145,2
206,146,3
206,147,2
206,148,1
206,149,5
206,150,1
206,151,4
206,152,4
206,153,0
206,154,1
206,155,0
206,156,5
206,157,5
206,158,5
206,159,3
206,160,1
206,161,0
206,162,4
206,163,0
206,164,5
206,165,1
206,166,1
206,167,0
206,168,4
206,169,1
206,170,4
206,171,5
206,172,3
206,173,1
206,174,5
206,175,3
206,176,2
206,177,3
206,178,0
206,179,0
206,180,4
206,181,2
206,182,5
206,183,0
206,184,5
206,185,5
206,186,5
206,187,3
206,188,5
206,189,3
206,190,3
206,191,1
206,192,2
206,193,1
206,194,5
206,195,2
206,196,2
206,197,4
206,198,0
206,199,5
206,200,3
206,201,5
206,202,5
206,203,0
206,204,3
206,205,5
206,206,2
206,207,1
206,208,4
206,209,5
206,210,2
206,211,1
206,212,0
206,213,4
206,214,3
206,215,4
206,216,0
206,217,2
206,218,4
206,219,5
206,220,2
206,221,5
207,1,1
207,2,5
207,3,4
207,4,3
207,5,0
207,6,1
207,7,5
207,8,5
207,9,1
207,10,5
207,11,2
207,12,1
207,13,5
207,14,2
207,15,1
207,16,4
207,17,0
207,18,5
207,19,1
207,20,5
207,21,0
207,22,5
207,23,5
207,24,0
207,25,3
207,26,1
207,27,2
207,28,2
207,29,4
207,30,1
207,31,5
207,32,4
207,33,4
207,34,2
207,35,0
207,36,5
207,37,5
207,38,1
207,39,3
207,40,2
207,41,1
207,42,5
207,43,3
207,44,1
207,45,2
207,46,5
207,47,0
207,48,1
207,49,2
207,50,2
207,51,5
207,52,4
207,53,4
207,54,3
207,55,2
207,56,5
207,57,5
207,58,2
207,59,1
207,60,2
207,61,3
207,62,5
207,63,4
207,64,4
207,65,0
207,66,5
207,67,1
207,68,2
207,69,0
207,70,3
207,71,5
207,72,2
207,73,5
207,74,4
207,75,2
207,76,5
207,77,0
207,78,0
207,79,3
207,80,2
207,81,2
207,82,3
207,83,5
207,84,4
207,85,5
207,86,4
207,87,0
207,88,1
207,89,5
207,90,1
207,91,0
207,92,0
207,93,2
207,94,1
207,95,3
207,96,5
207,97,5
207,98,2
207,99,0
207,100,3
207,101,2
207,102,2
207,103,0
207,104,5
207,105,5
207,106,1
207,107,5
207,108,3
207,109,3
207,110,0
207,111,0
207,112,0
207,113,3
207,114,0
207,115,1
207,116,1
207,117,5
207,118,4
207,119,4
207,120,1
207,121,2
207,122,1
207,123,2
207,124,5
207,125,4
207,126,3
207,127,1
207,128,4
207,129,5
207,130,5
207,131,5
207,132,1
207,133,5
207,134,4
207,135,0
207,136,5
207,137,4
207,138,5
207,139,5
207,140,3
207,141,1
207,142,5
207,143,5
207,144,4
207,145,5
207,146,5
207,147,0
207,148,5
207,149,3
207,150,5
207,151,2
207,152,0
207,153,1
207,154,3
207,155,0
207,156,5
207,157,4
207,158,5
207,159,2
207,160,2
207,161,4
207,162,2
207,163,0
207,164,4
207,165,2
207,166,5
207,167,2
207,168,5
207,169,3
207,170,4
207,171,5
207,172,4
207,173,4
207,174,2
207,175,5
207,176,3
207,177,5
207,178,0
207,179,3
207,180,1
207,181,2
207,182,4
207,183,3
207,184,5
208,1,5
208,2,5
208,3,4
208,4,5
208,5,5
208,6,5
208,7,0
208,8,1
208,9,1
208,10,5
208,11,2
208,12,5
208,13,2
208,14,5
208,15,5
208,16,1
208,17,3
208,18,0
208,19,3
208,20,4
208,21,5
208,22,5
208,23,5
208,24,2
208,25,3
208,26,3
208,27,5
208,28,2
208,29,5
208,30,3
208,31,0
208,32,1
208,33,1
208,34,3
208,35,2
208,36,5
208,37,0
208,38,5
208,39,5
208,40,3
208,41,3
208,42,4
208,43,4
208,44,5
208,45,0
208,46,0
208,47,3
208,48,0
208,49,2
208,50,3
208,51,0
208,52,1
208,53,3
208,54,2
208,55,5
208,56,1
208,57,3
208,58,2
208,59,4
208,60,1
208,61,1
208,62,4
208,63,3
208,64,5
208,65,4
208,66,2
208,67,1
208,68,1
208,69,0
208,70,5
208,71,0
208,72,5
208,73,4
208,74,2
208,75,4
208,76,1
208,77,0
208,78,5
208,79,5
208,80,1
208,81,0
208,82,1
208,83,5
208,84,5
208,85,5
208,86,1
208,87,4
208,88,0
208,89,4
208,90,0
208,91,3
208,92,5
208,93,0
208,94,1
208,95,4
208,96,4
208,97,4
208,98,0
208,99,5
208,100,4
208,101,1
208,102,5
208,103,5
208,104,2
208,105,1
208,106,2
208,107,4
208,108,1
208,109,5
208,110,3
208,111,5
208,112,4
208,113,3
208,114,1
208,115,4
208,116,2
208,117,0
208,118,0
208,119,4
208,120,3
208,121,4
208,122,3
208,123,5
208,124,0
208,125,0
208,126,2
208,127,5
208,128,5
208,129,5
208,130,5
208,131,2
208,132,5
208,133,3
208,134,5
208,135,1
208,136,4
208,137,1
208,138,1
208,139,0
208,140,3
208,141,1
208,142,2
208,143,1
208,144,3
208,145,5
208,146,0
208,147,4
208,148,0
208,149,2
208,150,3
209,1,3
209,2,3
209,3,3
209,4,2
209,5,2
209,6,2
209,7,3
209,8,0
209,9,1
209,10,3
209,11,4
209,12,1
209,13,3
209,14,5
209,15,1
209,16,1
209,17,3
209,18,5
209,19,2
209,20,0
209,21,2
209,22,1
209,23,3
209,24,3
209,25,1
209,26,2
209,27,3
209,28,4
209,29,3
209,30,5
209,31,2
209,32,2
209,33,3
209,34,5
209,35,0
209,36,5
209,37,5
209,38,4
209,39,2
209,40,0
209,41,3
209,42,5
209,43,1
209,44,3
209,45,3
209,46,0
209,47,4
209,48,2
209,49,2
209,50,0
209,51,2
209,52,0
209,53,3
209,54,4
209,55,1
209,56,4
209,57,4
209,58,3
209,59,5
209,60,5
209,61,5
209,62,5
209,63,1
209,64,4
209,65,2
209,66,2
209,67,0
209,68,1
209,69,1
209,70,0
209,71,5
209,72,2
209,73,4
209,74,1
209,75,5
209,76,1
209,77,5
209,78,4
209,79,2
209,80,3
209,81,5
209,82,5
209,83,2
209,84,5
209,85,1
209,86,2
209,87,0
209,88,5
209,89,4
209,90,5
209,91,2
209,92,5
209,93,1
209,94,5
209,95,1
209,96,1
209,97,0
209,98,3
209,99,1
209,100,5
209,101,1
209,102,0
209,103,3
209,104,1
209,105,5
209,106,2
209,107,4
209,108,0
209,109,0
209,110,0
209,111,2
209,112,4
209,113,0
209,114,5
209,115,4
209,116,0
209,117,2
209,118,4
209,119,3
209,120,0
209,121,3
209,122,4
209,123,3
209,124,1
209,125,5
209,126,3
209,127,4
209,128,0
209,129,4
209,130,5
209,131,5
209,132,5
209,133,4
209,134,2
209,135,4
209,136,5
209,137,2
209,138,0
209,139,1
209,140,2
209,141,5
209,142,5
209,143,2
209,144,5
209,145,2
209,146,3
209,147,0
209,148,5
209,149,4
209,150,3
209,151,3
209,152,5
209,153,0
209,154,4
209,155,0
209,156,0
209,157,2
209,158,3
209,159,4
209,160,0
209,161,4
209,162,5
209,163,0
209,164,3
209,165,0
209,166,3
209,167,1
209,168,5
209,169,4
209,170,1
209,171,2
209,172,2
209,173,5
209,174,0
209,175,3
209,176,0
209,177,4
209,178,3
209,179,0
209,180,3
209,181,4
209,182,5
209,183,4
209,184,2
209,185,3
209,186,5
209,187,0
209,188,3
209,189,3
209,190,1
209,191,4
209,192,2
209,193,0
209,194,5
209,195,4
209,196,1
209,197,5
209,198,3
209,199,2
209,200,5
209,201,5
210,1,1
210,2,0
210,3,4
210,4,2
210,5,5
210,6,2
210,7,5
210,8,0
210,9,0
210,10,5
210,11,3
210,12,4
210,13,5
210,14,3
210,15,1
210,16,1
210,17,0
210,18,1
210,19,3
210,20,0
210,21,5
210,22,0
210,23,2
210,24,4
210,25,5
210,26,0
210,27,3
210,28,0
210,29,3
210,30,5
210,31,2
210,32,3
210,33,5
210,34,0
210,35,3
210,36,1
210,37,0
210,38,1
210,39,4
210,40,3
210,41,4
210,42,5
210,43,1
210,44,5
210,45,2
210,46,1
210,47,3
210,48,3
210,49,1
210,50,5
210,51,3
210,52,5
210,53,3
210,54,4
210,55,5
210,56,5
210,57,1
210,58,4
210,59,1
210,60,3
210,61,3
210,62,0
210,63,5
210,64,3
210,65,1
210,66,5
210,67,3
210,68,5
210,69,5
210,70,3
210,71,4
210,72,5
210,73,5
210,74,4
210,75,2
210,76,2
210,77,4
210,78,4
210,79,5
210,80,5
210,81,4
210,82,4
210,83,3
210,84,5
210,85,4
210,86,4
210,87,3
210,88,5
210,89,1
210,90,0
210,91,5
210,92,3
210,93,2
210,94,2
210,95,3
210,96,5
210,97,0
210,98,4
210,99,0
210,100,2
210,101,1
210,102,1
210,103,1
210,104,5
210,105,3
210,106,0
210,107,5
210,108,5
210,109,2
210,110,0
210,111,0
210,112,5
210,113,2
210,114,3
210,115,3
210,116,3
210,117,5
210,118,1
210,119,2
210,120,5
210,121,3
210,122,1
210,123,0
210,124,3
210,125,3
210,126,2
210,127,5
210,128,4
210,129,1
210,130,0
210,131,4
210,132,2
210,133,4
210,134,1
210,135,4
210,136,1
210,137,0
210,138,0
210,139,5
210,140,2
210,141,4
210,142,0
210,143,5
210,144,3
210,145,1
210,146,4
210,147,2
210,148,5
210,149,0
210,150,3
210,151,3
210,152,5
210,153,4
210,154,0
210,155,4
210,156,2
210,157,3
210,158,3
210,159,3
210,160,3
210,161,3
210,162,4
210,163,2
210,164,5
210,165,5
210,166,1
210,167,5
210,168,3
210,169,5
210,170,2
210,171,4
210,172,4
210,173,2
210,174,3
210,175,0
210,176,5
210,177,1
210,178,0
210,179,1
210,180,5
210,181,5
210,182,5
210,183,5
210,184,5
211,1,4
211,2,5
211,3,2
211,4,5
211,5,4
211,6,2
211,7,5
211,8,3
211,9,4
211,10,1
211,11,1
211,12,5
211,13,3
211,14,4
211,15,3
211,16,1
211,17,3
211,18,1
211,19,3
211,20,2
211,21,2
211,22,4
211,23,5
211,24,2
211,25,4
211,26,5
211,27,1
211,28,5
211,29,0
211,30,2
211,31,3
211,32,5
211,33,0
211,34,5
211,35,5
211,36,4
211,37,2
211,38,5
211,39,3
211,40,5
211,41,5
211,42,4
211,43,5
211,44,3
211,45,5
211,46,1
211,47,2
211,48,4
211,49,3
211,50,4
211,51,5
211,52,3
211,53,5
211,54,3
211,55,3
211,56,5
211,57,5
211,58,5
211,59,5
211,60,1
211,61,0
211,62,4
211,63,0
211,64,5
211,65,5
211,66,4
211,67,5
211,68,5
211,69,2
211,70,1
211,71,2
211,72,5
211,73,5
211,74,1
211,75,3
211,76,3
211,77,0
211,78,5
211,79,5
211,80,2
211,81,2
211,82,3
211,83,2
211,84,3
211,85,3
211,86,5
211,87,4
211,88,3
211,89,3
211,90,4
211,91,5
211,92,1
211,93,5
211,94,2
211,95,0
211,96,4
211,97,0
211,98,2
211,99,4
211,100,5
211,101,1
211,102,5
211,103,2
211,104,3
211,105,4
211,106,3
211,107,1
211,108,0
211,109,0
211,110,0
211,111,2
211,112,4
211,113,1
211,114,2
211,115,2
211,116,4
211,117,0
211,118,5
211,119,4
211,120,0
211,121,0
211,122,4
211,123,0
211,124,5
211,125,5
211,126,2
211,127,2
211,128,0
211,129,4
211,130,2
211,131,5
211,132,5
211,133,1
211,134,4
211,135,2
211,136,5
211,137,3
211,138,4
211,139,3
211,140,4
211,141,2
211,142,5
211,143,1
211,144,5
211,145,2
211,146,5
211,147,4
211,148,4
211,149,4
211,150,1
211,151,5
211,152,1
211,153,0
211,154,5
211,155,4
211,156,4
211,157,3
211,158,1
211,159,3
211,160,2
211,161,4
211,162,5
211,163,0
211,164,5
211,165,2
211,166,3
211,167,3
211,168,4
211,169,5
211,170,2
211,171,3
211,172,5
211,173,5
211,174,4
211,175,5
211,176,0
211,177,0
211,178,5
211,179,0
211,180,2
211,181,3
211,182,5
211,183,0
211,184,5
211,185,3
211,186,1
211,187,3
211,188,5
211,189,0
211,190,0
211,191,0
211,192,4
211,193,3
211,194,1
211,195,0
211,196,5
211,197,1
211,198,4
211,199,1
211,200,0
211,201,5
211,202,0
211,203,1
211,204,5
211,205,2
211,206,1
211,207,5
211,208,5
211,209,3
211,210,3
211,211,0
211,212,2
211,213,2
211,214,5
212,1,5
212,2,3
212,3,3
212,4,4
212,5,3
212,6,1
212,7,3
212,8,2
212,9,3
212,10,1
212,11,4
212,12,1
212,13,2
212,14,1
212,15,2
212,16,0
212,17,5
212,18,1
212,19,1
212,20,0
212,21,1
212,22,5
212,23,0
212,24,5
212,25,0
212,26,2
212,27,0
212,28,2
212,29,2
212,30,5
212,31,1
212,32,3
212,33,5
212,34,4
212,35,5
212,36,3
212,37,1
212,38,5
212,39,0
212,40,0
212,41,0
212,42,4
212,43,4
212,44,2
212,45,5
212,46,5
212,47,4
212,48,1
212,49,0
212,50,5
212,51,2
212,52,1
212,53,5
212,54,4
212,55,4
212,56,5
212,57,3
212,58,1
212,59,3
212,60,0
212,61,0
212,62,1
212,63,1
212,64,2
212,65,5
212,66,3
212,67,1
212,68,5
212,69,0
212,70,2
212,71,3
212,72,1
212,73,0
212,74,5
212,75,0
212,76,5
212,77,3
212,78,3
212,79,5
212,80,2
212,81,0
212,82,1
212,83,5
212,84,5
212,85,5
212,86,0
212,87,2
212,88,4
212,89,0
212,90,5
212,91,5
212,92,5
212,93,4
212,94,4
212,95,5
212,96,5
212,97,1
212,98,4
212,99,2
212,100,4
212,101,3
212,102,2
212,103,2
212,104,4
212,105,3
212,106,2
212,107,4
212,108,2
212,109,4
212,110,5
212,111,5
212,112,0
212,113,5
212,114,3
212,115,5
212,116,5
212,117,5
212,118,1
212,119,0
212,120,4
212,121,4
212,122,5
212,123,0
212,124,3
212,125,2
212,126,1
212,127,0
212,128,0
212,129,0
212,130,0
212,131,3
212,132,5
212,133,5
212,134,4
212,135,1
212,136,4
212,137,5
212,138,2
212,139,5
212,140,0
212,141,2
212,142,5
212,143,0
212,144,2
212,145,3
212,146,3
212,147,0
212,148,5
212,149,3
213,1,5
213,2,2
213,3,0
213,4,5
213,5,3
213,6,5
213,7,1
213,8,4
213,9,5
213,10,4
213,11,1
213,12,4
213,13,4
213,14,0
213,15,2
213,16,5
213,17,5
213,18,0
213,19,3
213,20,1
213,21,5
213,22,3
213,23,3
213,24,1
213,25,2
213,26,5
213,27,4
213,28,5
213,29,1
213,30,2
213,31,3
213,32,4
213,33,1
213,34,0
213,35,5
213,36,1
213,37,2
213,38,0
213,39,5
213,40,5
213,41,5
213,42,2
213,43,2
213,44,2
213,45,4
213,46,2
213,47,4
213,48,5
213,49,2
213,50,5
213,51,5
213,52,1
213,53,0
213,54,5
213,55,5
213,56,4
213,57,0
213,58,4
213,59,1
213,60,2
213,61,3
213,62,0
213,63,3
213,64,5
213,65,5
213,66,1
213,67,3
213,68,4
213,69,1
213,70,3
213,71,3
213,72,5
213,73,1
213,74,4
213,75,4
213,76,3
213,77,5
213,78,5
213,79,5
213,80,5
213,81,5
213,82,3
213,83,0
213,84,5
213,85,4
213,86,5
213,87,2
213,88,2
213,89,5
213,90,3
213,91,5
213,92,1
213,93,2
213,94,5
213,95,0
213,96,4
213,97,3
213,98,3
213,99,5
213,100,5
213,101,1
213,102,2
213,103,5
213,104,4
213,105,2
213,106,1
213,107,5
213,108,2
213,109,2
213,110,2
213,111,5
213,112,1
213,113,4
213,114,1
213,115,1
213,116,1
213,117,3
213,118,2
213,119,0
213,120,3
213,121,5
213,122,2
213,123,4
213,124,3
213,125,5
213,126,3
213,127,5
213,128,3
213,129,4
213,130,1
213,131,3
213,132,2
213,133,4
213,134,5
213,135,5
213,136,4
213,137,3
213,138,1
213,139,5
213,140,2
213,141,5
213,142,1
213,143,3
213,144,0
213,145,2
213,146,0
213,147,0
213,148,0
213,149,0
213,150,5
213,151,4
213,152,5
213,153,2
213,154,0
213,155,3
213,156,0
213,157,3
213,158,0
213,159,0
213,160,1
213,161,4
213,162,5
213,163,0
213,164,2
213,165,2
213,166,5
213,167,5
213,168,1
213,169,5
213,170,4
213,171,4
213,172,0
213,173,1
213,174,3
213,175,1
213,176,4
213,177,5
213,178,1
213,179,5
213,180,3
213,181,3
213,182,3
213,183,5
213,184,5
213,185,1
213,186,1
213,187,1
213,188,5
213,189,0
213,190,3
213,191,0
213,192,0
213,193,5
213,194,1
213,195,2
213,196,5
214,1,5
214,2,3
214,3,3
214,4,5
214,5,0
214,6,3
214,7,2
214,8,1
214,9,4
214,10,5
214,11,1
214,12,0
214,13,0
214,14,5
214,15,5
214,16,5
214,17,2
214,18,1
214,19,4
214,20,5
214,21,4
214,22,4
214,23,0
214,24,4
214,25,0
214,26,1
214,27,5
214,28,5
214,29,0
214,30,4
214,31,5
214,32,2
214,33,3
214,34,5
214,35,3
214,36,4
214,37,2
214,38,3
214,39,2
214,40,1
214,41,5
214,42,4
214,43,2
214,44,4
214,45,5
214,46,5
214,47,3
214,48,0
214,49,1
214,50,2
214,51,5
214,52,5
214,53,5
214,54,5
214,55,4
214,56,2
214,57,5
214,58,2
214,59,3
214,60,1
214,61,3
214,62,0
214,63,4
214,64,1
214,65,5
214,66,5
214,67,4
214,68,3
214,69,0
214,70,4
214,71,3
214,72,3
214,73,3
214,74,2
214,75,3
214,76,5
214,77,0
214,78,5
214,79,0
214,80,1
214,81,3
214,82,1
214,83,2
214,84,4
214,85,3
214,86,5
214,87,2
214,88,0
214,89,3
214,90,5
214,91,2
214,92,0
214,93,0
214,94,4
214,95,2
214,96,2
214,97,5
214,98,3
214,99,5
214,100,0
214,101,5
214,102,5
214,103,5
214,104,2
214,105,2
214,106,1
214,107,2
214,108,0
214,109,5
214,110,2
214,111,1
214,112,2
214,113,3
214,114,2
214,115,5
214,116,3
214,117,3
214,118,3
214,119,0
214,120,5
214,121,0
214,122,2
214,123,1
214,124,2
214,125,4
214,126,4
214,127,5
214,128,2
214,129,1
214,130,5
214,131,0
214,132,5
214,133,0
214,134,0
214,135,3
214,136,0
214,137,3
214,138,5
214,139,3
214,140,2
214,141,1
214,142,5
214,143,0
214,144,4
214,145,3
214,146,5
215,1,2
215,2,4
215,3,2
215,4,3
215,5,5
215,6,3
215,7,5
215,8,3
215,9,4
215,10,2
215,11,3
215,12,5
215,13,5
215,14,0
215,15,1
215,16,2
215,17,4
215,18,1
215,19,0
215,20,0
215,21,4
215,22,0
215,23,5
215,24,2
215,25,2
215,26,1
215,27,5
215,28,3
215,29,3
215,30,5
215,31,2
215,32,0
215,33,2
215,34,3
215,35,5
215,36,0
215,37,1
215,38,5
215,39,2
215,40,2
215,41,1
215,42,3
215,43,4
215,44,4
215,45,0
215,46,5
215,47,2
215,48,5
215,49,1
215,50,0
215,51,3
215,52,1
215,53,3
215,54,2
215,55,5
215,56,0
215,57,4
215,58,2
215,59,2
215,60,2
215,61,1
215,62,0
215,63,5
215,64,4
215,65,1
215,66,4
215,67,5
215,68,5
215,69,0
215,70,1
215,71,1
215,72,5
215,73,1
215,74,2
215,75,5
215,76,5
215,77,3
215,78,5
215,79,3
215,80,5
215,81,3
215,82,5
215,83,1
215,84,5
215,85,1
215,86,1
215,87,0
215,88,4
215,89,2
215,90,2
215,91,3
215,92,5
215,93,1
215,94,4
215,95,1
215,96,4
215,97,4
215,98,5
215,99,3
215,100,1
215,101,0
215,102,2
215,103,5
215,104,1
215,105,4
215,106,1
215,107,1
215,108,5
215,109,5
215,110,4
215,111,3
215,112,2
215,113,0
215,114,5
215,115,3
215,116,2
215,117,1
215,118,0
215,119,5
215,120,5
215,121,3
215,122,2
215,123,1
215,124,4
215,125,3
215,126,3
215,127,3
215,128,5
215,129,1
215,130,0
215,131,5
215,132,3
215,133,4
215,134,1
215,135,4
215,136,4
215,137,1
215,138,2
215,139,4
215,140,0
215,141,2
215,142,0
215,143,1
215,144,0
215,145,5
215,146,3
215,147,5
215,148,0
215,149,2
215,150,0
215,151,2
215,152,4
215,153,0
215,154,5
215,155,1
215,156,5
215,157,1
215,158,1
215,159,3
215,160,0
215,161,5
215,162,4
215,163,0
215,164,2
215,165,0
215,166,0
215,167,5
215,168,0
215,169,0
215,170,4
215,171,5
215,172,5
215,173,3
215,174,1
215,175,5
215,176,3
215,177,4
215,178,5
215,179,5
215,180,4
215,181,2
215,182,0
215,183,5
215,184,2
215,185,3
215,186,0
215,187,0
215,188,2
215,189,3
215,190,1
215,191,5
215,192,5
215,193,4
215,194,3
215,195,0
215,196,2
215,197,5
215,198,0
215,199,5
215,200,4
215,201,4
215,202,4
215,203,5
215,204,2
215,205,5
215,206,0
215,207,1
215,208,4
215,209,3
215,210,5
215,211,0
215,212,5
215,213,2
215,214,2
215,215,1
215,216,5
215,217,2
215,218,5
215,219,3
215,220,4
215,221,2
215,222,5
215,223,1
215,224,2
215,225,0
215,226,5
216,1,0
216,2,0
216,3,1
216,4,4
216,5,5
216,6,0
216,7,1
216,8,5
216,9,2
216,10,3
216,11,2
216,12,0
216,13,5
216,14,3
216,15,2
216,16,2
216,17,5
216,18,5
216,19,3
216,20,4
216,21,0
216,22,0
216,23,2
216,24,4
216,25,5
216,26,1
216,27,1
216,28,1
216,29,5
216,30,0
216,31,4
216,32,4
216,33,5
216,34,5
216,35,5
216,36,4
216,37,2
216,38,0
216,39,4
216,40,4
216,41,3
216,42,0
216,43,1
216,44,5
216,45,3
216,46,5
216,47,4
216,48,5
216,49,1
216,50,4
216,51,5
216,52,1
216,53,5
216,54,3
216,55,1
216,56,5
216,57,2
216,58,0
216,59,4
216,60,5
216,61,0
216,62,0
216,63,3
216,64,0
216,65,5
216,66,1
216,67,5
216,68,3
216,69,3
216,70,0
216,71,1
216,72,3
216,73,1
216,74,0
216,75,5
216,76,5
216,77,5
216,78,5
216,79,4
216,80,1
216,81,2
216,82,2
216,83,1
216,84,4
216,85,1
216,86,2
216,87,4
216,88,4
216,89,0
216,90,1
216,91,5
216,92,3
216,93,5
216,94,5
216,95,3
216,96,1
216,97,2
216,98,4
216,99,1
216,100,5
216,101,5
216,102,2
216,103,2
216,104,4
216,105,5
216,106,3
216,107,0
216,108,2
216,109,5
216,110,5
216,111,3
216,112,2
216,113,5
216,114,0
216,115,4
216,116,3
216,117,2
216,118,1
216,119,0
216,120,5
216,121,3
216,122,0
216,123,5
216,124,4
216,125,0
216,126,5
216,127,3
216,128,3
216,129,3
216,130,1
216,131,3
216,132,1
216,133,5
216,134,3
216,135,5
216,136,5
216,137,5
216,138,5
216,139,2
216,140,3
216,141,4
216,142,3
216,143,0
216,144,5
216,145,0
216,146,2
216,147,2
216,148,2
216,149,3
216,150,3
216,151,2
216,152,2
216,153,5
216,154,0
216,155,1
216,156,0
216,157,4
216,158,4
216,159,4
216,160,0
216,161,4
216,162,0
216,163,2
216,164,4
216,165,5
216,166,0
216,167,5
216,168,5
216,169,0
216,170,1
216,171,0
216,172,0
216,173,4
216,174,0
216,175,3
216,176,0
216,177,4
216,178,5
216,179,4
216,180,1
216,181,1
216,182,0
216,183,4
216,184,0
216,185,5
216,186,3
216,187,5
216,188,5
216,189,1
216,190,2
216,191,0
216,192,4
216,193,4
216,194,5
216,195,3
216,196,3
216,197,1
216,198,4
216,199,3
216,200,4
216,201,5
216,202,2
216,203,4
216,204,0
216,205,3
216,206,3
216,207,3
216,208,4
216,209,4
216,210,5
216,211,2
216,212,2
216,213,1
216,214,0
216,215,2
216,216,0
216,217,0
216,218,5
216,219,4
216,220,4
216,221,5
216,222,5
216,223,2
216,224,3
216,225,4
216,226,4
216,227,5
216,228,5
216,229,0
217,1,5
217,2,1
217,3,4
217,4,0
217,5,2
217,6,3
217,7,5
217,8,0
217,9,2
217,10,2
217,11,4
217,12,3
217,13,4
217,14,5
217,15,4
217,16,0
217,17,0
217,18,3
217,19,1
217,20,5
217,21,0
217,22,4
217,23,0
217,24,4
217,25,0
217,26,5
217,27,3
217,28,3
217,29,1
217,30,0
217,31,1
217,32,3
217,33,2
217,34,1
217,35,3
217,36,5
217,37,4
217,38,1
217,39,1
217,40,0
217,41,0
217,42,5
217,43,5
217,44,0
217,45,5
217,46,3
217,47,0
217,48,1
217,49,2
217,50,1
217,51,2
217,52,5
217,53,4
217,54,4
217,55,3
217,56,3
217,57,5
217,58,4
217,59,2
217,60,4
217,61,5
217,62,4
217,63,3
217,64,1
217,65,5
217,66,3
217,67,5
217,68,3
217,69,2
217,70,4
217,71,5
217,72,0
217,73,5
217,74,0
217,75,2
217,76,0
217,77,3
217,78,4
217,79,5
217,80,5
217,81,1
217,82,5
217,83,2
217,84,1
217,85,5
217,86,1
217,87,5
217,88,3
217,89,1
217,90,0
217,91,5
217,92,5
217,93,1
217,94,3
217,95,1
217,96,5
217,97,2
217,98,3
217,99,0
217,100,1
217,101,5
217,102,3
217,103,4
217,104,0
217,105,1
217,106,4
217,107,2
217,108,4
217,109,5
217,110,3
217,111,5
217,112,4
217,113,1
217,114,3
217,115,4
217,116,5
217,117,5
217,118,4
217,119,1
217,120,0
217,121,1
217,122,0
217,123,5
217,124,3
217,125,5
217,126,0
217,127,4
217,128,5
217,129,2
217,130,4
217,131,5
217,132,2
217,133,4
217,134,5
217,135,0
217,136,1
217,137,4
217,138,3
217,139,1
217,140,5
217,141,5
217,142,5
217,143,3
217,144,5
217,145,3
217,146,2
217,147,4
217,148,3
217,149,3
217,150,4
217,151,5
217,152,3
217,153,4
217,154,5
217,155,1
217,156,5
217,157,1
217,158,3
217,159,1
217,160,2
217,161,1
217,162,2
218,1,0
218,2,5
218,3,3
218,4,1
218,5,2
218,6,2
218,7,4
218,8,5
218,9,5
218,10,3
218,11,3
218,12,1
218,13,4
218,14,0
218,15,2
218,16,4
218,17,1
218,18,5
218,19,4
218,20,3
218,21,3
218,22,2
218,23,2
218,24,5
218,25,3
218,26,5
218,27,5
218,28,5
218,29,0
218,30,3
218,31,0
218,32,4
218,33,0
218,34,1
218,35,2
218,36,1
218,37,0
218,38,0
218,39,1
218,40,1
218,41,5
218,42,0
218,43,2
218,44,4
218,45,5
218,46,5
218,47,3
218,48,5
218,49,4
218,50,2
218,51,4
218,52,5
218,53,2
218,54,4
218,55,0
218,56,3
218,57,5
218,58,3
218,59,4
218,60,2
218,61,1
218,62,2
218,63,5
218,64,5
218,65,5
218,66,0
218,67,1
218,68,1
218,69,4
218,70,5
218,71,2
218,72,0
218,73,5
218,74,5
218,75,3
218,76,2
218,77,0
218,78,5
218,79,5
218,80,5
218,81,4
218,82,3
218,83,4
218,84,4
218,85,5
218,86,5
218,87,5
218,88,0
218,89,4
218,90,5
218,91,0
218,92,4
218,93,0
218,94,3
218,95,3
218,96,0
218,97,5
218,98,5
218,99,1
218,100,5
218,101,5
218,102,0
218,103,0
218,104,3
218,105,4
218,106,3
218,107,5
218,108,5
218,109,3
218,110,3
218,111,2
218,112,5
218,113,0
218,114,4
218,115,5
218,116,4
218,117,0
218,118,3
218,119,5
218,120,2
218,121,4
218,122,3
218,123,1
218,124,3
218,125,5
218,126,2
218,127,4
218,128,1
218,129,1
218,130,5
218,131,2
218,132,2
218,133,3
218,134,2
218,135,5
218,136,1
218,137,5
218,138,2
218,139,5
218,140,3
218,141,5
218,142,1
218,143,4
218,144,2
218,145,2
218,146,3
218,147,5
218,148,5
218,149,1
218,150,3
218,151,3
218,152,3
218,153,3
218,154,5
218,155,5
218,156,1
218,157,4
218,158,1
218,159,0
218,160,5
218,161,1
218,162,2
218,163,3
218,164,4
218,165,3
218,166,5
218,167,1
218,168,5
218,169,0
218,170,5
218,171,3
218,172,3
218,173,5
218,174,4
218,175,2
218,176,0
218,177,2
218,178,5
218,179,1
218,180,5
218,181,2
218,182,3
218,183,2
218,184,0
218,185,5
218,186,2
218,187,1
218,188,3
218,189,1
218,190,1
218,191,5
218,192,5
218,193,1
218,194,5
218,195,0
218,196,0
218,197,5
218,198,5
218,199,0
218,200,2
218,201,0
218,202,1
218,203,5
218,204,5
218,205,4
218,206,1
218,207,2
218,208,2
218,209,5
218,210,3
218,211,4
218,212,4
218,213,0
218,214,1
218,215,1
218,216,4
218,217,5
218,218,5
218,219,3
218,220,1
218,221,5
218,222,5
218,223,1
218,224,3
218,225,0
218,226,0
218,227,2
218,228,2
218,229,3
218,230,4
218,231,1
218,232,2
218,233,4
218,234,4
218,235,2
218,236,0
218,237,0
219,1,2
219,2,5
219,3,0
219,4,5
219,5,2
219,6,0
219,7,2
219,8,2
219,9,2
219,10,1
219,11,2
219,12,3
219,13,0
219,14,4
219,15,4
219,16,2
219,17,2
219,18,4
219,19,5
219,20,3
219,21,3
219,22,1
219,23,4
219,24,1
219,25,5
219,26,1
219,27,1
219,28,1
219,29,2
219,30,5
219,31,3
219,32,4
219,33,2
219,34,2
219,35,4
219,36,4
219,37,5
219,38,1
219,39,4
219,40,4
219,41,3
219,42,5
219,43,5
219,44,0
219,45,0
219,46,1
219,47,5
219,48,0
219,49,1
219,50,2
219,51,3
219,52,0
219,53,5
219,54,1
219,55,1
219,56,4
219,57,3
219,58,2
219,59,4
219,60,1
219,61,1
219,62,5
219,63,2
219,64,5
219,65,4
219,66,5
219,67,1
219,68,2
219,69,4
219,70,4
219,71,4
219,72,2
219,73,4
219,74,1
219,75,5
219,76,5
219,77,5
219,78,3
219,79,0
219,80,5
219,81,1
219,82,4
219,83,1
219,84,1
219,85,5
219,86,5
219,87,4
219,88,3
219,89,5
219,90,5
219,91,1
219,92,2
219,93,5
219,94,5
219,95,1
219,96,0
219,97,5
219,98,5
219,99,4
219,100,2
219,101,0
219,102,5
219,103,0
219,104,1
219,105,4
219,106,5
219,107,5
219,108,1
219,109,5
219,110,4
219,111,2
219,112,0
219,113,5
219,114,4
219,115,5
219,116,5
219,117,1
219,118,0
219,119,5
219,120,1
219,121,0
219,122,3
219,123,4
219,124,1
219,125,5
219,126,5
219,127,5
219,128,5
219,129,0
219,130,0
219,131,2
219,132,1
219,133,3
219,134,4
219,135,1
219,136,3
219,137,3
219,138,0
219,139,5
219,140,1
219,141,4
219,142,3
219,143,5
219,144,1
219,145,4
219,146,0
219,147,4
219,148,3
219,149,3
219,150,1
219,151,5
219,152,2
219,153,2
219,154,0
219,155,2
219,156,5
220,1,5
220,2,0
220,3,4
220,4,4
220,5,5
220,6,5
220,7,5
220,8,2
220,9,0
220,10,4
220,11,0
220,12,2
220,13,5
220,14,1
220,15,1
220,16,1
220,17,3
220,18,3
220,19,2
220,20,5
220,21,5
220,22,2
220,23,2
220,24,0
220,25,3
220,26,5
220,27,5
220,28,0
220,29,3
220,30,5
220,31,1
220,32,5
220,33,4
220,34,0
220,35,3
220,36,1
220,37,4
220,38,1
220,39,3
220,40,4
220,41,5
220,42,5
220,43,0
220,44,2
220,45,3
220,46,2
220,47,1
220,48,3
220,49,5
220,50,5
220,51,3
220,52,2
220,53,4
220,54,3
220,55,3
220,56,4
220,57,0
220,58,5
220,59,2
220,60,5
220,61,1
220,62,5
220,63,5
220,64,0
220,65,4
220,66,5
220,67,0
220,68,5
220,69,1
220,70,1
220,71,5
220,72,1
220,73,1
220,74,0
220,75,0
220,76,3
220,77,3
220,78,4
220,79,0
220,80,5
220,81,5
220,82,5
220,83,3
220,84,3
220,85,3
220,86,5
220,87,3
220,88,5
220,89,3
220,90,2
220,91,0
220,92,5
220,93,2
220,94,0
220,95,2
220,96,2
220,97,5
220,98,0
220,99,5
220,100,5
220,101,3
220,102,3
220,103,5
220,104,2
220,105,1
220,106,2
220,107,5
220,108,4
220,109,4
220,110,4
220,111,2
220,112,5
220,113,4
220,114,5
220,115,5
220,116,4
220,117,1
220,118,5
220,119,1
220,120,1
220,121,2
220,122,0
220,123,3
220,124,3
220,125,3
220,126,5
220,127,3
220,128,5
220,129,1
220,130,4
220,131,0
220,132,5
220,133,5
220,134,0
220,135,5
220,136,4
220,137,4
220,138,2
220,139,0
220,140,1
220,141,4
220,142,4
220,143,4
220,144,4
220,145,3
220,146,5
220,147,1
220,148,5
220,149,3
220,150,1
220,151,2
220,152,3
220,153,1
220,154,4
220,155,4
220,156,0
220,157,5
220,158,2
220,159,0
220,160,2
220,161,5
220,162,1
220,163,2
220,164,5
220,165,5
220,166,3
220,167,1
220,168,0
220,169,2
220,170,1
220,171,1
220,172,4
220,173,1
220,174,0
220,175,0
220,176,4
220,177,1
220,178,5
220,179,0
220,180,0
220,181,3
220,182,4
220,183,5
220,184,4
220,185,1
220,186,1
220,187,2
220,188,2
220,189,3
220,190,2
220,191,5
220,192,0
220,193,5
220,194,5
220,195,5
220,196,4
220,197,5
220,198,5
220,199,3
220,200,3
220,201,1
220,202,1
220,203,4
220,204,0
220,205,5
220,206,3
220,207,1
220,208,4
220,209,1
220,210,2
220,211,1
220,212,3
220,213,1
220,214,1
220,215,1
220,216,1
220,217,5
220,218,2
220,219,2
220,220,1
220,221,4
220,222,3
220,223,4
220,224,1
220,225,3
220,226,5
220,227,5
220,228,3
220,229,0
220,230,5
220,231,0
220,232,2
220,233,2
220,234,5
221,1,0
221,2,5
221,3,5
221,4,5
221,5,4
221,6,2
221,7,1
221,8,2
221,9,2
221,10,2
221,11,5
221,12,2
221,13,2
221,14,5
221,15,2
221,16,1
221,17,3
221,18,5
221,19,3
221,20,4
221,21,2
221,22,0
221,23,1
221,24,2
221,25,5
221,26,5
221,27,5
221,28,4
221,29,1
221,30,0
221,31,0
221,32,0
221,33,2
221,34,4
221,35,1
221,36,2
221,37,3
221,38,0
221,39,1
221,40,1
221,41,1
221,42,1
221,43,2
221,44,1
221,45,4
221,46,4
221,47,3
221,48,2
221,49,0
221,50,5
221,51,4
221,52,0
221,53,5
221,54,2
221,55,4
221,56,5
221,57,5
221,58,1
221,59,2
221,60,4
221,61,2
221,62,1
221,63,0
221,64,2
221,65,4
221,66,5
221,67,2
221,68,1
221,69,4
221,70,3
221,71,5
221,72,3
221,73,0
221,74,1
221,75,0
221,76,0
221,77,4
221,78,0
221,79,3
221,80,1
221,81,0
221,82,3
221,83,1
221,84,2
221,85,0
221,86,3
221,87,4
221,88,4
221,89,3
221,90,3
221,91,4
221,92,0
221,93,2
221,94,0
221,95,5
221,96,0
221,97,4
221,98,1
221,99,5
221,100,2
221,101,4
221,102,2
221,103,5
221,104,1
221,105,1
221,106,4
221,107,4
221,108,1
221,109,4
221,110,5
221,111,2
221,112,3
221,113,4
221,114,5
221,115,5
221,116,3
221,117,5
221,118,3
221,119,0
221,120,3
221,121,5
221,122,1
221,123,5
221,124,5
221,125,0
221,126,3
221,127,2
221,128,3
221,129,5
221,130,2
221,131,1
221,132,1
221,133,5
221,134,5
221,135,2
221,136,5
221,137,2
221,138,5
221,139,1
221,140,2
221,141,5
221,142,4
221,143,1
221,144,2
221,145,2
221,146,0
221,147,2
221,148,0
221,149,5
221,150,5
221,151,2
221,152,0
221,153,1
221,154,1
221,155,2
221,156,5
221,157,5
221,158,2
221,159,1
221,160,2
221,161,5
221,162,4
221,163,0
221,164,0
221,165,1
221,166,3
221,167,0
221,168,4
221,169,2
221,170,5
221,171,3
221,172,5
221,173,4
221,174,1
221,175,0
221,176,1
221,177,1
221,178,5
222,1,1
222,2,0
222,3,5
222,4,0
222,5,5
222,6,3
222,7,5
222,8,0
222,9,5
222,10,3
222,11,5
222,12,3
222,13,3
222,14,2
222,15,4
222,16,4
222,17,4
222,18,0
222,19,2
222,20,1
222,21,5
222,22,1
222,23,5
222,24,3
222,25,4
222,26,5
222,27,2
222,28,1
222,29,2
222,30,5
222,31,1
222,32,5
222,33,5
222,34,2
222,35,3
222,36,0
222,37,1
222,38,0
222,39,5
222,40,1
222,41,5
222,42,3
222,43,2
222,44,3
222,45,5
222,46,1
222,47,5
222,48,1
222,49,1
222,50,1
222,51,4
222,52,4
222,53,2
222,54,0
222,55,5
222,56,2
222,57,1
222,58,2
222,59,4
222,60,4
222,61,0
222,62,4
222,63,2
222,64,2
222,65,0
222,66,0
222,67,0
222,68,5
222,69,1
222,70,0
222,71,3
222,72,1
222,73,1
222,74,3
222,75,0
222,76,5
222,77,1
222,78,3
222,79,2
222,80,5
222,81,5
222,82,5
222,83,1
222,84,2
222,85,0
222,86,4
222,87,2
222,88,5
222,89,5
222,90,4
222,91,5
222,92,0
222,93,2
222,94,1
222,95,3
222,96,4
222,97,0
222,98,0
222,99,0
222,100,2
222,101,0
222,102,3
222,103,5
222,104,3
222,105,2
222,106,4
222,107,1
222,108,1
222,109,0
222,110,4
222,111,2
222,112,1
222,113,1
222,114,1
222,115,4
222,116,4
222,117,4
222,118,0
222,119,3
222,120,2
222,121,5
222,122,3
222,123,0
222,124,5
222,125,4
222,126,0
222,127,5
222,128,4
222,129,3
222,130,1
222,131,1
222,132,2
222,133,0
222,134,5
222,135,0
222,136,4
222,137,1
222,138,5
222,139,3
222,140,3
222,141,0
222,142,2
222,143,4
222,144,0
222,145,3
222,146,3
222,147,5
222,148,4
222,149,0
222,150,2
222,151,5
222,152,1
222,153,1
222,154,0
222,155,2
222,156,0
222,157,0
222,158,0
222,159,2
222,160,0
222,161,1
222,162,2
222,163,3
222,164,2
222,165,0
222,166,5
222,167,5
222,168,1
222,169,4
222,170,0
222,171,1
222,172,2
222,173,3
222,174,5
222,175,4
222,176,4
222,177,2
222,178,0
222,179,4
222,180,4
222,181,5
222,182,5
222,183,3
222,184,2
222,185,4
222,186,5
222,187,3
222,188,5
222,189,5
222,190,5
222,191,4
222,192,5
222,193,3
222,194,0
222,195,1
223,1,3
223,2,1
223,3,5
223,4,4
223,5,0
223,6,3
223,7,4
223,8,2
223,9,1
223,10,5
223,11,5
223,12,1
223,13,5
223,14,1
223,15,4
223,16,1
223,17,4
223,18,5
223,19,4
223,20,1
223,21,2
223,22,0
223,23,0
223,24,3
223,25,0
223,26,0
223,27,3
223,28,2
223,29,1
223,30,5
223,31,4
223,32,5
223,33,0
223,34,3
223,35,5
223,36,2
223,37,3
223,38,1
223,39,3
223,40,4
223,41,4
223,42,0
223,43,0
223,44,0
223,45,5
223,46,1
223,47,4
223,48,5
223,49,4
223,50,4
223,51,1
223,52,1
223,53,1
223,54,0
223,55,2
223,56,3
223,57,1
223,58,0
223,59,5
223,60,1
223,61,1
223,62,3
223,63,4
223,64,5
223,65,0
223,66,0
223,67,1
223,68,5
223,69,0
223,70,2
223,71,5
223,72,0
223,73,2
223,74,3
223,75,5
223,76,1
223,77,4
223,78,1
223,79,2
223,80,0
223,81,5
223,82,3
223,83,5
223,84,5
223,85,2
223,86,0
223,87,3
223,88,5
223,89,5
223,90,4
223,91,0
223,92,5
223,93,5
223,94,0
223,95,2
223,96,4
223,97,0
223,98,4
223,99,4
223,100,5
223,101,5
223,102,1
223,103,2
223,104,5
223,105,5
223,106,5
223,107,5
223,108,1
223,109,5
223,110,0
223,111,5
223,112,3
223,113,5
223,114,3
223,115,4
223,116,2
223,117,3
223,118,1
223,119,4
223,120,4
223,121,4
223,122,4
223,123,5
223,124,2
223,125,0
223,126,5
223,127,2
223,128,2
223,129,4
223,130,5
223,131,5
223,132,3
223,133,2
223,134,2
223,135,3
223,136,5
223,137,0
223,138,0
223,139,4
223,140,5
223,141,0
223,142,3
223,143,1
223,144,0
223,145,5
223,146,5
223,147,0
223,148,3
223,149,2
223,150,0
223,151,5
223,152,5
223,153,1
223,154,5
223,155,1
223,156,3
223,157,4
223,158,5
223,159,2
223,160,4
223,161,3
223,162,3
223,163,1
223,164,1
223,165,0
223,166,2
223,167,5
223,168,2
223,169,5
223,170,5
223,171,5
223,172,4
223,173,4
223,174,4
223,175,5
223,176,2
223,177,3
223,178,4
223,179,2
223,180,3
223,181,2
223,182,4
223,183,3
223,184,5
223,185,1
223,186,5
223,187,1
223,188,1
223,189,1
223,190,1
223,191,1
223,192,5
223,193,2
223,194,5
223,195,4
223,196,4
223,197,2
223,198,3
223,199,0
223,200,2
223,201,5
223,202,1
223,203,2
223,204,4
223,205,3
223,206,2
223,207,4
223,208,1
223,209,5
223,210,3
223,211,1
223,212,1
223,213,3
223,214,0
223,215,1
223,216,4
223,217,0
223,218,5
224,1,4
224,2,5
224,3,0
224,4,4
224,5,2
224,6,4
224,7,0
224,8,2
224,9,0
224,10,4
224,11,4
224,12,3
224,13,4
224,14,5
224,15,5
224,16,2
224,17,1
224,18,2
224,19,3
224,20,5
224,21,5
224,22,4
224,23,0
224,24,1
224,25,4
224,26,4
224,27,1
224,28,2
224,29,4
224,30,0
224,31,3
224,32,0
224,33,1
224,34,3
224,35,0
224,36,2
224,37,1
224,38,1
224,39,4
224,40,2
224,41,2
224,42,1
224,43,5
224,44,5
224,45,3
224,46,5
224,47,3
224,48,5
224,49,0
224,50,5
224,51,4
224,52,1
224,53,1
224,54,1
224,55,2
224,56,3
224,57,3
224,58,1
224,59,4
224,60,1
224,61,5
224,62,0
224,63,4
224,64,3
224,65,2
224,66,0
224,67,5
224,68,0
224,69,1
224,70,5
224,71,3
224,72,5
224,73,5
224,74,2
224,75,2
224,76,1
224,77,5
224,78,2
224,79,0
224,80,0
224,81,2
224,82,4
224,83,2
224,84,5
224,85,5
224,86,3
224,87,4
224,88,4
224,89,5
224,90,0
224,91,4
224,92,3
224,93,3
224,94,5
224,95,3
224,96,1
224,97,5
224,98,4
224,99,3
224,100,3
224,101,2
224,102,1
224,103,4
224,104,4
224,105,2
224,106,5
224,107,1
224,108,1
224,109,3
224,110,3
224,111,0
224,112,2
224,113,5
224,114,4
224,115,5
224,116,4
224,117,5
224,118,0
224,119,3
224,120,1
224,121,3
224,122,1
224,123,0
224,124,5
224,125,4
224,126,5
224,127,5
224,128,0
224,129,3
224,130,5
224,131,4
224,132,2
224,133,5
224,134,4
224,135,2
224,136,0
224,137,1
224,138,4
224,139,2
224,140,5
224,141,2
224,142,3
224,143,2
224,144,5
224,145,5
224,146,5
224,147,4
224,148,2
224,149,2
224,150,3
224,151,3
224,152,5
224,153,3
224,154,4
224,155,2
224,156,0
224,157,3
224,158,4
224,159,1
224,160,5
224,161,3
224,162,4
224,163,2
224,164,5
224,165,2
224,166,2
224,167,1
224,168,4
224,169,0
224,170,1
224,171,2
224,172,5
224,173,3
224,174,2
225,1,5
225,2,0
225,3,0
225,4,4
225,5,5
225,6,5
225,7,4
225,8,4
225,9,1
225,10,4
225,11,2
225,12,0
225,13,4
225,14,0
225,15,5
225,16,0
225,17,0
225,18,3
225,19,1
225,20,4
225,21,5
225,22,1
225,23,0
225,24,4
225,25,1
225,26,3
225,27,5
225,28,5
225,29,5
225,30,0
225,31,0
225,32,3
225,33,5
225,34,2
225,35,4
225,36,3
225,37,5
225,38,4
225,39,5
225,40,3
225,41,4
225,42,0
225,43,2
225,44,4
225,45,3
225,46,5
225,47,5
225,48,1
225,49,5
225,50,5
225,51,3
225,52,2
225,53,2
225,54,5
225,55,3
225,56,2
225,57,5
225,58,4
225,59,0
225,60,1
225,61,2
225,62,0
225,63,1
225,64,0
225,65,1
225,66,0
225,67,3
225,68,5
225,69,5
225,70,2
225,71,2
225,72,4
225,73,3
225,74,5
225,75,4
225,76,4
225,77,5
225,78,0
225,79,4
225,80,3
225,81,1
225,82,4
225,83,5
225,84,0
225,85,1
225,86,5
225,87,2
225,88,1
225,89,3
225,90,5
225,91,5
225,92,1
225,93,0
225,94,2
225,95,2
225,96,2
225,97,1
225,98,5
225,99,5
225,100,5
225,101,1
225,102,5
225,103,2
225,104,5
225,105,1
225,106,2
225,107,0
225,108,2
225,109,0
225,110,5
225,111,4
225,112,5
225,113,1
225,114,1
225,115,3
225,116,3
225,117,3
225,118,0
225,119,3
225,120,5
225,121,0
225,122,5
225,123,0
225,124,1
225,125,4
225,126,1
225,127,2
225,128,3
225,129,2
225,130,3
225,131,5
225,132,3
225,133,1
225,134,0
225,135,0
225,136,5
225,137,5
225,138,4
225,139,3
225,140,2
225,141,5
225,142,1
225,143,1
225,144,0
225,145,2
225,146,3
225,147,2
225,148,3
225,149,5
225,150,0
225,151,4
225,152,5
225,153,1
225,154,3
225,155,0
225,156,1
226,1,0
226,2,0
226,3,2
226,4,5
226,5,4
226,6,3
226,7,2
226,8,3
226,9,1
226,10,0
226,11,2
226,12,2
226,13,1
226,14,5
226,15,2
226,16,3
226,17,2
226,18,5
226,19,4
226,20,5
226,21,1
226,22,1
226,23,3
226,24,5
226,25,2
226,26,2
226,27,5
226,28,5
226,29,0
226,30,5
226,31,2
226,32,5
226,33,5
226,34,2
226,35,4
226,36,1
226,37,5
226,38,2
226,39,2
226,40,4
226,41,4
226,42,3
226,43,3
226,44,3
226,45,1
226,46,2
226,47,5
226,48,3
226,49,5
226,50,0
226,51,1
226,52,1
226,53,0
226,54,5
226,55,5
226,56,5
226,57,4
226,58,1
226,59,5
226,60,4
226,61,3
226,62,4
226,63,5
226,64,5
226,65,2
226,66,2
226,67,2
226,68,5
226,69,3
226,70,4
226,71,4
226,72,0
226,73,5
226,74,0
226,75,5
226,76,2
226,77,5
226,78,5
226,79,5
226,80,0
226,81,0
226,82,2
226,83,2
226,84,4
226,85,4
226,86,0
226,87,0
226,88,0
226,89,5
226,90,2
226,91,5
226,92,3
226,93,1
226,94,3
226,95,5
226,96,5
226,97,0
226,98,2
226,99,2
226,100,2
226,101,2
226,102,1
226,103,1
226,104,2
226,105,5
226,106,4
226,107,1
226,108,1
226,109,0
226,110,0
226,111,0
226,112,5
226,113,1
226,114,5
226,115,2
226,116,4
226,117,3
226,118,4
226,119,5
226,120,5
226,121,5
226,122,3
226,123,4
226,124,2
226,125,5
226,126,0
226,127,5
226,128,3
226,129,5
226,130,5
226,131,1
226,132,2
226,133,2
226,134,3
226,135,5
226,136,0
226,137,4
226,138,4
226,139,4
226,140,5
226,141,5
226,142,0
226,143,3
226,144,3
226,145,5
226,146,5
226,147,3
226,148,4
226,149,4
226,150,4
226,151,5
226,152,1
226,153,5
226,154,4
226,155,1
226,156,4
226,157,5
226,158,5
226,159,4
226,160,5
226,161,4
226,162,5
226,163,2
226,164,5
226,165,0
226,166,0
226,167,3
226,168,5
226,169,1
226,170,5
226,171,2
226,172,3
226,173,2
226,174,1
226,175,1
226,176,5
226,177,3
226,178,5
227,1,5
227,2,5
227,3,4
227,4,1
227,5,1
227,6,3
227,7,2
227,8,5
227,9,4
227,10,2
227,11,5
227,12,1
227,13,0
227,14,2
227,15,2
227,16,5
227,17,4
227,18,1
227,19,2
227,20,2
227,21,4
227,22,0
227,23,5
227,24,2
227,25,5
227,26,2
227,27,2
227,28,0
227,29,2
227,30,2
227,31,5
227,32,5
227,33,1
227,34,2
227,35,0
227,36,2
227,37,4
227,38,2
227,39,3
227,40,4
227,41,5
227,42,0
227,43,5
227,44,2
227,45,1
227,46,3
227,47,2
227,48,4
227,49,0
227,50,0
227,51,4
227,52,4
227,53,3
227,54,0
227,55,1
227,56,2
227,57,5
227,58,1
227,59,1
227,60,4
227,61,4
227,62,5
227,63,2
227,64,0
227,65,3
227,66,2
227,67,5
227,68,1
227,69,5
227,70,3
227,71,2
227,72,0
227,73,5
227,74,0
227,75,4
227,76,2
227,77,1
227,78,5
227,79,3
227,80,1
227,81,4
227,82,2
227,83,5
227,84,1
227,85,3
227,86,0
227,87,2
227,88,3
227,89,5
227,90,3
227,91,1
227,92,5
227,93,0
227,94,1
227,95,3
227,96,3
227,97,4
227,98,3
227,99,0
227,100,1
227,101,2
227,102,0
227,103,0
227,104,1
227,105,1
227,106,3
227,107,3
227,108,0
227,109,5
227,110,2
227,111,5
227,112,5
227,113,2
227,114,1
227,115,4
227,116,5
227,117,1
227,118,3
227,119,0
227,120,3
227,121,2
227,122,4
227,123,2
227,124,4
227,125,4
227,126,1
227,127,3
227,128,0
227,129,4
227,130,1
227,131,5
227,132,3
227,133,4
227,134,0
227,135,4
227,136,5
227,137,0
227,138,1
227,139,5
227,140,5
227,141,3
227,142,3
227,143,5
227,144,5
227,145,3
227,146,1
227,147,2
227,148,4
227,149,3
227,150,1
227,151,4
227,152,4
227,153,1
227,154,3
227,155,1
227,156,0
227,157,4
227,158,4
227,159,0
227,160,2
227,161,5
227,162,3
227,163,4
227,164,2
227,165,2
227,166,1
227,167,2
227,168,1
227,169,3
227,170,4
227,171,5
227,172,0
227,173,4
227,174,3
227,175,1
227,176,2
227,177,4
227,178,1
227,179,3
227,180,3
227,181,5
227,182,5
227,183,0
227,184,5
228,1,5
228,2,2
228,3,4
228,4,5
228,5,5
228,6,3
228,7,5
228,8,4
228,9,2
228,10,5
228,11,1
228,12,5
228,13,0
228,14,2
228,15,5
228,16,5
228,17,1
228,18,3
228,19,2
228,20,3
228,21,4
228,22,2
228,23,2
228,24,4
228,25,5
228,26,0
228,27,0
228,28,2
228,29,3
228,30,5
228,31,2
228,32,5
228,33,0
228,34,0
228,35,2
228,36,5
228,37,3
228,38,1
228,39,3
228,40,4
228,41,1
228,42,5
228,43,5
228,44,0
228,45,1
228,46,5
228,47,5
228,48,5
228,49,0
228,50,1
228,51,2
228,52,0
228,53,1
228,54,5
228,55,4
228,56,5
228,57,0
228,58,3
228,59,3
228,60,0
228,61,3
228,62,3
228,63,0
228,64,2
228,65,2
228,66,4
228,67,0
228,68,4
228,69,4
228,70,5
228,71,4
228,72,3
228,73,1
228,74,1
228,75,3
228,76,1
228,77,5
228,78,1
228,79,3
228,80,5
228,81,2
228,82,5
228,83,4
228,84,0
228,85,4
228,86,1
228,87,4
228,88,4
228,89,4
228,90,4
228,91,2
228,92,4
228,93,2
228,94,5
228,95,1
228,96,3
228,97,2
228,98,4
228,99,4
228,100,5
228,101,2
228,102,0
228,103,1
228,104,2
228,105,5
228,106,0
228,107,1
228,108,4
228,109,0
228,110,1
228,111,5
228,112,0
228,113,5
228,114,5
228,115,0
228,116,4
228,117,0
228,118,0
228,119,3
228,120,0
228,121,4
228,122,0
228,123,4
228,124,5
228,125,0
228,126,4
228,127,5
228,128,3
228,129,2
228,130,1
228,131,3
228,132,0
228,133,2
228,134,0
228,135,3
228,136,0
228,137,3
228,138,3
228,139,2
228,140,4
228,141,3
228,142,5
228,143,1
228,144,3
228,145,4
228,146,5
228,147,4
228,148,3
228,149,2
228,150,0
228,151,1
228,152,1
228,153,4
228,154,0
228,155,5
228,156,2
228,157,4
228,158,5
228,159,3
228,160,1
228,161,5
228,162,0
228,163,5
228,164,2
228,165,1
228,166,3
228,167,5
228,168,5
228,169,0
228,170,5
228,171,3
228,172,1
228,173,1
228,174,5
228,175,5
228,176,1
228,177,1
228,178,0
228,179,2
228,180,5
228,181,5
228,182,5
228,183,0
228,184,3
228,185,1
228,186,5
228,187,2
228,188,4
228,189,3
228,190,2
228,191,3
228,192,2
228,193,3
228,194,3
228,195,4
228,196,4
228,197,5
228,198,5
228,199,5
228,200,2
228,201,2
228,202,5
228,203,0
228,204,5
228,205,0
228,206,5
228,207,4
228,208,4
228,209,2
228,210,2
228,211,2
228,212,1
228,213,1
228,214,1
228,215,4
228,216,0
228,217,2
228,218,2
228,219,0
228,220,3
228,221,5
228,222,5
228,223,3
228,224,0
228,225,1
228,226,3
228,227,1
228,228,1
228,229,1
228,230,1
228,231,1
228,232,5
228,233,0
228,234,3
228,235,5
228,236,0
228,237,3
228,238,1
228,239,5
228,240,2
228,241,5
228,242,5
228,243,4
228,244,0
228,245,3
228,246,2
228,247,2
228,248,4
228,249,1
228,250,3
228,251,4
228,252,0
228,253,1
228,254,5
228,255,4
228,256,0
228,257,2
228,258,4
228,259,5
228,260,1
228,261,0
228,262,5
229,1,1
229,2,3
229,3,3
229,4,3
229,5,0
229,6,3
229,7,2
229,8,3
229,9,0
229,10,0
229,11,0
229,12,2
229,13,1
229,14,4
229,15,4
229,16,2
229,17,4
229,18,5
229,19,5
229,20,1
229,21,4
229,22,1
229,23,5
229,24,3
229,25,0
229,26,1
229,27,5
229,28,4
229,29,5
229,30,1
229,31,3
229,32,5
229,33,2
229,34,5
229,35,5
229,36,3
229,37,1
229,38,1
229,39,5
229,40,1
229,41,1
229,42,5
229,43,4
229,44,4
229,45,5
229,46,4
229,47,0
229,48,1
229,49,1
229,50,4
229,51,2
229,52,5
229,53,4
229,54,5
229,55,3
229,56,5
229,57,1
229,58,5
229,59,5
229,60,5
229,61,5
229,62,0
229,63,5
229,64,1
229,65,3
229,66,5
229,67,2
229,68,0
229,69,5
229,70,4
229,71,5
229,72,4
229,73,0
229,74,5
229,75,1
229,76,4
229,77,1
229,78,3
229,79,0
229,80,3
229,81,5
229,82,4
229,83,0
229,84,1
229,85,2
229,86,0
229,87,4
229,88,2
229,89,5
229,90,3
229,91,5
229,92,3
229,93,2
229,94,5
229,95,2
229,96,2
229,97,0
229,98,3
229,99,4
229,100,5
229,101,4
229,102,4
229,103,0
229,104,0
229,105,0
229,106,4
229,107,5
229,108,2
229,109,4
229,110,2
229,111,0
229,112,3
229,113,4
229,114,2
229,115,3
229,116,5
229,117,3
229,118,5
229,119,5
229,120,0
229,121,2
229,122,0
229,123,1
229,124,0
229,125,1
229,126,2
229,127,1
229,128,2
229,129,4
229,130,1
229,131,3
229,132,2
229,133,0
229,134,5
229,135,5
229,136,1
229,137,0
229,138,3
229,139,5
229,140,0
229,141,5
229,142,2
229,143,0
229,144,0
229,145,4
229,146,3
229,147,5
229,148,4
229,149,3
229,150,5
229,151,4
229,152,2
229,153,2
229,154,5
229,155,1
229,156,0
229,157,4
229,158,4
229,159,2
229,160,3
229,161,0
229,162,2
229,163,0
229,164,0
229,165,1
229,166,4
229,167,5
229,168,5
229,169,0
229,170,3
229,171,3
229,172,1
229,173,2
229,174,5
229,175,2
229,176,5
230,1,5
230,2,0
230,3,5
230,4,3
230,5,3
230,6,4
230,7,5
230,8,1
230,9,0
230,10,5
230,11,2
230,12,5
230,13,2
230,14,3
230,15,1
230,16,3
230,17,5
230,18,0
230,19,0
230,20,3
230,21,5
230,22,5
230,23,4
230,24,0
230,25,4
230,26,3
230,27,2
230,28,3
230,29,4
230,30,3
230,31,5
230,32,0
230,33,4
230,34,3
230,35,1
230,36,4
230,37,3
230,38,5
230,39,1
230,40,1
230,41,5
230,42,4
230,43,5
230,44,0
230,45,0
230,46,0
230,47,1
230,48,1
230,49,5
230,50,5
230,51,5
230,52,3
230,53,3
230,54,1
230,55,0
230,56,1
230,57,5
230,58,1
230,59,0
230,60,3
230,61,5
230,62,5
230,63,5
230,64,5
230,65,4
230,66,5
230,67,4
230,68,1
230,69,0
230,70,1
230,71,5
230,72,4
230,73,5
230,74,1
230,75,1
230,76,3
230,77,1
230,78,5
230,79,3
230,80,2
230,81,0
230,82,3
230,83,4
230,84,4
230,85,3
230,86,4
230,87,2
230,88,0
230,89,3
230,90,2
230,91,1
230,92,2
230,93,3
230,94,1
230,95,5
230,96,0
230,97,5
230,98,3
230,99,5
230,100,0
230,101,2
230,102,2
230,103,1
230,104,5
230,105,5
230,106,3
230,107,1
230,108,3
230,109,1
230,110,5
230,111,4
230,112,1
230,113,2
230,114,0
230,115,1
230,116,2
230,117,5
230,118,2
230,119,5
230,120,5
230,121,0
230,122,5
230,123,3
230,124,3
230,125,1
230,126,3
230,127,3
230,128,5
230,129,1
230,130,3
230,131,1
230,132,5
230,133,2
230,134,4
230,135,2
230,136,5
230,137,5
230,138,5
230,139,5
230,140,0
230,141,5
230,142,2
230,143,5
230,144,2
230,145,4
230,146,0
230,147,3
230,148,4
230,149,3
230,150,2
230,151,4
230,152,5
230,153,5
230,154,5
230,155,0
230,156,5
230,157,2
230,158,1
230,159,0
230,160,4
230,161,5
230,162,2
230,163,3
230,164,4
230,165,1
230,166,5
230,167,4
230,168,4
230,169,0
230,170,4
230,171,4
230,172,1
230,173,5
230,174,1
230,175,4
230,176,0
230,177,5
230,178,5
230,179,5
230,180,1
230,181,2
230,182,1
230,183,4
230,184,2
230,185,2
230,186,5
231,1,0
231,2,0
231,3,0
231,4,5
231,5,5
231,6,5
231,7,0
231,8,2
231,9,2
231,10,5
231,11,4
231,12,3
231,13,1
231,14,4
231,15,0
231,16,0
231,17,0
231,18,1
231,19,4
231,20,4
231,21,4
231,22,3
231,23,5
231,24,4
231,25,1
231,26,0
231,27,0
231,28,4
231,29,3
231,30,1
231,31,1
231,32,3
231,33,3
231,34,5
231,35,1
231,36,4
231,37,5
231,38,2
231,39,1
231,40,3
231,41,5
231,42,4
231,43,5
231,44,4
231,45,2
231,46,2
231,47,5
231,48,3
231,49,2
231,50,0
231,51,5
231,52,0
231,53,1
231,54,4
231,55,2
231,56,1
231,57,4
231,58,1
231,59,2
231,60,4
231,61,2
231,62,5
231,63,3
231,64,2
231,65,4
231,66,1
231,67,2
231,68,5
231,69,2
231,70,5
231,71,4
231,72,5
231,73,3
231,74,2
231,75,3
231,76,1
231,77,0
231,78,2
231,79,5
231,80,5
231,81,2
231,82,2
231,83,3
231,84,5
231,85,1
231,86,5
231,87,0
231,88,1
231,89,5
231,90,4
231,91,1
231,92,1
231,93,4
231,94,5
231,95,2
231,96,2
231,97,3
231,98,5
231,99,3
231,100,5
231,101,5
231,102,0
231,103,0
231,104,3
231,105,3
231,106,3
231,107,5
231,108,4
231,109,1
231,110,5
231,111,3
231,112,0
231,113,4
231,114,0
231,115,4
231,116,1
231,117,5
231,118,0
231,119,0
231,120,0
231,121,5
231,122,5
231,123,0
231,124,3
231,125,4
231,126,3
231,127,5
231,128,5
231,129,4
231,130,4
231,131,4
231,132,2
231,133,2
231,134,4
231,135,3
231,136,0
231,137,5
231,138,5
231,139,1
231,140,1
231,141,5
231,142,4
231,143,5
231,144,0
232,1,3
232,2,1
232,3,1
232,4,0
232,5,5
232,6,5
232,7,2
232,8,0
232,9,1
232,10,1
232,11,5
232,12,1
232,13,2
232,14,5
232,15,5
232,16,5
232,17,5
232,18,2
232,19,5
232,20,3
232,21,5
232,22,2
232,23,0
232,24,3
232,25,4
232,26,5
232,27,5
232,28,0
232,29,5
232,30,5
232,31,5
232,32,0
232,33,3
232,34,5
232,35,5
232,36,4
232,37,2
232,38,2
232,39,1
232,40,5
232,41,4
232,42,1
232,43,1
232,44,2
232,45,4
232,46,5
232,47,3
232,48,3
232,49,5
232,50,3
232,51,5
232,52,1
232,53,4
232,54,2
232,55,5
232,56,4
232,57,5
232,58,3
232,59,1
232,60,2
232,61,0
232,62,5
232,63,5
232,64,2
232,65,3
232,66,2
232,67,3
232,68,0
232,69,3
232,70,0
232,71,0
232,72,3
232,73,1
232,74,5
232,75,5
232,76,0
232,77,4
232,78,2
232,79,2
232,80,2
232,81,5
232,82,1
232,83,5
232,84,4
232,85,4
232,86,5
232,87,0
232,88,4
232,89,0
232,90,2
232,91,2
232,92,4
232,93,5
232,94,5
232,95,2
232,96,5
232,97,5
232,98,3
232,99,2
232,100,4
232,101,5
232,102,1
232,103,1
232,104,1
232,105,3
232,106,5
232,107,2
232,108,3
232,109,0
232,110,4
232,111,5
232,112,1
232,113,5
232,114,4
232,115,4
232,116,3
232,117,1
232,118,0
232,119,5
232,120,0
232,121,3
232,122,5
232,123,5
232,124,0
232,125,0
232,126,0
232,127,5
232,128,1
232,129,5
232,130,4
232,131,0
232,132,3
232,133,0
232,134,5
232,135,0
232,136,2
232,137,5
232,138,5
232,139,4
232,140,1
232,141,2
232,142,5
232,143,3
232,144,0
232,145,1
232,146,3
232,147,3
232,148,1
232,149,2
232,150,0
232,151,2
232,152,1
232,153,3
232,154,2
232,155,0
232,156,2
232,157,4
232,158,2
232,159,5
232,160,2
232,161,1
232,162,1
232,163,3
232,164,4
232,165,5
232,166,1
232,167,5
232,168,4
232,169,3
232,170,3
232,171,5
232,172,0
232,173,3
232,174,1
232,175,3
232,176,0
232,177,0
232,178,5
232,179,5
232,180,1
232,181,4
232,182,2
232,183,1
232,184,5
232,185,1
232,186,3
232,187,3
232,188,1
232,189,4
232,190,3
232,191,1
232,192,1
232,193,2
232,194,5
232,195,1
232,196,0
232,197,2
232,198,5
232,199,5
232,200,0
232,201,1
232,202,0
232,203,2
232,204,5
232,205,0
232,206,2
232,207,3
232,208,1
232,209,4
232,210,5
232,211,1
232,212,1
232,213,5
232,214,4
232,215,1
232,216,3
232,217,2
232,218,3
232,219,2
232,220,0
232,221,1
232,222,5
232,223,2
232,224,3
232,225,1
232,226,3
232,227,1
232,228,4
232,229,5
232,230,3
232,231,5
232,232,4
232,233,5
232,234,0
232,235,5
232,236,5
232,237,4
232,238,0
232,239,3
232,240,1
232,241,3
232,242,5
233,1,0
233,2,1
233,3,4
233,4,5
233,5,0
233,6,1
233,7,5
233,8,5
233,9,1
233,10,3
233,11,2
233,12,0
233,13,5
233,14,3
233,15,2
233,16,1
233,17,5
233,18,4
233,19,3
233,20,3
233,21,0
233,22,0
233,23,2
233,24,4
233,25,4
233,26,1
233,27,1
233,28,1
233,29,5
233,30,4
233,31,4
233,32,5
233,33,5
233,34,5
233,35,4
233,36,2
233,37,4
233,38,4
233,39,3
233,40,0
233,41,0
233,42,5
233,43,5
233,44,2
233,45,5
233,46,4
233,47,5
233,48,1
233,49,4
233,50,5
233,51,0
233,52,5
233,53,3
233,54,1
233,55,4
233,56,1
233,57,0
233,58,4
233,59,5
233,60,0
233,61,0
233,62,3
233,63,0
233,64,5
233,65,1
233,66,4
233,67,3
233,68,3
233,69,0
233,70,1
233,71,3
233,72,1
233,73,0
233,74,5
233,75,5
233,76,5
233,77,5
233,78,4
233,79,0
233,80,2
233,81,2
233,82,0
233,83,3
233,84,1
233,85,2
233,86,3
233,87,3
233,88,0
233,89,1
233,90,5
233,91,3
233,92,5
233,93,5
233,94,3
233,95,1
233,96,2
233,97,4
233,98,1
233,99,5
233,100,5
233,101,1
233,102,2
233,103,5
233,104,4
233,105,5
233,106,3
233,107,0
233,108,2
233,109,5
233,110,5
233,111,3
233,112,1
233,113,5
233,114,0
233,115,3
233,116,2
233,117,2
233,118,1
233,119,0
233,120,5
233,121,3
233,122,0
233,123,5
233,124,4
233,125,0
233,126,5
233,127,3
233,128,3
233,129,3
233,130,1
233,131,3
233,132,1
233,133,5
233,134,3
233,135,4
233,136,5
233,137,5
233,138,5
233,139,1
233,140,3
233,141,4
233,142,3
233,143,5
233,144,5
233,145,1
233,146,1
233,147,2
233,148,2
233,149,2
233,150,2
233,151,2
233,152,5
233,153,0
233,154,0
233,155,0
233,156,4
233,157,4
233,158,4
233,159,4
233,160,0
233,161,1
233,162,3
233,163,5
233,164,0
233,165,5
233,166,5
233,167,0
233,168,1
233,169,0
233,170,4
233,171,0
233,172,3
233,173,0
233,174,4
233,175,5
233,176,3
233,177,0
233,178,1
233,179,0
233,180,4
233,181,0
233,182,5
233,183,2
233,184,5
233,185,5
233,186,0
233,187,2
233,188,0
233,189,4
233,190,5
234,1,1
234,2,5
234,3,0
234,4,3
234,5,4
234,6,2
234,7,3
234,8,1
234,9,1
234,10,4
234,11,5
234,12,5
234,13,3
234,14,4
234,15,1
234,16,3
234,17,3
234,18,2
234,19,4
234,20,2
234,21,1
234,22,4
234,23,0
234,24,1
234,25,5
234,26,0
234,27,2
234,28,5
234,29,1
234,30,5
234,31,5
234,32,3
234,33,2
234,34,5
234,35,3
234,36,1
234,37,2
234,38,3
234,39,3
234,40,0
234,41,2
234,42,3
234,43,0
234,44,1
234,45,0
234,46,2
234,47,5
234,48,3
234,49,0
234,50,5
234,51,3
234,52,4
234,53,0
234,54,4
234,55,0
234,56,1
234,57,2
234,58,2
234,59,5
234,60,0
234,61,1
234,62,1
234,63,2
234,64,1
234,65,5
234,66,4
234,67,2
234,68,0
234,69,0
234,70,5
234,71,3
234,72,5
234,73,3
234,74,2
234,75,5
234,76,2
234,77,3
234,78,4
234,79,5
234,80,3
234,81,5
234,82,5
234,83,3
234,84,1
234,85,4
234,86,5
234,87,1
234,88,5
234,89,5
234,90,3
234,91,0
234,92,3
234,93,0
234,94,5
234,95,5
234,96,5
234,97,5
234,98,1
234,99,1
234,100,2
234,101,5
234,102,2
234,103,2
234,104,3
234,105,5
234,106,3
234,107,3
234,108,5
234,109,0
234,110,3
234,111,2
234,112,0
234,113,2
234,114,1
234,115,5
234,116,0
234,117,5
234,118,2
234,119,5
234,120,5
234,121,5
234,122,3
234,123,0
234,124,2
234,125,3
234,126,5
234,127,5
234,128,2
234,129,5
234,130,3
234,131,3
234,132,2
234,133,3
234,134,2
234,135,2
234,136,1
234,137,0
234,138,0
234,139,2
234,140,4
234,141,4
234,142,3
234,143,1
234,144,5
234,145,1
234,146,1
234,147,0
234,148,5
234,149,5
234,150,0
234,151,2
234,152,2
234,153,4
234,154,5
234,155,0
234,156,5
234,157,0
234,158,0
234,159,1
235,1,4
235,2,1
235,3,2
235,4,0
235,5,1
235,6,4
235,7,2
235,8,5
235,9,0
235,10,3
235,11,2
235,12,4
235,13,1
235,14,4
235,15,3
235,16,3
235,17,5
235,18,0
235,19,4
235,20,1
235,21,5
235,22,5
235,23,5
235,24,5
235,25,1
235,26,1
235,27,2
235,28,1
235,29,5
235,30,4
235,31,2
235,32,2
235,33,2
235,34,1
235,35,0
235,36,0
235,37,0
235,38,5
235,39,1
235,40,1
235,41,2
235,42,3
235,43,4
235,44,4
235,45,5
235,46,5
235,47,2
235,48,2
235,49,5
235,50,3
235,51,5
235,52,1
235,53,3
235,54,1
235,55,1
235,56,5
235,57,3
235,58,1
235,59,3
235,60,1
235,61,3
235,62,1
235,63,0
235,64,1
235,65,4
235,66,0
235,67,4
235,68,5
235,69,2
235,70,1
235,71,5
235,72,4
235,73,5
235,74,1
235,75,0
235,76,5
235,77,5
235,78,0
235,79,5
235,80,5
235,81,2
235,82,5
235,83,4
235,84,2
235,85,1
235,86,4
235,87,5
235,88,1
235,89,3
235,90,5
235,91,2
235,92,1
235,93,5
235,94,1
235,95,2
235,96,0
235,97,3
235,98,5
235,99,2
235,100,3
235,101,4
235,102,1
235,103,4
235,104,3
235,105,5
235,106,3
235,107,2
235,108,2
235,109,3
235,110,1
235,111,5
235,112,1
235,113,5
235,114,4
235,115,1
235,116,2
235,117,0
235,118,4
235,119,1
235,120,4
235,121,0
235,122,5
235,123,0
235,124,5
235,125,5
235,126,4
235,127,4
235,128,2
235,129,4
235,130,3
235,131,1
235,132,1
235,133,3
235,134,5
235,135,4
235,136,3
235,137,1
235,138,4
235,139,3
235,140,4
235,141,1
235,142,4
235,143,3
235,144,3
235,145,5
235,146,2
235,147,4
235,148,2
235,149,4
235,150,2
235,151,4
235,152,2
235,153,3
235,154,0
235,155,1
235,156,4
235,157,2
235,158,5
235,159,5
235,160,1
235,161,0
235,162,5
235,163,5
235,164,1
235,165,4
235,166,2
235,167,2
235,168,2
235,169,4
235,170,4
235,171,0
235,172,4
235,173,2
235,174,3
235,175,0
235,176,3
235,177,3
235,178,5
235,179,0
235,180,4
235,181,2
235,182,3
235,183,0
236,1,5
236,2,1
236,3,3
236,4,5
236,5,1
236,6,2
236,7,5
236,8,5
236,9,3
236,10,5
236,11,5
236,12,5
236,13,2
236,14,5
236,15,1
236,16,3
236,17,1
236,18,2
236,19,3
236,20,4
236,21,0
236,22,0
236,23,5
236,24,0
236,25,5
236,26,5
236,27,1
236,28,4
236,29,5
236,30,0
236,31,5
236,32,0
236,33,5
236,34,2
236,35,5
236,36,2
236,37,2
236,38,1
236,39,0
236,40,1
236,41,2
236,42,1
236,43,1
236,44,4
236,45,0
236,46,2
236,47,1
236,48,0
236,49,4
236,50,5
236,51,5
236,52,0
236,53,2
236,54,2
236,55,3
236,56,5
236,57,2
236,58,5
236,59,3
236,60,4
236,61,4
236,62,4
236,63,5
236,64,4
236,65,2
236,66,1
236,67,1
236,68,4
236,69,1
236,70,0
236,71,5
236,72,3
236,73,5
236,74,5
236,75,2
236,76,5
236,77,5
236,78,0
236,79,3
236,80,3
236,81,1
236,82,2
236,83,4
236,84,1
236,85,1
236,86,1
236,87,5
236,88,5
236,89,1
236,90,0
236,91,3
236,92,4
236,93,5
236,94,1
236,95,4
236,96,1
236,97,5
236,98,4
236,99,5
236,100,2
236,101,3
236,102,3
236,103,3
236,104,0
236,105,0
236,106,3
236,107,1
236,108,4
236,109,2
236,110,5
236,111,2
236,112,5
236,113,3
236,114,3
236,115,3
236,116,2
236,117,1
236,118,1
236,119,2
236,120,0
236,121,1
236,122,3
236,123,5
236,124,5
236,125,5
236,126,1
236,127,4
236,128,5
236,129,2
236,130,3
236,131,2
236,132,1
236,133,3
236,134,5
236,135,0
236,136,5
236,137,3
236,138,5
236,139,0
236,140,5
236,141,0
236,142,1
236,143,3
236,144,2
236,145,4
236,146,0
236,147,5
236,148,0
236,149,3
236,150,0
236,151,2
236,152,5
236,153,5
236,154,1
236,155,5
236,156,3
236,157,5
236,158,5
236,159,2
236,160,0
236,161,3
236,162,1
236,163,2
236,164,5
236,165,4
236,166,4
236,167,1
236,168,5
236,169,4
236,170,4
236,171,2
236,172,2
236,173,5
236,174,5
236,175,3
236,176,4
236,177,4
236,178,3
236,179,5
236,180,5
236,181,4
236,182,1
236,183,0
236,184,3
236,185,3
236,186,3
236,187,0
236,188,3
236,189,3
236,190,5
236,191,4
236,192,3
236,193,1
236,194,1
236,195,2
236,196,2
236,197,4
236,198,5
236,199,2
236,200,5
236,201,5
236,202,3
236,203,4
236,204,0
236,205,1
236,206,4
236,207,4
236,208,5
236,209,2
236,210,0
236,211,5
236,212,0
236,213,5
236,214,2
236,215,3
236,216,5
236,217,4
236,218,5
236,219,5
236,220,4
236,221,1
236,222,5
236,223,0
236,224,5
236,225,2
236,226,5
236,227,2
236,228,3
236,229,4
236,230,5
236,231,4
236,232,5
236,233,4
236,234,0
236,235,3
236,236,1
236,237,2
236,238,1
236,239,5
237,1,3
237,2,5
237,3,5
237,4,4
237,5,1
237,6,5
237,7,1
237,8,2
237,9,5
237,10,3
237,11,5
237,12,3
237,13,0
237,14,3
237,15,0
237,16,1
237,17,5
237,18,1
237,19,5
237,20,3
237,21,1
237,22,3
237,23,4
237,24,1
237,25,5
237,26,5
237,27,2
237,28,1
237,29,0
237,30,0
237,31,2
237,32,4
237,33,1
237,34,5
237,35,4
237,36,5
237,37,2
237,38,5
237,39,1
237,40,2
237,41,1
237,42,3
237,43,5
237,44,5
237,45,4
237,46,5
237,47,5
237,48,2
237,49,4
237,50,5
237,51,5
237,52,5
237,53,5
237,54,5
237,55,4
237,56,4
237,57,5
237,58,4
237,59,1
237,60,1
237,61,4
237,62,5
237,63,4
237,64,5
237,65,4
237,66,5
237,67,1
237,68,4
237,69,4
237,70,3
237,71,4
237,72,2
237,73,5
237,74,4
237,75,1
237,76,3
237,77,2
237,78,3
237,79,5
237,80,5
237,81,1
237,82,3
237,83,1
237,84,0
237,85,1
237,86,2
237,87,2
237,88,1
237,89,2
237,90,0
237,91,5
237,92,1
237,93,4
237,94,0
237,95,5
237,96,0
237,97,1
237,98,3
237,99,5
237,100,3
237,101,1
237,102,4
237,103,0
237,104,0
237,105,5
237,106,5
237,107,4
237,108,3
237,109,3
237,110,1
237,111,1
237,112,5
237,113,2
237,114,1
237,115,0
237,116,5
237,117,0
237,118,3
237,119,3
237,120,3
237,121,3
237,122,5
237,123,1
237,124,1
237,125,1
237,126,1
237,127,5
237,128,4
237,129,5
237,130,1
237,131,4
237,132,0
237,133,5
237,134,5
237,135,2
237,136,5
237,137,0
237,138,4
237,139,5
237,140,3
237,141,5
237,142,3
237,143,3
237,144,4
237,145,0
237,146,3
237,147,5
237,148,0
237,149,2
237,150,1
237,151,2
237,152,0
237,153,0
237,154,4
237,155,2
237,156,3
237,157,3
237,158,3
237,159,3
237,160,0
237,161,5
237,162,2
237,163,3
237,164,0
237,165,1
237,166,2
237,167,3
237,168,2
237,169,2
237,170,5
237,171,2
237,172,2
237,173,3
237,174,4
237,175,2
237,176,4
237,177,3
237,178,3
237,179,3
237,180,5
237,181,5
237,182,0
237,183,2
237,184,0
237,185,0
237,186,5
237,187,5
237,188,4
237,189,5
237,190,4
237,191,2
237,192,1
237,193,0
237,194,3
237,195,3
237,196,0
237,197,1
237,198,3
237,199,5
237,200,1
237,201,5
237,202,5
237,203,4
237,204,5
237,205,4
237,206,1
237,207,5
237,208,5
237,209,5
238,1,3
238,2,5
238,3,2
238,4,2
238,5,3
238,6,5
238,7,0
238,8,1
238,9,0
238,10,3
238,11,5
238,12,5
238,13,2
238,14,4
238,15,1
238,16,2
238,17,4
238,18,5
238,19,5
238,20,4
238,21,0
238,22,4
238,23,1
238,24,3
238,25,2
238,26,0
238,27,1
238,28,4
238,29,3
238,30,5
238,31,4
238,32,4
238,33,5
238,34,2
238,35,5
238,36,2
238,37,2
238,38,5
238,39,0
238,40,2
238,41,0
238,42,1
238,43,4
238,44,5
238,45,5
238,46,1
238,47,5
238,48,1
238,49,1
238,50,0
238,51,0
238,52,3
238,53,0
238,54,2
238,55,0
238,56,4
238,57,0
238,58,5
238,59,4
238,60,2
238,61,4
238,62,5
238,63,1
238,64,1
238,65,5
238,66,1
238,67,2
238,68,2
238,69,5
238,70,5
238,71,5
238,72,1
238,73,2
238,74,5
238,75,0
238,76,0
238,77,5
238,78,3
238,79,3
238,80,0
238,81,1
238,82,3
238,83,4
238,84,2
238,85,3
238,86,0
238,87,4
238,88,4
238,89,0
238,90,1
238,91,3
238,92,5
238,93,1
238,94,2
238,95,2
238,96,0
238,97,0
238,98,1
238,99,0
238,100,0
238,101,3
238,102,3
238,103,3
238,104,0
238,105,2
238,106,1
238,107,0
238,108,3
238,109,5
238,110,5
238,111,4
238,112,4
238,113,5
238,114,2
238,115,2
238,116,2
238,117,5
238,118,2
238,119,5
238,120,5
238,121,5
238,122,4
238,123,5
238,124,5
238,125,5
238,126,5
238,127,0
238,128,3
238,129,4
238,130,1
238,131,3
238,132,3
238,133,2
238,134,0
238,135,5
238,136,2
238,137,2
238,138,0
238,139,2
238,140,3
238,141,3
238,142,0
238,143,5
238,144,4
238,145,1
238,146,5
238,147,3
238,148,3
238,149,0
238,150,5
238,151,3
238,152,4
238,153,5
238,154,0
238,155,5
238,156,4
239,1,2
239,2,0
239,3,5
239,4,0
239,5,5
239,6,3
239,7,1
239,8,2
239,9,2
239,10,1
239,11,3
239,12,0
239,13,3
239,14,1
239,15,2
239,16,1
239,17,4
239,18,5
239,19,2
239,20,3
239,21,2
239,22,3
239,23,5
239,24,1
239,25,5
239,26,3
239,27,1
239,28,0
239,29,5
239,30,5
239,31,5
239,32,0
239,33,3
239,34,0
239,35,1
239,36,5
239,37,1
239,38,1
239,39,1
239,40,5
239,41,3
239,42,5
239,43,1
239,44,0
239,45,1
239,46,1
239,47,5
239,48,3
239,49,5
239,50,5
239,51,1
239,52,3
239,53,5
239,54,5
239,55,5
239,56,3
239,57,4
239,58,0
239,59,3
239,60,0
239,61,5
239,62,4
239,63,1
239,64,2
239,65,4
239,66,5
239,67,3
239,68,0
239,69,5
239,70,0
239,71,1
239,72,1
239,73,2
239,74,5
239,75,4
239,76,3
239,77,2
239,78,1
239,79,2
239,80,2
239,81,2
239,82,2
239,83,2
239,84,0
239,85,0
239,86,5
239,87,0
239,88,5
239,89,5
239,90,3
239,91,1
239,92,5
239,93,0
239,94,1
239,95,4
239,96,5
239,97,1
239,98,5
239,99,0
239,100,3
239,101,4
239,102,4
239,103,5
239,104,5
239,105,5
239,106,1
239,107,5
239,108,3
239,109,4
239,110,1
239,111,0
239,112,0
239,113,4
239,114,5
239,115,5
239,116,0
239,117,2
239,118,5
239,119,2
239,120,3
239,121,2
239,122,5
239,123,1
239,124,0
239,125,2
239,126,4
239,127,1
239,128,1
239,129,3
239,130,5
239,131,0
239,132,4
239,133,5
239,134,2
239,135,0
239,136,2
239,137,1
239,138,3
239,139,0
239,140,2
239,141,4
239,142,4
239,143,5
239,144,0
239,145,5
239,146,3
239,147,2
239,148,5
239,149,2
239,150,3
239,151,2
239,152,0
239,153,4
239,154,5
239,155,4
239,156,0
239,157,0
239,158,3
239,159,5
239,160,5
239,161,4
239,162,1
239,163,3
239,164,5
239,165,2
239,166,5
239,167,2
239,168,5
239,169,0
239,170,0
239,171,5
239,172,2
239,173,5
239,174,5
239,175,2
239,176,3
239,177,4
239,178,2
239,179,4
239,180,3
239,181,4
239,182,4
239,183,5
239,184,3
239,185,5
239,186,3
239,187,1
239,188,3
239,189,2
239,190,5
239,191,0
239,192,5
239,193,3
239,194,1
239,195,4
239,196,1
239,197,2
239,198,0
239,199,1
239,200,0
239,201,3
239,202,2
239,203,4
239,204,4
239,205,0
239,206,5
239,207,5
239,208,4
239,209,5
239,210,2
239,211,1
239,212,3
239,213,4
239,214,2
239,215,5
239,216,4
239,217,3
239,218,5
239,219,1
239,220,1
239,221,2
239,222,5
239,223,4
239,224,5
239,225,0
239,226,2
239,227,2
239,228,4
239,229,5
239,230,0
239,231,5
239,232,4
239,233,5
239,234,0
239,235,2
239,236,4
239,237,4
239,238,3
239,239,5
239,240,1
239,241,5
239,242,2
239,243,0
239,244,0
239,245,1
239,246,3
239,247,4
239,248,3
239,249,1
239,250,5
239,251,1
239,252,2
239,253,4
239,254,2
239,255,0
239,256,5
239,257,5
239,258,2
239,259,1
239,260,1
239,261,5
239,262,3
239,263,1
240,1,5
240,2,4
240,3,1
240,4,3
240,5,2
240,6,3
240,7,4
240,8,5
240,9,5
240,10,4
240,11,4
240,12,4
240,13,0
240,14,4
240,15,4
240,16,1
240,17,0
240,18,0
240,19,3
240,20,5
240,21,5
240,22,4
240,23,1
240,24,4
240,25,5
240,26,5
240,27,5
240,28,5
240,29,3
240,30,4
240,31,5
240,32,5
240,33,1
240,34,3
240,35,3
240,36,1
240,37,5
240,38,0
240,39,1
240,40,0
240,41,5
240,42,5
240,43,2
240,44,0
240,45,2
240,46,4
240,47,0
240,48,0
240,49,5
240,50,1
240,51,2
240,52,2
240,53,2
240,54,5
240,55,1
240,56,2
240,57,2
240,58,2
240,59,3
240,60,5
240,61,5
240,62,5
240,63,4
240,64,0
240,65,3
240,66,5
240,67,3
240,68,4
240,69,2
240,70,2
240,71,5
240,72,2
240,73,2
240,74,2
240,75,0
240,76,2
240,77,3
240,78,0
240,79,0
240,80,5
240,81,1
240,82,3
240,83,1
240,84,3
240,85,0
240,86,1
240,87,0
240,88,2
240,89,1
240,90,5
240,91,2
240,92,2
240,93,3
240,94,4
240,95,2
240,96,2
240,97,1
240,98,4
240,99,2
240,100,1
240,101,2
240,102,5
240,103,5
240,104,5
240,105,0
240,106,5
240,107,4
240,108,4
240,109,5
240,110,0
240,111,0
240,112,1
240,113,5
240,114,1
240,115,5
240,116,1
240,117,3
240,118,3
240,119,0
240,120,2
240,121,2
240,122,2
240,123,5
240,124,2
240,125,5
240,126,4
240,127,5
240,128,4
240,129,2
240,130,2
240,131,1
240,132,2
240,133,4
240,134,0
240,135,0
240,136,2
240,137,4
240,138,1
240,139,2
240,140,0
240,141,4
240,142,0
240,143,3
240,144,1
240,145,4
240,146,1
240,147,4
240,148,2
240,149,4
240,150,2
240,151,5
240,152,1
240,153,3
240,154,1
240,155,1
240,156,4
240,157,0
240,158,3
240,159,0
240,160,0
240,161,4
240,162,3
240,163,2
240,164,1
240,165,0
240,166,1
240,167,5
240,168,5
240,169,5
240,170,4
240,171,3
240,172,4
240,173,1
240,174,5
240,175,4
240,176,4
240,177,4
240,178,0
240,179,0
240,180,5
240,181,5
240,182,5
240,183,4
240,184,5
240,185,4
240,186,0
240,187,0
240,188,0
240,189,3
240,190,2
240,191,3
240,192,1
240,193,0
240,194,4
240,195,4
240,196,0
240,197,2
240,198,4
240,199,2
240,200,1
240,201,1
240,202,1
240,203,4
240,204,2
240,205,5
240,206,3
240,207,4
240,208,0
240,209,1
240,210,3
240,211,4
240,212,1
240,213,3
240,214,2
240,215,0
240,216,5
240,217,5
240,218,3
240,219,2
240,220,5
240,221,2
240,222,3
240,223,5
240,224,3
240,225,3
240,226,0
240,227,5
240,228,3
240,229,1
240,230,2
240,231,0
240,232,0
240,233,2
240,234,1
240,235,5
240,236,1
240,237,2
240,238,1
240,239,0
240,240,3
240,241,4
240,242,1
240,243,1
240,244,4
240,245,0
240,246,5
240,247,5
240,248,3
240,249,3
240,250,3
240,251,3
240,252,1
240,253,0
240,254,2
240,255,2
240,256,2
240,257,5
240,258,5
240,259,5
240,260,2
240,261,4
240,262,5
240,263,1
240,264,0
240,265,4
240,266,0
241,1,3
241,2,5
241,3,0
241,4,4
241,5,2
241,6,2
241,7,5
241,8,2
241,9,1
241,10,0
241,11,4
241,12,3
241,13,1
241,14,5
241,15,1
241,16,0
241,17,1
241,18,3
241,19,5
241,20,5
241,21,3
241,22,1
241,23,5
241,24,5
241,25,5
241,26,5
241,27,5
241,28,4
241,29,4
241,30,0
241,31,4
241,32,5
241,33,3
241,34,0
241,35,1
241,36,4
241,37,1
241,38,0
241,39,3
241,40,0
241,41,0
241,42,5
241,43,5
241,44,5
241,45,5
241,46,5
241,47,3
241,48,0
241,49,1
241,50,0
241,51,0
241,52,0
241,53,2
241,54,4
241,55,3
241,56,3
241,57,2
241,58,5
241,59,2
241,60,1
241,61,0
241,62,5
241,63,2
241,64,3
241,65,0
241,66,1
241,67,0
241,68,3
241,69,5
241,70,0
241,71,0
241,72,5
241,73,1
241,74,2
241,75,0
241,76,3
241,77,2
241,78,2
241,79,0
241,80,3
241,81,3
241,82,2
241,83,1
241,84,3
241,85,4
241,86,4
241,87,5
241,88,1
241,89,2
241,90,5
241,91,2
241,92,0
241,93,5
241,94,4
241,95,0
241,96,1
241,97,1
241,98,3
241,99,4
241,100,0
241,101,2
241,102,3
241,103,3
241,104,2
241,105,4
241,106,0
241,107,3
241,108,5
241,109,2
241,110,5
241,111,1
241,112,5
241,113,5
241,114,5
241,115,4
241,116,1
241,117,4
241,118,4
241,119,4
241,120,0
241,121,4
241,122,1
241,123,3
241,124,5
241,125,1
241,126,5
241,127,3
241,128,0
241,129,2
241,130,0
241,131,4
241,132,1
241,133,2
241,134,2
241,135,4
241,136,1
241,137,1
241,138,0
241,139,5
241,140,3
241,141,2
241,142,4
241,143,4
241,144,2
241,145,4
241,146,5
241,147,5
241,148,3
241,149,1
241,150,3
241,151,0
241,152,4
241,153,4
241,154,4
241,155,1
241,156,0
241,157,4
241,158,3
241,159,4
241,160,5
241,161,0
241,162,1
241,163,4
241,164,3
241,165,3
241,166,0
241,167,1
241,168,4
241,169,5
241,170,3
241,171,5
241,172,0
241,173,5
241,174,0
241,175,3
241,176,0
241,177,2
241,178,4
241,179,1
241,180,3
241,181,4
241,182,4
241,183,1
242,1,0
242,2,2
242,3,0
242,4,2
242,5,1
242,6,0
242,7,5
242,8,0
242,9,5
242,10,3
242,11,0
242,12,0
242,13,0
242,14,1
242,15,0
242,16,0
242,17,3
242,18,4
242,19,0
242,20,2
242,21,3
242,22,1
242,23,0
242,24,2
242,25,5
242,26,3
242,27,5
242,28,2
242,29,4
242,30,3
242,31,2
242,32,5
242,33,5
242,34,2
242,35,3
242,36,0
242,37,5
242,38,3
242,39,5
242,40,2
242,41,1
242,42,1
242,43,4
242,44,5
242,45,5
242,46,4
242,47,2
242,48,5
242,49,2
242,50,0
242,51,5
242,52,3
242,53,5
242,54,2
242,55,5
242,56,5
242,57,0
242,58,5
242,59,3
242,60,3
242,61,1
242,62,4
242,63,3
242,64,1
242,65,5
242,66,5
242,67,1
242,68,4
242,69,2
242,70,4
242,71,3
242,72,3
242,73,5
242,74,5
242,75,3
242,76,5
242,77,4
242,78,3
242,79,5
242,80,4
242,81,1
242,82,0
242,83,2
242,84,2
242,85,5
242,86,1
242,87,5
242,88,5
242,89,1
242,90,4
242,91,5
242,92,4
242,93,5
242,94,1
242,95,5
242,96,1
242,97,0
242,98,0
242,99,2
242,100,3
242,101,1
242,102,3
242,103,2
242,104,1
242,105,0
242,106,4
242,107,5
242,108,3
242,109,2
242,110,0
242,111,4
242,112,2
242,113,4
242,114,0
242,115,4
242,116,5
242,117,4
242,118,1
242,119,2
242,120,3
242,121,5
242,122,3
242,123,4
242,124,4
242,125,0
242,126,2
242,127,3
242,128,4
242,129,5
242,130,1
242,131,5
242,132,3
242,133,1
242,134,5
242,135,4
242,136,0
242,137,5
242,138,4
242,139,5
242,140,0
242,141,4
242,142,2
242,143,5
242,144,0
242,145,5
242,146,5
242,147,0
242,148,5
242,149,5
242,150,3
242,151,5
242,152,5
242,153,4
242,154,5
242,155,3
242,156,5
242,157,0
242,158,1
242,159,4
242,160,4
242,161,2
242,162,2
242,163,5
242,164,1
242,165,1
242,166,5
242,167,3
242,168,3
242,169,2
242,170,3
242,171,4
242,172,2
242,173,5
242,174,0
242,175,2
242,176,1
242,177,1
242,178,3
242,179,3
242,180,3
242,181,5
242,182,2
242,183,5
242,184,5
242,185,0
242,186,5
242,187,0
242,188,5
242,189,0
242,190,5
242,191,2
242,192,3
242,193,3
242,194,0
242,195,4
242,196,1
242,197,4
242,198,3
242,199,0
242,200,5
242,201,5
242,202,4
242,203,4
242,204,5
242,205,5
242,206,2
242,207,4
242,208,5
242,209,4
242,210,0
242,211,0
242,212,1
242,213,0
242,214,5
242,215,0
242,216,5
242,217,5
242,218,5
242,219,0
242,220,2
242,221,2
242,222,1
242,223,4
242,224,5
242,225,1
242,226,3
242,227,0
242,228,3
242,229,1
242,230,0
242,231,3
242,232,4
242,233,4
242,234,5
242,235,4
242,236,3
242,237,5
242,238,5
242,239,2
242,240,3
242,241,1
242,242,5
242,243,4
242,244,0
242,245,1
242,246,3
242,247,5
242,248,1
242,249,1
242,250,4
242,251,2
242,252,3
242,253,5
242,254,5
242,255,4
242,256,2
242,257,2
242,258,1
242,259,1
242,260,0
242,261,2
242,262,5
242,263,3
242,264,4
242,265,4
242,266,0
242,267,4
242,268,0
242,269,5
242,270,5
242,271,2
242,272,5
242,273,5
243,1,4
243,2,5
243,3,3
243,4,3
243,5,3
243,6,1
243,7,2
243,8,1
243,9,4
243,10,5
243,11,3
243,12,0
243,13,5
243,14,1
243,15,3
243,16,5
243,17,5
243,18,1
243,19,5
243,20,0
243,21,2
243,22,4
243,23,2
243,24,0
243,25,2
243,26,5
243,27,4
243,28,5
243,29,5
243,30,5
243,31,5
243,32,3
243,33,3
243,34,3
243,35,1
243,36,3
243,37,1
243,38,2
243,39,5
243,40,5
243,41,5
243,42,2
243,43,2
243,44,2
243,45,1
243,46,1
243,47,4
243,48,1
243,49,3
243,50,1
243,51,5
243,52,0
243,53,5
243,54,2
243,55,5
243,56,5
243,57,1
243,58,2
243,59,2
243,60,3
243,61,3
243,62,5
243,63,2
243,64,3
243,65,0
243,66,5
243,67,1
243,68,0
243,69,1
243,70,0
243,71,4
243,72,4
243,73,1
243,74,2
243,75,4
243,76,5
243,77,3
243,78,4
243,79,0
243,80,0
243,81,0
243,82,5
243,83,5
243,84,1
243,85,2
243,86,0
243,87,4
243,88,5
243,89,2
243,90,3
243,91,3
243,92,1
243,93,1
243,94,2
243,95,0
243,96,1
243,97,1
243,98,4
243,99,4
243,100,4
243,101,1
243,102,3
243,103,0
243,104,2
243,105,1
243,106,3
243,107,0
243,108,5
243,109,5
243,110,5
243,111,0
243,112,5
243,113,3
243,114,3
243,115,3
243,116,3
243,117,5
243,118,5
243,119,5
243,120,5
243,121,5
243,122,1
243,123,4
243,124,5
243,125,2
243,126,4
243,127,4
243,128,3
243,129,1
243,130,3
243,131,3
243,132,1
243,133,0
243,134,3
243,135,4
243,136,4
243,137,1
243,138,0
243,139,5
243,140,0
243,141,2
243,142,5
243,143,4
243,144,4
243,145,1
243,146,0
243,147,4
243,148,5
243,149,5
243,150,1
243,151,5
243,152,0
243,153,5
243,154,4
243,155,4
243,156,5
243,157,4
243,158,4
243,159,3
243,160,1
243,161,2
243,162,5
243,163,4
243,164,3
243,165,4
243,166,1
243,167,1
243,168,2
243,169,4
243,170,2
243,171,4
243,172,0
243,173,0
243,174,4
243,175,5
243,176,0
243,177,4
243,178,0
243,179,1
243,180,3
243,181,1
243,182,2
243,183,0
243,184,1
243,185,3
243,186,1
243,187,0
243,188,5
243,189,4
243,190,5
243,191,4
243,192,5
243,193,2
243,194,0
243,195,5
243,196,4
243,197,5
243,198,1
243,199,5
243,200,5
243,201,0
243,202,2
243,203,3
243,204,2
243,205,5
243,206,5
243,207,0
243,208,4
243,209,1
243,210,4
243,211,0
243,212,1
243,213,4
243,214,5
243,215,3
243,216,3
243,217,1
243,218,5
243,219,4
243,220,1
243,221,1
243,222,2
243,223,2
243,224,0
243,225,3
243,226,5
243,227,1
243,228,2
243,229,2
243,230,5
244,1,0
244,2,3
244,3,5
244,4,3
244,5,2
244,6,3
244,7,4
244,8,2
244,9,4
244,10,0
244,11,2
244,12,0
244,13,3
244,14,5
244,15,1
244,16,0
244,17,2
244,18,5
244,19,1
244,20,2
244,21,5
244,22,3
244,23,1
244,24,0
244,25,3
244,26,0
244,27,2
244,28,4
244,29,4
244,30,5
244,31,0
244,32,5
244,33,1
244,34,4
244,35,5
244,36,3
244,37,5
244,38,1
244,39,4
244,40,5
244,41,3
244,42,0
244,43,1
244,44,2
244,45,5
244,46,5
244,47,3
244,48,2
244,49,2
244,50,2
244,51,3
244,52,1
244,53,1
244,54,5
244,55,0
244,56,1
244,57,5
244,58,5
244,59,4
244,60,2
244,61,4
244,62,2
244,63,5
244,64,1
244,65,0
244,66,4
244,67,0
244,68,5
244,69,3
244,70,3
244,71,3
244,72,5
244,73,2
244,74,5
244,75,3
244,76,5
244,77,4
244,78,5
244,79,5
244,80,4
244,81,0
244,82,1
244,83,0
244,84,0
244,85,5
244,86,1
244,87,4
244,88,5
244,89,5
244,90,5
244,91,0
244,92,4
244,93,3
244,94,3
244,95,1
244,96,5
244,97,1
244,98,3
244,99,5
244,100,4
244,101,5
244,102,2
244,103,3
244,104,2
244,105,2
244,106,4
244,107,2
244,108,2
244,109,3
244,110,2
244,111,4
244,112,5
244,113,0
244,114,2
244,115,5
244,116,4
244,117,3
244,118,5
244,119,2
244,120,4
244,121,4
244,122,2
244,123,3
244,124,5
244,125,0
244,126,0
244,127,5
244,128,0
245,1,3
245,2,4
245,3,4
245,4,1
245,5,5
245,6,1
245,7,4
245,8,0
245,9,5
245,10,5
245,11,2
245,12,3
245,13,5
245,14,4
245,15,0
245,16,0
245,17,0
245,18,5
245,19,0
245,20,4
245,21,5
245,22,2
245,23,4
245,24,1
245,25,2
245,26,5
245,27,5
245,28,0
245,29,2
245,30,5
245,31,5
245,32,5
245,33,0
245,34,4
245,35,1
245,36,3
245,37,1
245,38,1
245,39,4
245,40,3
245,41,0
245,42,3
245,43,1
245,44,0
245,45,5
245,46,3
245,47,0
245,48,0
245,49,2
245,50,2
245,51,3
245,52,0
245,53,2
245,54,4
245,55,5
245,56,5
245,57,3
245,58,5
245,59,2
245,60,3
245,61,2
245,62,5
245,63,0
245,64,3
245,65,4
245,66,5
245,67,3
245,68,5
245,69,1
245,70,3
245,71,4
245,72,1
245,73,4
245,74,5
245,75,4
245,76,5
245,77,0
245,78,5
245,79,5
245,80,3
245,81,5
245,82,2
245,83,5
245,84,3
245,85,3
245,86,5
245,87,2
245,88,2
245,89,5
245,90,4
245,91,1
245,92,1
245,93,3
245,94,4
245,95,2
245,96,3
245,97,5
245,98,1
245,99,0
245,100,0
245,101,5
245,102,3
245,103,2
245,104,1
245,105,2
245,106,5
245,107,5
245,108,4
245,109,4
245,110,5
245,111,2
245,112,1
245,113,4
245,114,4
245,115,4
245,116,3
245,117,5
245,118,5
245,119,2
245,120,0
245,121,5
245,122,2
245,123,5
245,124,3
245,125,3
245,126,4
245,127,2
245,128,5
245,129,5
245,130,1
245,131,1
245,132,3
245,133,5
245,134,3
245,135,5
245,136,3
245,137,0
245,138,3
245,139,2
245,140,4
245,141,1
245,142,2
245,143,1
245,144,1
245,145,4
245,146,3
245,147,3
245,148,5
245,149,5
245,150,2
245,151,4
245,152,5
245,153,0
245,154,2
245,155,1
245,156,5
245,157,3
245,158,0
245,159,1
245,160,3
245,161,5
245,162,4
245,163,2
245,164,0
245,165,0
245,166,5
245,167,0
245,168,1
245,169,1
245,170,4
245,171,2
245,172,3
245,173,0
245,174,5
245,175,4
245,176,1
245,177,2
245,178,5
245,179,4
245,180,4
245,181,3
245,182,5
245,183,0
245,184,5
245,185,4
245,186,5
245,187,3
245,188,3
245,189,3
245,190,3
245,191,1
245,192,2
245,193,0
245,194,1
245,195,0
245,196,2
245,197,1
245,198,5
245,199,5
245,200,1
245,201,4
245,202,1
245,203,1
245,204,2
245,205,4
245,206,5
245,207,2
245,208,1
245,209,4
245,210,3
245,211,0
245,212,5
245,213,5
245,214,2
245,215,5
245,216,2
245,217,4
245,218,4
245,219,0
245,220,5
245,221,1
245,222,2
245,223,5
245,224,1
245,225,5
245,226,5
245,227,2
245,228,4
245,229,5
245,230,5
245,231,5
245,232,1
245,233,2
245,234,1
245,235,5
245,236,5
245,237,3
245,238,2
245,239,2
245,240,3
245,241,2
245,242,5
245,243,2
245,244,4
245,245,1
245,246,1
245,247,2
245,248,1
245,249,5
245,250,1
245,251,1
245,252,3
245,253,5
246,1,5
246,2,2
246,3,0
246,4,1
246,5,0
246,6,4
246,7,4
246,8,4
246,9,5
246,10,3
246,11,5
246,12,4
246,13,3
246,14,4
246,15,4
246,16,4
246,17,5
246,18,5
246,19,0
246,20,2
246,21,4
246,22,4
246,23,3
246,24,1
246,25,5
246,26,0
246,27,4
246,28,5
246,29,5
246,30,5
246,31,3
246,32,4
246,33,5
246,34,4
246,35,1
246,36,2
246,37,4
246,38,0
246,39,1
246,40,5
246,41,5
246,42,1
246,43,4
246,44,3
246,45,3
246,46,2
246,47,0
246,48,4
246,49,3
246,50,5
246,51,5
246,52,3
246,53,3
246,54,4
246,55,3
246,56,3
246,57,5
246,58,3
246,59,1
246,60,3
246,61,1
246,62,1
246,63,1
246,64,5
246,65,2
246,66,2
246,67,5
246,68,2
246,69,5
246,70,5
246,71,5
246,72,5
246,73,5
246,74,5
246,75,5
246,76,4
246,77,5
246,78,2
246,79,3
246,80,4
246,81,1
246,82,1
246,83,0
246,84,0
246,85,1
246,86,4
246,87,0
246,88,2
246,89,4
246,90,2
246,91,3
246,92,2
246,93,0
246,94,0
246,95,4
246,96,1
246,97,1
246,98,3
246,99,2
246,100,0
246,101,3
246,102,1
246,103,2
246,104,3
246,105,0
246,106,3
246,107,2
246,108,2
246,109,2
246,110,4
246,111,4
246,112,4
246,113,2
246,114,0
246,115,4
246,116,3
246,117,0
246,118,5
246,119,2
246,120,1
246,121,4
246,122,5
246,123,0
246,124,1
246,125,3
246,126,3
246,127,4
246,128,5
246,129,4
246,130,1
246,131,1
246,132,5
246,133,3
246,134,5
246,135,2
246,136,5
246,137,2
246,138,3
246,139,5
246,140,5
246,141,2
246,142,4
246,143,3
246,144,3
246,145,3
246,146,2
246,147,5
246,148,4
246,149,1
246,150,2
246,151,5
246,152,0
246,153,1
246,154,5
246,155,0
246,156,2
246,157,2
246,158,0
246,159,4
246,160,1
246,161,5
246,162,1
246,163,4
246,164,2
246,165,5
246,166,4
246,167,0
246,168,1
246,169,2
246,170,0
246,171,0
246,172,5
246,173,1
246,174,5
246,175,3
246,176,5
246,177,3
246,178,5
246,179,4
246,180,5
246,181,1
246,182,0
246,183,5
246,184,1
246,185,5
246,186,5
246,187,5
246,188,0
246,189,4
246,190,3
246,191,5
246,192,0
246,193,5
246,194,5
247,1,1
247,2,2
247,3,4
247,4,2
247,5,4
247,6,4
247,7,1
247,8,4
247,9,3
247,10,3
247,11,0
247,12,2
247,13,0
247,14,3
247,15,4
247,16,1
247,17,1
247,18,4
247,19,0
247,20,4
247,21,4
247,22,3
247,23,2
247,24,5
247,25,4
247,26,0
247,27,5
247,28,1
247,29,3
247,30,0
247,31,5
247,32,1
247,33,0
247,34,0
247,35,2
247,36,5
247,37,5
247,38,0
247,39,5
247,40,0
247,41,5
247,42,2
247,43,1
247,44,5
247,45,0
247,46,0
247,47,5
247,48,1
247,49,5
247,50,1
247,51,5
247,52,2
247,53,4
247,54,3
247,55,2
247,56,5
247,57,0
247,58,1
247,59,3
247,60,1
247,61,3
247,62,2
247,63,0
247,64,4
247,65,1
247,66,1
247,67,3
247,68,4
247,69,4
247,70,1
247,71,0
247,72,1
247,73,5
247,74,0
247,75,4
247,76,1
247,77,2
247,78,5
247,79,1
247,80,2
247,81,3
247,82,5
247,83,2
247,84,4
247,85,1
247,86,5
247,87,5
247,88,1
247,89,4
247,90,1
247,91,1
247,92,1
247,93,5
247,94,2
247,95,5
247,96,1
247,97,4
247,98,5
247,99,3
247,100,5
247,101,3
247,102,1
247,103,2
247,104,0
247,105,5
247,106,4
247,107,4
247,108,3
247,109,5
247,110,1
247,111,5
247,112,2
247,113,1
247,114,4
247,115,2
247,116,5
247,117,4
247,118,5
247,119,2
247,120,4
247,121,5
247,122,1
247,123,1
247,124,5
247,125,5
247,126,2
247,127,3
247,128,4
247,129,5
247,130,4
247,131,2
247,132,5
247,133,0
247,134,2
247,135,1
247,136,1
247,137,4
247,138,4
247,139,2
247,140,5
247,141,5
247,142,1
247,143,5
247,144,0
247,145,5
247,146,1
247,147,5
247,148,4
247,149,5
247,150,4
247,151,0
247,152,5
247,153,1
247,154,4
247,155,1
247,156,2
247,157,5
247,158,5
247,159,4
247,160,4
247,161,3
247,162,5
247,163,3
247,164,0
247,165,1
247,166,4
247,167,1
247,168,3
247,169,0
247,170,4
247,171,4
247,172,5
247,173,4
247,174,3
247,175,5
247,176,3
247,177,5
247,178,5
247,179,4
247,180,3
247,181,0
247,182,4
247,183,5
247,184,0
247,185,0
247,186,3
247,187,5
247,188,5
247,189,3
247,190,5
247,191,5
247,192,3
247,193,1
247,194,4
247,195,0
247,196,2
247,197,3
248,1,0
248,2,1
248,3,5
248,4,0
248,5,3
248,6,1
248,7,5
248,8,5
248,9,1
248,10,5
248,11,4
248,12,4
248,13,0
248,14,2
248,15,1
248,16,1
248,17,3
248,18,4
248,19,2
248,20,0
248,21,3
248,22,2
248,23,1
248,24,2
248,25,3
248,26,2
248,27,2
248,28,4
248,29,2
248,30,3
248,31,1
248,32,5
248,33,5
248,34,4
248,35,0
248,36,2
248,37,4
248,38,4
248,39,1
248,40,0
248,41,5
248,42,0
248,43,5
248,44,0
248,45,3
248,46,5
248,47,5
248,48,3
248,49,5
248,50,5
248,51,2
248,52,2
248,53,1
248,54,3
248,55,2
248,56,0
248,57,4
248,58,5
248,59,5
248,60,3
248,61,2
248,62,4
248,63,0
248,64,2
248,65,4
248,66,1
248,67,4
248,68,4
248,69,4
248,70,4
248,71,5
248,72,5
248,73,2
248,74,2
248,75,4
248,76,0
248,77,4
248,78,5
248,79,2
248,80,5
248,81,2
248,82,5
248,83,3
248,84,0
248,85,0
248,86,1
248,87,0
248,88,4
248,89,3
248,90,2
248,91,5
248,92,0
248,93,1
248,94,1
248,95,0
248,96,0
248,97,1
248,98,2
248,99,4
248,100,0
248,101,5
248,102,3
248,103,1
248,104,5
248,105,1
248,106,3
248,107,3
248,108,0
248,109,4
248,110,5
248,111,4
248,112,5
248,113,1
248,114,3
248,115,5
248,116,5
248,117,5
248,118,5
248,119,4
248,120,4
248,121,4
248,122,1
248,123,5
248,124,1
248,125,5
248,126,3
248,127,3
248,128,0
248,129,4
248,130,3
248,131,3
248,132,4
248,133,5
248,134,1
248,135,1
248,136,2
248,137,3
248,138,0
248,139,5
248,140,5
248,141,2
248,142,2
248,143,0
248,144,3
248,145,5
248,146,4
248,147,1
248,148,1
248,149,3
248,150,5
248,151,2
248,152,3
248,153,1
248,154,2
248,155,3
248,156,4
248,157,5
248,158,4
248,159,4
248,160,0
248,161,0
248,162,2
248,163,4
248,164,5
248,165,4
248,166,4
248,167,4
248,168,1
248,169,3
248,170,1
248,171,0
248,172,0
248,173,4
248,174,1
248,175,4
248,176,2
248,177,3
248,178,1
248,179,0
248,180,0
248,181,0
248,182,4
248,183,0
248,184,0
248,185,5
248,186,1
248,187,5
248,188,2
248,189,3
248,190,2
248,191,1
248,192,0
248,193,1
248,194,0
248,195,1
248,196,0
248,197,5
248,198,2
248,199,5
248,200,5
248,201,3
248,202,4
248,203,5
248,204,2
248,205,1
248,206,1
248,207,1
248,208,3
248,209,5
248,210,5
248,211,5
248,212,3
248,213,4
248,214,1
248,215,1
248,216,5
248,217,0
248,218,4
248,219,5
248,220,3
248,221,1
248,222,2
248,223,1
248,224,4
248,225,4
248,226,3
248,227,5
248,228,5
248,229,1
248,230,2
248,231,5
248,232,5
248,233,3
248,234,0
249,1,3
249,2,0
249,3,2
249,4,1
249,5,0
249,6,5
249,7,5
249,8,5
249,9,4
249,10,5
249,11,5
249,12,4
249,13,0
249,14,5
249,15,5
249,16,5
249,17,1
249,18,3
249,19,5
249,20,5
249,21,4
249,22,2
249,23,1
249,24,5
249,25,5
249,26,0
249,27,4
249,28,5
249,29,5
249,30,2
249,31,3
249,32,5
249,33,0
249,34,1
249,35,2
249,36,0
249,37,5
249,38,5
249,39,2
249,40,0
249,41,5
249,42,4
249,43,4
249,44,3
249,45,1
249,46,5
249,47,4
249,48,5
249,49,4
249,50,4
249,51,5
249,52,3
249,53,4
249,54,5
249,55,0
249,56,4
249,57,2
249,58,4
249,59,2
249,60,2
249,61,2
249,62,3
249,63,3
249,64,3
249,65,5
249,66,5
249,67,5
249,68,5
249,69,3
249,70,4
249,71,5
249,72,2
249,73,2
249,74,1
249,75,0
249,76,1
249,77,0
249,78,2
249,79,0
249,80,5
249,81,1
249,82,3
249,83,5
249,84,3
249,85,4
249,86,2
249,87,1
249,88,1
249,89,0
249,90,5
249,91,2
249,92,2
249,93,0
249,94,4
249,95,0
249,96,3
249,97,1
249,98,4
249,99,2
249,100,3
249,101,0
249,102,4
249,103,1
249,104,4
249,105,2
249,106,3
249,107,3
249,108,5
249,109,5
249,110,4
249,111,0
249,112,3
249,113,1
249,114,5
249,115,4
249,116,1
249,117,3
249,118,2
249,119,5
249,120,0
249,121,2
249,122,4
249,123,0
249,124,4
249,125,5
249,126,4
249,127,2
249,128,2
249,129,3
249,130,5
249,131,3
249,132,3
249,133,4
249,134,5
249,135,0
249,136,0
249,137,3
249,138,5
249,139,0
249,140,4
249,141,4
249,142,4
249,143,3
249,144,5
249,145,5
249,146,2
249,147,0
249,148,3
249,149,5
249,150,1
249,151,1
249,152,5
249,153,1
249,154,3
249,155,3
249,156,1
249,157,5
249,158,2
249,159,2
249,160,5
249,161,3
249,162,0
249,163,5
249,164,5
249,165,1
249,166,0
249,167,2
249,168,0
249,169,3
249,170,1
249,171,1
249,172,2
249,173,4
249,174,0
249,175,5
249,176,0
249,177,3
249,178,5
249,179,2
249,180,0
249,181,0
249,182,2
249,183,5
249,184,1
249,185,5
249,186,4
249,187,0
249,188,1
249,189,5
249,190,5
249,191,4
249,192,0
249,193,2
249,194,5
249,195,2
249,196,3
249,197,0
249,198,3
249,199,3
249,200,0
249,201,2
249,202,5
250,1,0
250,2,2
250,3,0
250,4,5
250,5,0
250,6,3
250,7,3
250,8,1
250,9,4
250,10,5
250,11,1
250,12,0
250,13,5
250,14,2
250,15,0
250,16,5
250,17,0
250,18,5
250,19,1
250,20,5
250,21,4
250,22,5
250,23,0
250,24,4
250,25,4
250,26,2
250,27,3
250,28,1
250,29,2
250,30,1
250,31,3
250,32,1
250,33,1
250,34,3
250,35,4
250,36,3
250,37,5
250,38,2
250,39,5
250,40,2
250,41,2
250,42,3
250,43,4
250,44,1
250,45,1
250,46,3
250,47,1
250,48,4
250,49,3
250,50,5
250,51,1
250,52,5
250,53,4
250,54,5
250,55,3
250,56,0
250,57,5
250,58,0
250,59,0
250,60,1
250,61,5
250,62,0
250,63,3
250,64,2
250,65,1
250,66,2
250,67,3
250,68,2
250,69,2
250,70,4
250,71,5
250,72,0
250,73,3
250,74,3
250,75,3
250,76,0
250,77,0
250,78,1
250,79,4
250,80,3
250,81,3
250,82,1
250,83,0
250,84,1
250,85,1
250,86,5
250,87,5
250,88,2
250,89,2
250,90,2
250,91,1
250,92,4
250,93,4
250,94,0
250,95,5
250,96,1
250,97,0
250,98,1
250,99,0
250,100,1
250,101,4
250,102,2
250,103,5
250,104,3
250,105,5
250,106,5
250,107,0
250,108,3
250,109,2
250,110,5
250,111,5
250,112,5
250,113,5
250,114,2
250,115,4
250,116,4
250,117,5
250,118,4
250,119,4
250,120,5
250,121,5
250,122,4
250,123,3
250,124,3
250,125,5
250,126,1
250,127,3
250,128,0
250,129,3
250,130,2
250,131,0
250,132,3
250,133,5
250,134,5
250,135,1
250,136,5
250,137,2
250,138,3
250,139,5
250,140,1
250,141,5
250,142,2
250,143,4
250,144,1
250,145,3
250,146,5
250,147,3
250,148,1
250,149,0
250,150,3
250,151,3
250,152,5
250,153,2
250,154,1
250,155,5
250,156,2
250,157,5
250,158,5
250,159,3
250,160,3
250,161,2
250,162,0
250,163,0
250,164,4
250,165,5
250,166,1
250,167,5
250,168,4
250,169,0
250,170,2
250,171,5
250,172,1
250,173,4
250,174,3
250,175,3
250,176,3
250,177,5
250,178,5
250,179,5
250,180,5
250,181,0
250,182,3
250,183,1
250,184,3
251,1,0
251,2,4
251,3,2
251,4,0
251,5,3
251,6,2
251,7,1
251,8,4
251,9,5
251,10,0
251,11,0
251,12,2
251,13,1
251,14,3
251,15,4
251,16,5
251,17,0
251,18,3
251,19,1
251,20,5
251,21,5
251,22,0
251,23,5
251,24,3
251,25,3
251,26,2
251,27,4
251,28,5
251,29,3
251,30,1
251,31,1
251,32,2
251,33,3
251,34,4
251,35,3
251,36,3
251,37,5
251,38,2
251,39,4
251,40,1
251,41,5
251,42,1
251,43,2
251,44,0
251,45,2
251,46,4
251,47,4
251,48,3
251,49,3
251,50,4
251,51,1
251,52,5
251,53,5
251,54,3
251,55,0
251,56,4
251,57,0
251,58,3
251,59,5
251,60,1
251,61,4
251,62,0
251,63,2
251,64,2
251,65,1
251,66,1
251,67,3
251,68,5
251,69,0
251,70,3
251,71,0
251,72,2
251,73,5
251,74,5
251,75,1
251,76,4
251,77,4
251,78,5
251,79,5
251,80,5
251,81,1
251,82,4
251,83,2
251,84,4
251,85,1
251,86,1
251,87,1
251,88,4
251,89,2
251,90,4
251,91,5
251,92,5
251,93,3
251,94,5
251,95,5
251,96,5
251,97,0
251,98,5
251,99,0
251,100,5
251,101,2
251,102,4
251,103,0
251,104,3
251,105,2
251,106,2
251,107,3
251,108,5
251,109,3
251,110,2
251,111,5
251,112,5
251,113,0
251,114,2
251,115,4
251,116,4
251,117,4
251,118,4
251,119,3
251,120,1
251,121,1
251,122,4
251,123,2
251,124,0
251,125,0
251,126,5
251,127,3
251,128,5
251,129,4
251,130,4
251,131,5
251,132,0
251,133,1
251,134,2
251,135,5
251,136,1
251,137,4
251,138,1
251,139,5
251,140,5
251,141,1
251,142,1
251,143,4
251,144,2
251,145,5
251,146,5
251,147,3
251,148,1
251,149,0
251,150,4
251,151,2
251,152,5
251,153,0
251,154,2
251,155,0
251,156,5
251,157,1
251,158,4
251,159,3
251,160,0
251,161,5
251,162,4
251,163,1
251,164,0
251,165,4
251,166,1
251,167,4
251,168,0
251,169,1
251,170,5
251,171,5
251,172,2
251,173,0
251,174,4
251,175,0
251,176,4
251,177,2
251,178,4
251,179,2
251,180,0
251,181,1
251,182,2
251,183,4
251,184,3
251,185,1
251,186,1
251,187,5
251,188,2
251,189,4
251,190,5
251,191,0
251,192,3
251,193,5
251,194,1
251,195,0
251,196,2
251,197,0
251,198,0
251,199,4
251,200,1
251,201,1
251,202,3
251,203,4
251,204,3
251,205,4
251,206,2
251,207,5
251,208,5
251,209,2
251,210,2
251,211,5
251,212,3
251,213,5
251,214,2
251,215,0
251,216,0
251,217,5
251,218,2
251,219,1
251,220,5
251,221,2
251,222,2
251,223,1
251,224,0
251,225,0
251,226,5
251,227,1
251,228,5
251,229,3
251,230,4
251,231,5
251,232,1
251,233,5
251,234,2
251,235,2
251,236,2
251,237,5
251,238,0
251,239,5
251,240,5
251,241,5
251,242,5
251,243,5
251,244,0
251,245,1
251,246,3
251,247,0
251,248,3
251,249,1
251,250,0
251,251,0
251,252,4
251,253,3
251,254,2
251,255,5
251,256,5
251,257,3
251,258,0
251,259,1
251,260,0
251,261,1
251,262,5
251,263,0
251,264,1
251,265,1
251,266,5
252,1,0
252,2,2
252,3,3
252,4,5
252,5,1
252,6,1
252,7,5
252,8,5
252,9,4
252,10,0
252,11,2
252,12,1
252,13,1
252,14,0
252,15,1
252,16,4
252,17,1
252,18,5
252,19,1
252,20,2
252,21,1
252,22,0
252,23,5
252,24,4
252,25,0
252,26,0
252,27,0
252,28,1
252,29,5
252,30,5
252,31,1
252,32,5
252,33,4
252,34,1
252,35,0
252,36,0
252,37,4
252,38,5
252,39,4
252,40,5
252,41,1
252,42,5
252,43,4
252,44,2
252,45,3
252,46,4
252,47,5
252,48,0
252,49,2
252,50,1
252,51,2
252,52,5
252,53,4
252,54,4
252,55,2
252,56,0
252,57,1
252,58,4
252,59,4
252,60,0
252,61,2
252,62,4
252,63,4
252,64,2
252,65,0
252,66,4
252,67,0
252,68,4
252,69,4
252,70,4
252,71,3
252,72,2
252,73,5
252,74,3
252,75,2
252,76,3
252,77,3
252,78,5
252,79,3
252,80,2
252,81,4
252,82,2
252,83,5
252,84,0
252,85,4
252,86,1
252,87,5
252,88,3
252,89,5
252,90,5
252,91,2
252,92,1
252,93,5
252,94,5
252,95,4
252,96,4
252,97,3
252,98,0
252,99,1
252,100,0
252,101,5
252,102,5
252,103,2
252,104,5
252,105,1
252,106,1
252,107,0
252,108,3
252,109,3
252,110,0
252,111,4
252,112,5
252,113,5
252,114,5
252,115,4
252,116,2
252,117,3
252,118,2
252,119,0
252,120,1
252,121,0
252,122,4
252,123,4
252,124,2
252,125,4
252,126,1
252,127,1
252,128,1
252,129,1
252,130,5
252,131,4
252,132,5
252,133,0
252,134,0
252,135,1
253,1,0
253,2,5
253,3,0
253,4,4
253,5,0
253,6,3
253,7,4
253,8,1
253,9,3
253,10,2
253,11,2
253,12,2
253,13,0
253,14,1
253,15,0
253,16,5
253,17,0
253,18,4
253,19,5
253,20,4
253,21,2
253,22,5
253,23,1
253,24,5
253,25,0
253,26,1
253,27,4
253,28,4
253,29,3
253,30,3
253,31,5
253,32,0
253,33,4
253,34,4
253,35,1
253,36,5
253,37,0
253,38,3
253,39,0
253,40,5
253,41,5
253,42,0
253,43,1
253,44,0
253,45,5
253,46,0
253,47,1
253,48,4
253,49,4
253,50,0
253,51,5
253,52,4
253,53,5
253,54,3
253,55,2
253,56,2
253,57,3
253,58,5
253,59,5
253,60,5
253,61,5
253,62,3
253,63,5
253,64,2
253,65,3
253,66,2
253,67,4
253,68,3
253,69,4
253,70,5
253,71,5
253,72,3
253,73,0
253,74,4
253,75,3
253,76,2
253,77,3
253,78,1
253,79,0
253,80,2
253,81,4
253,82,2
253,83,5
253,84,3
253,85,0
253,86,4
253,87,0
253,88,5
253,89,3
253,90,2
253,91,1
253,92,5
253,93,5
253,94,4
253,95,5
253,96,1
253,97,5
253,98,2
253,99,3
253,100,4
253,101,3
253,102,3
253,103,5
253,104,4
253,105,2
253,106,5
253,107,4
253,108,3
253,109,5
253,110,2
253,111,5
253,112,4
253,113,0
253,114,0
253,115,2
253,116,0
253,117,5
253,118,5
253,119,5
253,120,5
253,121,5
253,122,1
253,123,1
253,124,1
253,125,0
253,126,4
253,127,5
253,128,5
253,129,5
253,130,2
253,131,5
253,132,1
253,133,5
253,134,4
253,135,5
253,136,2
253,137,5
253,138,3
253,139,5
253,140,5
253,141,3
253,142,0
253,143,0
253,144,3
253,145,1
253,146,1
253,147,2
253,148,1
253,149,1
254,1,5
254,2,3
254,3,4
254,4,0
254,5,5
254,6,1
254,7,4
254,8,3
254,9,3
254,10,0
254,11,5
254,12,3
254,13,5
254,14,1
254,15,1
254,16,3
254,17,4
254,18,5
254,19,0
254,20,5
254,21,5
254,22,3
254,23,1
254,24,4
254,25,4
254,26,0
254,27,5
254,28,5
254,29,0
254,30,0
254,31,3
254,32,0
254,33,4
254,34,4
254,35,2
254,36,4
254,37,1
254,38,0
254,39,3
254,40,2
254,41,0
254,42,0
254,43,5
254,44,5
254,45,3
254,46,4
254,47,0
254,48,1
254,49,0
254,50,1
254,51,2
254,52,0
254,53,5
254,54,2
254,55,5
254,56,1
254,57,4
254,58,5
254,59,4
254,60,5
254,61,3
254,62,2
254,63,4
254,64,2
254,65,3
254,66,2
254,67,5
254,68,3
254,69,1
254,70,2
254,71,0
254,72,2
254,73,1
254,74,2
254,75,4
254,76,3
254,77,1
254,78,5
254,79,0
254,80,5
254,81,5
254,82,4
254,83,0
254,84,1
254,85,5
254,86,2
254,87,0
254,88,3
254,89,2
254,90,2
254,91,0
254,92,3
254,93,0
254,94,4
254,95,1
254,96,1
254,97,0
254,98,5
254,99,0
254,100,4
254,101,5
254,102,5
254,103,4
254,104,4
254,105,4
254,106,1
254,107,3
254,108,4
254,109,5
254,110,4
254,111,5
254,112,5
254,113,0
254,114,3
254,115,3
254,116,5
254,117,5
254,118,1
254,119,3
254,120,3
254,121,3
254,122,0
254,123,3
254,124,5
254,125,4
254,126,5
254,127,4
254,128,5
254,129,5
254,130,0
254,131,0
254,132,5
254,133,2
254,134,1
254,135,2
254,136,3
254,137,1
254,138,3
254,139,1
254,140,3
254,141,3
254,142,3
254,143,3
254,144,4
254,145,4
254,146,4
254,147,0
254,148,5
254,149,2
254,150,0
254,151,0
254,152,0
254,153,5
254,154,4
254,155,2
254,156,2
254,157,5
254,158,5
254,159,5
254,160,4
254,161,2
254,162,1
254,163,1
254,164,1
254,165,1
254,166,5
254,167,0
254,168,1
254,169,5
254,170,3
254,171,2
254,172,2
254,173,2
254,174,5
254,175,4
254,176,5
254,177,4
254,178,3
254,179,1
254,180,4
254,181,3
254,182,1
254,183,0
254,184,5
254,185,4
254,186,1
254,187,4
254,188,5
254,189,5
254,190,5
254,191,1
254,192,3
254,193,5
254,194,5
254,195,3
254,196,2
254,197,1
254,198,1
254,199,4
254,200,4
254,201,2
254,202,1
254,203,2
254,204,1
254,205,2
254,206,1
254,207,0
254,208,3
254,209,2
254,210,4
254,211,5
254,212,4
254,213,4
254,214,5
254,215,1
254,216,5
254,217,1
254,218,4
254,219,3
254,220,5
254,221,5
254,222,0
254,223,4
254,224,2
254,225,5
254,226,0
254,227,2
254,228,2
254,229,2
254,230,4
254,231,5
254,232,2
254,233,2
254,234,2
254,235,1
254,236,1
254,237,3
254,238,4
254,239,3
254,240,1
254,241,3
254,242,5
254,243,5
254,244,5
254,245,1
254,246,0
254,247,2
254,248,2
254,249,3
254,250,0
254,251,5
254,252,2
254,253,5
254,254,0
254,255,4
254,256,0
254,257,2
254,258,4
254,259,2
254,260,3
255,1,3
255,2,4
255,3,3
255,4,5
255,5,4
255,6,0
255,7,5
255,8,5
255,9,5
255,10,1
255,11,0
255,12,3
255,13,4
255,14,1
255,15,2
255,16,5
255,17,1
255,18,4
255,19,0
255,20,5
255,21,5
255,22,1
255,23,5
255,24,4
255,25,3
255,26,3
255,27,2
255,28,1
255,29,0
255,30,2
255,31,2
255,32,4
255,33,4
255,34,1
255,35,1
255,36,2
255,37,3
255,38,0
255,39,4
255,40,2
255,41,2
255,42,0
255,43,5
255,44,5
255,45,2
255,46,1
255,47,1
255,48,1
255,49,2
255,50,5
255,51,1
255,52,4
255,53,1
255,54,5
255,55,1
255,56,5
255,57,2
255,58,4
255,59,5
255,60,0
255,61,2
255,62,2
255,63,1
255,64,0
255,65,5
255,66,4
255,67,3
255,68,3
255,69,2
255,70,3
255,71,1
255,72,5
255,73,1
255,74,5
255,75,1
255,76,5
255,77,4
255,78,0
255,79,3
255,80,3
255,81,1
255,82,5
255,83,0
255,84,2
255,85,1
255,86,4
255,87,0
255,88,4
255,89,4
255,90,4
255,91,4
255,92,5
255,93,3
255,94,1
255,95,3
255,96,3
255,97,2
255,98,5
255,99,1
255,100,5
255,101,0
255,102,5
255,103,3
255,104,5
255,105,2
255,106,3
255,107,0
255,108,2
255,109,4
255,110,5
255,111,3
255,112,3
255,113,1
255,114,1
255,115,4
255,116,4
255,117,4
255,118,5
255,119,2
255,120,4
255,121,2
255,122,1
255,123,5
255,124,0
255,125,5
255,126,5
255,127,5
255,128,1
255,129,2
255,130,0
255,131,5
255,132,2
255,133,2
255,134,2
255,135,0
255,136,5
255,137,5
255,138,4
255,139,2
255,140,2
255,141,1
255,142,0
255,143,3
255,144,1
255,145,5
255,146,5
255,147,4
255,148,3
255,149,0
255,150,5
255,151,1
255,152,5
255,153,3
255,154,5
255,155,4
255,156,0
255,157,1
255,158,5
255,159,2
255,160,3
255,161,2
255,162,2
255,163,0
255,164,5
255,165,5
255,166,0
255,167,0
255,168,0
255,169,4
255,170,2
255,171,5
255,172,5
255,173,0
255,174,1
255,175,2
255,176,0
255,177,5
255,178,3
255,179,1
255,180,0
255,181,1
255,182,2
255,183,4
255,184,2
255,185,3
255,186,1
255,187,1
255,188,1
255,189,2
255,190,1
255,191,1
255,192,3
255,193,0
255,194,4
255,195,5
255,196,0
255,197,1
255,198,5
255,199,1
255,200,4
255,201,3
255,202,4
255,203,2
255,204,0
255,205,2
255,206,0
255,207,1
255,208,2
255,209,5
255,210,5
255,211,4
255,212,5
255,213,1
255,214,0
255,215,5
255,216,3
255,217,5
255,218,4
255,219,5
255,220,4
255,221,1
255,222,0
255,223,5
255,224,3
255,225,3
255,226,2
255,227,4
255,228,0
255,229,5
255,230,5
255,231,5
255,232,5
255,233,5
255,234,0
255,235,0
255,236,1
255,237,1
255,238,0
255,239,5
255,240,4
255,241,5
255,242,5
255,243,4
255,244,4
255,245,5
255,246,2
255,247,2
255,248,1
255,249,3
255,250,5
255,251,3
255,252,4
255,253,4
255,254,2
255,255,4
255,256,1
255,257,1
255,258,1
255,259,4
255,260,4
255,261,0
255,262,5
255,263,5
255,264,2
255,265,5
255,266,0
255,267,1
255,268,5
255,269,3
255,270,5
255,271,2
255,272,3
255,273,3
255,274,1
255,275,0
255,276,3
255,277,5
255,278,1
255,279,4
255,280,4
255,281,0
255,282,3
255,283,5
255,284,5
255,285,4
255,286,4
255,287,3
255,288,5
255,289,4
255,290,2
255,291,1
255,292,2
255,293,5
255,294,2
255,295,5
255,296,4
255,297,5
255,298,2
255,299,1
255,300,1
255,301,5
255,302,2
255,303,2
255,304,2
255,305,5
255,306,3
255,307,2
255,308,2
255,309,3
255,310,3
255,311,5
255,312,1
255,313,4
255,314,3
255,315,0
255,316,3
255,317,4
255,318,1
255,319,4
255,320,0
255,321,5
255,322,4
255,323,5
255,324,1
255,325,0
255,326,5
255,327,3
255,328,0
255,329,2
255,330,3
255,331,0
255,332,5
255,333,5
255,334,2
255,335,4
255,336,4
255,337,2
255,338,3
255,339,5
255,340,5
256,1,2
256,2,0
256,3,2
256,4,5
256,5,5
256,6,4
256,7,4
256,8,3
256,9,1
256,10,5
256,11,0
256,12,2
256,13,1
256,14,2
256,15,1
256,16,1
256,17,3
256,18,5
256,19,5
256,20,0
256,21,4
256,22,5
256,23,1
256,24,4
256,25,3
256,26,5
256,27,0
256,28,0
256,29,1
256,30,5
256,31,1
256,32,2
256,33,0
256,34,4
256,35,5
256,36,1
256,37,4
256,38,4
256,39,0
256,40,5
256,41,2
256,42,5
256,43,4
256,44,5
256,45,4
256,46,3
256,47,5
256,48,1
256,49,1
256,50,5
256,51,1
256,52,2
256,53,1
256,54,4
256,55,5
256,56,4
256,57,0
256,58,1
256,59,2
256,60,5
256,61,5
256,62,4
256,63,5
256,64,3
256,65,0
256,66,1
256,67,2
256,68,2
256,69,1
256,70,0
256,71,0
256,72,0
256,73,1
256,74,0
256,75,4
256,76,0
256,77,5
256,78,5
256,79,5
256,80,5
256,81,0
256,82,5
256,83,1
256,84,4
256,85,5
256,86,5
256,87,3
256,88,1
256,89,0
256,90,5
256,91,1
256,92,1
256,93,5
256,94,1
256,95,0
256,96,1
256,97,1
256,98,3
256,99,5
256,100,3
256,101,0
256,102,1
256,103,3
256,104,0
256,105,0
256,106,2
256,107,2
256,108,5
256,109,2
256,110,4
256,111,3
256,112,5
256,113,5
256,114,0
256,115,0
256,116,4
256,117,0
256,118,5
256,119,1
256,120,0
256,121,3
256,122,0
256,123,4
256,124,5
256,125,4
256,126,2
256,127,4
256,128,2
256,129,4
256,130,1
256,131,5
256,132,0
256,133,3
256,134,3
256,135,0
256,136,3
256,137,2
256,138,4
256,139,1
256,140,4
256,141,5
256,142,2
256,143,2
256,144,4
256,145,0
256,146,2
256,147,3
256,148,3
256,149,4
256,150,2
256,151,4
256,152,4
256,153,3
256,154,1
256,155,3
256,156,5
256,157,0
256,158,5
256,159,4
256,160,3
256,161,2
256,162,2
256,163,0
257,1,1
257,2,1
257,3,5
257,4,3
257,5,4
257,6,5
257,7,4
257,8,3
257,9,2
257,10,4
257,11,3
257,12,4
257,13,0
257,14,2
257,15,1
257,16,1
257,17,4
257,18,3
257,19,1
257,20,1
257,21,2
257,22,5
257,23,5
257,24,0
257,25,3
257,26,3
257,27,1
257,28,0
257,29,5
257,30,2
257,31,1
257,32,0
257,33,0
257,34,3
257,35,4
257,36,1
257,37,2
257,38,2
257,39,5
257,40,2
257,41,2
257,42,1
257,43,2
257,44,3
257,45,2
257,46,3
257,47,5
257,48,4
257,49,4
257,50,3
257,51,4
257,52,4
257,53,5
257,54,4
257,55,1
257,56,5
257,57,0
257,58,0
257,59,5
257,60,2
257,61,0
257,62,2
257,63,2
257,64,3
257,65,1
257,66,4
257,67,0
257,68,5
257,69,4
257,70,5
257,71,5
257,72,0
257,73,1
257,74,4
257,75,3
257,76,5
257,77,5
257,78,4
257,79,4
257,80,5
257,81,4
257,82,3
257,83,0
257,84,0
257,85,2
257,86,1
257,87,5
257,88,2
257,89,5
257,90,5
257,91,4
257,92,2
257,93,4
257,94,5
257,95,2
257,96,5
257,97,5
257,98,1
257,99,0
257,100,5
257,101,2
257,102,5
257,103,0
257,104,5
257,105,1
257,106,0
257,107,4
257,108,1
257,109,3
257,110,1
257,111,4
257,112,2
257,113,0
257,114,0
257,115,3
257,116,4
257,117,0
257,118,1
257,119,5
257,120,4
257,121,5
257,122,3
257,123,1
257,124,1
257,125,0
257,126,3
257,127,5
257,128,5
257,129,5
257,130,5
257,131,5
257,132,2
257,133,1
257,134,3
257,135,2
257,136,5
257,137,3
257,138,5
257,139,2
257,140,1
257,141,1
257,142,0
257,143,5
257,144,0
257,145,2
257,146,0
257,147,1
257,148,5
257,149,5
257,150,1
257,151,1
257,152,5
257,153,1
257,154,0
257,155,3
257,156,5
257,157,5
257,158,0
257,159,5
257,160,5
257,161,5
257,162,5
257,163,1
257,164,4
257,165,5
257,166,1
257,167,0
257,168,1
257,169,2
257,170,0
257,171,4
257,172,0
257,173,2
257,174,0
257,175,0
257,176,0
257,177,3
257,178,5
257,179,4
257,180,2
257,181,1
257,182,4
257,183,5
257,184,5
257,185,5
257,186,2
257,187,2
257,188,4
257,189,3
257,190,2
257,191,3
257,192,5
257,193,4
257,194,0
257,195,2
257,196,1
257,197,2
257,198,4
257,199,1
257,200,4
257,201,3
257,202,1
257,203,5
257,204,3
257,205,0
257,206,4
257,207,0
257,208,5
257,209,3
257,210,4
257,211,0
257,212,5
257,213,1
257,214,3
257,215,3
257,216,3
257,217,1
257,218,2
257,219,4
257,220,0
257,221,1
257,222,5
257,223,0
257,224,4
257,225,0
257,226,5
257,227,1
257,228,1
257,229,3
257,230,4
257,231,2
257,232,5
257,233,4
257,234,1
257,235,3
257,236,4
257,237,0
257,238,2
257,239,5
257,240,1
257,241,3
257,242,4
257,243,4
257,244,4
257,245,2
257,246,5
257,247,5
257,248,2
257,249,0
257,250,4
257,251,2
257,252,3
257,253,5
257,254,2
257,255,1
257,256,2
257,257,3
257,258,1
257,259,1
257,260,3
257,261,0
257,262,5
257,263,5
257,264,0
257,265,3
257,266,5
257,267,1
257,268,5
257,269,0
257,270,2
257,271,5
257,272,1
257,273,1
257,274,1
257,275,5
257,276,5
257,277,4
257,278,4
257,279,5
257,280,5
257,281,2
257,282,1
257,283,0
257,284,5
257,285,5
257,286,5
257,287,0
257,288,1
257,289,2
257,290,0
257,291,0
257,292,0
257,293,1
257,294,1
257,295,5
257,296,2
257,297,4
257,298,2
257,299,2
257,300,0
257,301,4
257,302,4
257,303,5
257,304,0
257,305,1
257,306,5
257,307,2
257,308,4
257,309,5
258,1,4
258,2,2
258,3,2
258,4,1
258,5,2
258,6,2
258,7,3
258,8,1
258,9,0
258,10,5
258,11,3
258,12,2
258,13,1
258,14,4
258,15,5
258,16,4
258,17,4
258,18,0
258,19,5
258,20,0
258,21,5
258,22,2
258,23,0
258,24,3
258,25,5
258,26,4
258,27,4
258,28,3
258,29,0
258,30,3
258,31,5
258,32,2
258,33,1
258,34,4
258,35,3
258,36,0
258,37,5
258,38,1
258,39,1
258,40,0
258,41,2
258,42,4
258,43,3
258,44,5
258,45,2
258,46,5
258,47,1
258,48,0
258,49,2
258,50,2
258,51,5
258,52,4
258,53,3
258,54,2
258,55,4
258,56,4
258,57,2
258,58,4
258,59,0
258,60,5
258,61,5
258,62,5
258,63,5
258,64,5
258,65,0
258,66,1
258,67,3
258,68,5
258,69,2
258,70,3
258,71,2
258,72,0
258,73,0
258,74,1
258,75,0
258,76,2
258,77,3
258,78,4
258,79,5
258,80,2
258,81,3
258,82,4
258,83,1
258,84,5
258,85,5
258,86,3
258,87,3
258,88,2
258,89,3
258,90,0
258,91,5
258,92,1
258,93,0
258,94,2
258,95,1
258,96,4
258,97,1
258,98,0
258,99,0
258,100,1
258,101,4
258,102,4
258,103,5
258,104,3
258,105,2
258,106,0
258,107,4
258,108,3
258,109,3
258,110,0
258,111,0
258,112,3
258,113,0
258,114,0
258,115,4
258,116,0
258,117,2
258,118,5
258,119,5
258,120,2
258,121,3
258,122,3
258,123,4
258,124,0
258,125,2
258,126,5
258,127,5
258,128,0
258,129,4
258,130,1
258,131,4
258,132,4
258,133,0
258,134,1
258,135,2
258,136,5
258,137,5
258,138,0
258,139,2
258,140,5
258,141,4
258,142,4
258,143,1
259,1,4
259,2,1
259,3,1
259,4,1
259,5,0
259,6,5
259,7,1
259,8,2
259,9,5
259,10,5
259,11,1
259,12,2
259,13,5
259,14,1
259,15,2
259,16,2
259,17,5
259,18,3
259,19,0
259,20,4
259,21,4
259,22,5
259,23,2
259,24,4
259,25,2
259,26,0
259,27,2
259,28,5
259,29,5
259,30,0
259,31,0
259,32,5
259,33,5
259,34,3
259,35,2
259,36,4
259,37,1
259,38,4
259,39,4
259,40,2
259,41,3
259,42,2
259,43,1
259,44,5
259,45,5
259,46,1
259,47,1
259,48,5
259,49,4
259,50,1
259,51,3
259,52,0
259,53,2
259,54,3
259,55,1
259,56,0
259,57,4
259,58,4
259,59,4
259,60,1
259,61,3
259,62,4
259,63,1
259,64,1
259,65,0
259,66,3
259,67,0
259,68,4
259,69,5
259,70,2
259,71,1
259,72,1
259,73,1
259,74,4
259,75,2
259,76,5
259,77,1
259,78,4
259,79,5
259,80,1
259,81,3
259,82,1
259,83,4
259,84,3
259,85,4
259,86,5
259,87,1
259,88,1
259,89,3
259,90,5
259,91,3
259,92,4
259,93,5
259,94,5
259,95,1
259,96,4
259,97,5
259,98,3
259,99,3
259,100,5
259,101,2
259,102,5
259,103,0
259,104,1
259,105,0
259,106,5
259,107,2
259,108,0
259,109,0
259,110,5
259,111,4
259,112,0
259,113,4
259,114,1
259,115,3
259,116,5
259,117,4
259,118,5
259,119,1
259,120,5
259,121,0
259,122,1
259,123,5
259,124,4
259,125,4
259,126,3
259,127,5
259,128,0
259,129,1
259,130,1
259,131,5
259,132,0
259,133,5
259,134,5
259,135,2
259,136,1
259,137,5
259,138,5
259,139,3
259,140,3
259,141,3
259,142,5
259,143,5
259,144,3
259,145,5
259,146,0
259,147,3
259,148,3
259,149,2
259,150,5
259,151,5
259,152,0
259,153,1
259,154,2
259,155,1
259,156,5
259,157,0
259,158,4
259,159,2
259,160,1
259,161,5
259,162,1
259,163,2
259,164,3
259,165,1
259,166,1
259,167,5
259,168,2
259,169,5
259,170,5
259,171,0
259,172,4
259,173,2
259,174,4
259,175,3
259,176,4
259,177,1
259,178,1
259,179,5
259,180,3
259,181,0
259,182,2
259,183,5
259,184,0
259,185,0
259,186,4
259,187,0
259,188,5
259,189,0
259,190,4
259,191,2
259,192,3
259,193,2
259,194,3
259,195,3
259,196,5
259,197,1
259,198,1
259,199,1
259,200,5
259,201,2
259,202,5
259,203,3
259,204,3
259,205,5
260,1,4
260,2,2
260,3,5
260,4,5
260,5,5
260,6,5
260,7,3
260,8,3
260,9,1
260,10,5
260,11,3
260,12,5
260,13,0
260,14,5
260,15,4
260,16,3
260,17,2
260,18,1
260,19,1
260,20,1
260,21,0
260,22,4
260,23,3
260,24,2
260,25,0
260,26,5
260,27,2
260,28,2
260,29,1
260,30,4
260,31,3
260,32,5
260,33,1
260,34,3
260,35,0
260,36,1
260,37,5
260,38,2
260,39,3
260,40,0
260,41,0
260,42,4
260,43,1
260,44,5
260,45,5
260,46,4
260,47,5
260,48,2
260,49,3
260,50,0
260,51,2
260,52,1
260,53,5
260,54,2
260,55,0
260,56,4
260,57,2
260,58,2
260,59,5
260,60,1
260,61,0
260,62,0
260,63,5
260,64,5
260,65,2
260,66,3
260,67,5
260,68,3
260,69,4
260,70,2
260,71,5
260,72,0
260,73,3
260,74,5
260,75,0
260,76,5
260,77,4
260,78,0
260,79,1
260,80,2
260,81,3
260,82,1
260,83,4
260,84,3
260,85,2
260,86,4
260,87,2
260,88,4
260,89,4
260,90,1
260,91,5
260,92,5
260,93,3
260,94,2
260,95,4
260,96,5
260,97,3
260,98,0
260,99,0
260,100,5
260,101,3
260,102,1
260,103,0
260,104,0
260,105,1
260,106,5
260,107,5
260,108,5
260,109,5
260,110,0
260,111,5
260,112,1
260,113,0
260,114,5
260,115,3
260,116,1
260,117,3
260,118,5
260,119,3
260,120,3
260,121,0
260,122,1
260,123,5
260,124,2
260,125,2
260,126,2
260,127,3
260,128,1
260,129,1
260,130,2
260,131,3
260,132,4
260,133,5
260,134,3
260,135,1
260,136,3
260,137,4
260,138,5
260,139,5
260,140,2
260,141,3
260,142,2
260,143,5
260,144,5
260,145,1
260,146,1
260,147,5
260,148,4
260,149,4
260,150,5
260,151,1
260,152,5
260,153,0
260,154,3
260,155,5
260,156,1
260,157,0
260,158,5
260,159,0
260,160,0
260,161,3
260,162,0
260,163,4
260,164,1
260,165,3
260,166,1
260,167,2
260,168,4
260,169,5
260,170,3
260,171,2
260,172,2
260,173,5
260,174,1
260,175,3
260,176,0
260,177,4
260,178,4
260,179,0
260,180,1
260,181,0
260,182,3
260,183,3
260,184,5
260,185,1
260,186,5
260,187,2
260,188,5
260,189,3
260,190,1
260,191,4
260,192,0
260,193,4
260,194,0
260,195,4
260,196,2
260,197,5
260,198,4
260,199,2
260,200,5
260,201,1
260,202,5
260,203,2
260,204,4
260,205,5
260,206,2
260,207,4
260,208,2
260,209,1
260,210,5
260,211,1
260,212,4
260,213,5
260,214,0
260,215,4
260,216,3
260,217,5
260,218,3
260,219,2
260,220,0
260,221,0
260,222,0
260,223,4
260,224,2
260,225,5
260,226,5
260,227,1
260,228,4
260,229,2
260,230,1
260,231,4
260,232,5
260,233,0
260,234,4
260,235,1
260,236,5
260,237,4
260,238,1
260,239,1
260,240,3
260,241,5
260,242,3
260,243,2
260,244,2
260,245,5
260,246,3
260,247,2
260,248,0
260,249,0
260,250,1
260,251,5
260,252,5
260,253,1
260,254,5
260,255,2
260,256,0
260,257,0
260,258,0
260,259,5
260,260,3
260,261,2
260,262,5
260,263,5
260,264,3
260,265,5
260,266,5
260,267,4
260,268,1
260,269,5
260,270,4
260,271,1
260,272,1
260,273,3
260,274,3
260,275,1
260,276,3
260,277,5
260,278,5
260,279,4
260,280,4
260,281,0
260,282,0
260,283,4
260,284,3
260,285,2
260,286,3
260,287,4
260,288,5
260,289,5
260,290,1
260,291,3
260,292,5
260,293,2
260,294,5
260,295,2
260,296,5
260,297,0
260,298,5
260,299,5
260,300,1
260,301,3
260,302,0
260,303,0
260,304,2
260,305,4
260,306,0
260,307,0
260,308,3
260,309,5
260,310,1
260,311,0
260,312,2
260,313,1
260,314,3
260,315,3
260,316,4
